A,B,C
59,0.2473667676305744,49
75,0.17984269094659322,86
93,0.09857140683645349,3
61,0.29701349137496513,68
45,0.3344195026293467,76
10,0.03332747740111175,77
57,0.8956225179045846,59
2,0.6403487467758865,22
89,0.7673711566839714,89
11,0.36468581424517177,54
1,0.46756670060024963,51
73,0.3169727014683704,86
18,0.6103202188863134,16
43,0.8379337039192292,75
75,0.3206835288715618,49
17,0.18028995001358727,77
83,0.6668663563017899,80
35,0.3708867763795818,41
48,0.42395548996585375,72
57,0.707624544981361,94
6,0.2860337296329466,32
81,0.14163534929662436,4
64,0.17583089571437482,61
24,0.363063341102432,73
85,0.9231874517195658,67
53,0.2414621646202103,53
19,0.7522804440106112,29
88,0.29010494641233353,67
77,0.6773583205044077,77
11,0.477162276652075,62
57,0.8270082380189263,9
46,0.8333971867757384,42
51,0.6862310236856095,17
20,0.4231857749630885,55
59,0.11344861884366264,7
11,0.7727496406430326,43
3,0.13238547741995632,78
60,0.6239255519820899,52
88,0.22294645408443348,65
39,0.11115256946957097,54
73,0.15014480112156658,45
37,0.021565206259303582,30
22,0.19379720808101142,17
42,0.02079191674702785,79
77,0.3662845853738935,42
76,0.11095240127203299,39
63,0.662247757866648,17
41,0.21887636652507092,73
16,0.49084009303098797,20
76,0.04673949348733697,81
49,0.28462029824754975,51
99,0.3838071627434325,65
68,0.9377987065649921,44
99,0.5190254624460607,68
5,0.5338840959734898,10
35,0.2898974315992683,24
77,0.03895237241298244,99
43,0.31950861705925815,2
95,0.26055667367417157,79
40,0.7565035360479002,96
11,0.8444550303582296,75
91,0.4701599812146977,17
44,0.7550900704446011,8
17,0.4419890676456194,56
90,0.9460145715758457,22
3,0.2702004701900744,68
61,0.7036618577789627,60
83,0.4020006853303607,97
9,0.8630588489116798,94
65,0.8543201096264079,85
8,0.5638941615655015,97
69,0.32243241183085536,39
45,0.9420604611629758,67
5,0.910202822640216,69
64,0.985068830064518,91
25,0.5090572687426083,83
50,0.26767683265057085,50
53,0.809135935628431,7
33,0.875551440829208,26
45,0.42487140913547816,8
12,0.5430401431994263,95
11,0.06991796461647759,35
54,0.7083096050721751,27
31,0.6932439540253482,30
33,0.0032992620238490034,33
38,0.9485559055249848,55
94,0.7093246743071617,38
30,0.7581052821762043,61
30,0.7753497883725211,78
18,0.7986716803791561,33
10,0.14139997866919984,14
67,0.09987819146270782,96
1,0.9560475208974151,18
65,0.7754310439426881,61
93,0.5117100484158987,37
42,0.9494092838336711,54
24,0.45687322166852706,22
64,0.1112785188139388,62
79,0.41887743014377776,92
87,0.4959478258493941,50
45,0.04077150017301501,99
22,0.8962747726414912,75
20,0.37186068619428436,15
19,0.747662631069978,46
38,0.14908771515974828,30
33,0.5799320929204503,74
71,0.14680974876114838,92
22,0.8604397587693905,75
59,0.6881620482283637,51
49,0.7869531763629003,91
78,0.42904043479841714,32
62,0.8604692293324625,6
70,0.14625629797897877,28
52,0.46365340024215773,32
84,0.11171610507822827,27
92,0.8309322438007611,70
97,0.5604454193804081,38
76,0.15441315776097053,63
98,0.8837500773555328,86
71,0.018183775316068074,81
10,0.8515970166554273,28
40,0.2327652536699394,98
86,0.817787832544497,90
10,0.43380023226615716,37
62,0.4842990718725013,59
95,0.5894865363731465,38
20,0.909154577881631,63
84,0.7367159275764161,86
11,0.7361450932476153,87
34,0.07650417363511419,32
83,0.9358946049373784,86
27,0.15888080829504103,55
75,0.9294731330110523,86
20,0.8532482854275558,60
72,0.44875203229428606,19
1,0.1162463616787609,25
31,0.8201358435298873,27
70,0.7397311121382254,27
56,0.11363446125930221,44
19,0.19944213954015955,65
92,0.8167207364087454,69
66,0.1037425141138908,2
55,0.19318722487629292,84
39,0.5084868795330768,95
67,0.6500257826824418,79
27,0.16122329730475393,96
64,0.8309651978699067,64
64,0.3488709479947836,51
17,0.06416834491922929,58
18,0.18957304774852024,40
32,0.13857864742924053,48
20,0.4388834909669729,79
72,0.1494036430082759,84
7,0.9317481655529364,19
32,0.4508284589691559,81
55,0.2511829027247755,79
1,0.5661099282282316,83
79,0.5499262697414972,50
77,0.5702625488807093,16
94,0.6331208517625595,39
36,0.3050592173340445,31
83,0.9075326808899921,23
21,0.17745279217513366,36
48,0.5567354530406605,81
73,0.020994713966428935,3
98,0.016171278470673345,10
71,0.06331483267930271,83
92,0.8393318580558377,38
40,0.3628542457258085,76
15,0.049674458674479394,40
88,0.11924937107367262,48
40,0.4836796374937087,65
28,0.3959446720641353,54
27,0.446431512746459,86
28,0.2850073190427035,67
85,0.8085789576420941,23
71,0.07102033084203674,63
45,0.8924526135287542,3
81,0.7441036260534462,97
14,0.5998325343243379,22
43,0.4394621084149868,45
19,0.8071974666892663,26
96,0.045511974521091125,13
54,0.6935089582380536,76
3,0.8766653689521033,35
93,0.18167041492782077,30
78,0.2486243565246571,84
64,0.33809314912956634,3
10,0.782544661693491,66
73,0.8902101183759372,51
55,0.6325427302999371,65
77,0.768557853587984,90
14,0.5311047381238916,29
50,0.31971779670139455,45
17,0.20280672048189274,29
41,0.9273216516153627,40
64,0.3723293923247495,8
45,0.9777489410036914,10
55,0.0060068986013182,33
90,0.9843249571943655,75
62,0.8252940459473622,71
65,0.3564853986946046,15
10,0.8622567518936446,53
19,0.6683771303930401,11
52,0.16172426546214191,16
70,0.708209775160085,34
22,0.24802270953762506,2
4,0.8247266854179516,14
24,0.49285260279048815,62
8,0.2794164614500958,67
78,0.22179519263714542,79
92,0.12900867057288734,73
92,0.5916311763393615,48
49,0.7187060745034387,57
72,0.307803286518072,94
76,0.35580405478784893,39
93,0.011815356889972595,16
4,0.7445677658042789,63
71,0.8216244997787595,60
20,0.3929636426682761,40
2,0.9351181706847521,70
37,0.9730617360308136,63
70,0.4702162155850209,77
93,0.07110147673022194,64
53,0.8289003806253011,75
42,0.33964017619055475,12
10,0.6326072096973623,59
92,0.8659714554128771,85
30,0.8021404405481214,11
25,0.5990778605027912,15
98,0.5477322043598499,31
37,0.1649989984444843,27
13,0.26559485166648134,24
44,0.7821258978335025,21
39,0.7566537623632437,5
95,0.2245675402766394,86
79,0.4524419098739001,82
11,0.8642033215682464,96
34,0.14563702895106223,42
10,0.03593596866186943,57
45,0.7830592132767566,91
43,0.8865925761034849,14
36,0.017803024501234277,55
92,0.3760991411660889,80
75,0.7423180457893823,19
37,0.6970136841407462,82
83,0.15775693570118798,6
41,0.8529085354622724,64
67,0.9735863014373682,60
56,0.31276408828500724,8
76,0.5350891350242148,98
31,0.3957375501624991,47
91,0.5369000483226414,98
14,0.9427242306986883,32
80,0.4636818938695223,60
62,0.7575251614077371,99
68,0.8832546079873725,4
12,0.9213530729262003,31
5,0.8967489294889126,98
8,0.5622527777872282,88
56,0.24059836268517232,15
80,0.33354768427970727,17
90,0.31635872130694553,23
78,0.9217161047123079,44
92,0.16137271083066163,66
22,0.5131992201398365,84
16,0.7258927998458594,82
24,0.046665554092943595,4
17,0.0965741729926547,74
75,0.1518157274202101,12
47,0.9604242284711081,76
68,0.7221890629941845,1
64,0.7622174368909835,17
87,0.0678741385923296,63
66,0.6717159595364275,26
78,0.9480644245510927,59
91,0.9535649178801684,27
82,0.481191562428789,24
64,0.12146683763028732,31
7,0.672603337465635,53
66,0.6484666623300968,3
91,0.8563461278159715,71
65,0.960015226904941,79
27,0.11043475418314375,22
4,0.9664231058886809,72
13,0.4698310914569275,4
55,0.719960244408998,81
68,0.2962603040723525,51
40,0.13588770111743764,49
70,0.16536122794576258,55
2,0.3529856969934623,54
27,0.8659689445017282,41
17,0.18478775366704314,53
35,0.07918864904592582,64
79,0.8814922623118987,79
57,0.26287994057665953,60
66,0.003522966560539742,89
76,0.6391904189184963,1
85,0.07157995467677158,30
58,0.3192883017534134,12
6,0.8898879329406081,66
79,0.4163670291830438,73
28,0.9692895031103251,21
68,0.9465610723308516,47
11,0.6304492656388841,13
93,0.8195316218263857,13
34,0.9776370790236237,34
3,0.6468365295716819,42
83,0.47738270747913714,46
71,0.7282310254499447,68
27,0.40620338039737247,57
47,0.6701235797641161,5
40,0.18159211702623979,50
43,0.6590822409232169,43
83,0.06699719125139303,42
10,0.2866385010806749,62
84,0.20572020927148615,3
2,0.3689954925555937,98
43,0.6713009186751865,71
55,0.6337411928904267,99
72,0.8647830574021595,43
77,0.3707523488758736,18
18,0.7676942102995056,74
22,0.6585489678012396,11
39,0.33311228419184913,77
33,0.5140420207725076,1
3,0.6013630174005228,91
85,0.15558843092619812,27
77,0.02088699315812681,53
7,0.02350822574066569,28
37,0.08605836040808901,10
8,0.41253993892363294,11
32,0.27993131734012866,45
25,0.49112431405378587,83
85,0.5346104255301172,92
34,0.5267100733121979,91
41,0.7780485884043238,29
96,0.8571807300405723,64
92,0.6039949093382141,30
31,0.3070008106489478,91
14,0.7944541848401031,69
9,0.08020319905879059,18
56,0.5414214419622094,42
73,0.0012054107975325579,32
76,0.7779898283445573,6
89,0.8478359206680666,99
72,0.42678099715134676,37
69,0.805261928673047,65
11,0.8552868796117945,25
6,0.8502915463952387,44
23,0.9064243431053095,65
65,0.9394078611301605,19
13,0.6042828246487503,26
75,0.7852765517065252,31
88,0.29773981997908483,20
59,0.23243633433967315,39
52,0.12051625592719806,47
69,0.7079746417348936,43
69,0.36310091784883625,11
91,0.9505098293891888,28
32,0.7546258811023006,83
99,0.4006181587887533,38
64,0.05558811771795957,97
60,0.27403876066183896,81
37,0.9698763041257018,51
77,0.44432094457112303,37
59,0.9859395794682926,11
94,0.41374755796887885,59
31,0.3678532169880959,71
97,0.43121823882296795,12
9,0.00427041111931914,36
37,0.9452152382447906,62
1,0.07634985844921505,89
46,0.6841215635437551,41
40,0.9947809739144696,31
83,0.7728118349461911,93
51,0.17174797675085562,34
38,0.055784873299744464,19
62,0.8317136345595332,77
51,0.17028762660234176,48
57,0.7202504233633273,85
8,0.09522893920195485,14
32,0.6549900211276586,88
57,0.41993956925198583,15
39,0.31132183141388303,57
12,0.5114744333339349,45
14,0.17551639008836584,81
17,0.3153087996608749,76
55,0.6655717591475216,25
27,0.3915370196183994,10
5,0.989327251731039,13
70,0.5115634182777157,51
93,0.26497020641981706,59
65,0.9430645966160667,29
78,0.36069051170274546,86
89,0.802015614649852,32
10,0.44498908712401464,95
76,0.6720528134462322,4
29,0.23555715723860737,68
2,0.9242103155918867,8
32,0.9271638770370054,55
39,0.9995470380902018,78
87,0.3479533469945173,17
58,0.9769846334918886,89
25,0.1059033446214277,67
83,0.9915670993362844,29
31,0.9760864970412164,26
32,0.06963398262745202,55
9,0.819993087838913,27
32,0.1136287539694113,3
72,0.9474337834711716,68
39,0.4818057540639952,78
10,0.5455901219194247,49
88,0.45384405377802817,41
77,0.4060813612289019,6
95,0.9828019907175095,5
18,0.9019098848542645,85
66,0.12244247900672456,93
39,0.5540174551840383,46
74,0.7466351083166143,15
30,0.6080224918624368,95
16,0.3585012681117299,87
18,0.3325507782860677,18
38,0.18111443136027316,55
92,0.23706841743864338,68
15,0.26746910458241613,68
80,0.355245238101664,3
75,0.7216835070297354,96
62,0.029275206675105303,82
60,0.9777772445592227,61
45,0.48408082431096355,87
29,0.9396023662303556,76
92,0.6228481011584546,11
71,0.8102832679624334,18
20,0.41962775159126786,64
55,0.5530148059877936,45
93,0.7521109407263621,1
28,0.3466825453337109,43
29,0.9452578076164148,38
57,0.019287162249704726,75
86,0.332237882468325,90
23,0.0916486022010381,3
1,0.47222974504015813,46
54,0.01099088789259195,6
16,0.9162844006776765,98
69,0.6406385069304226,50
36,0.27729396576831333,13
11,0.22895982165889928,82
82,0.5654612595422183,2
80,0.0035253358074353036,56
94,0.41088656656952194,47
28,0.054028006580752685,92
79,0.16026017696185468,99
21,0.02353948162196373,41
61,0.7064475359349902,55
25,0.8579742065308934,74
61,0.20629108461558687,8
69,0.5376301977396419,52
52,0.21423565608841333,36
63,0.18054343309575094,16
13,0.050480477452546246,79
42,0.8574348976250538,33
90,0.17166347161336049,4
74,0.12026984616975189,60
26,0.057342957890026636,8
34,0.12152977637411877,32
36,0.9198854955320218,86
61,0.20776446393925474,41
15,0.0991179469685931,93
41,0.6315549721301972,7
66,0.2305313860494741,9
83,0.3555180213259521,51
86,0.9499721463656419,68
45,0.8024298691892905,15
45,0.7175582662687613,18
94,0.3520088608066082,23
33,0.7619593211952064,67
70,0.024747478045893834,56
78,0.007891359311670065,80
75,0.7204077103100583,43
71,0.8075009563292319,91
58,0.6685657623975618,14
11,0.38996800210600935,34
1,0.05390651083412468,85
49,0.9430096660513129,78
74,0.9824304133720582,87
51,0.16694471336130434,2
7,0.4428566836806367,31
47,0.8686768536738042,31
45,0.014425327696047652,36
69,0.11113717210071083,65
79,0.09680027319624451,32
2,0.3400103849454934,4
5,0.853516700238512,75
31,0.5126703354746309,22
12,0.9613931275923507,51
49,0.8084543454141236,49
47,0.09513590055035459,35
56,0.024928452838996695,8
94,0.23595432657247195,48
99,0.8759937463779511,87
74,0.8340202494599506,80
44,0.019034926403018737,31
52,0.8355508603905086,98
40,0.698226625846775,15
27,0.8938350239703262,87
96,0.30630756842698925,52
70,0.54443838016765,60
61,0.5818262636216325,79
49,0.8501505167256813,60
83,0.06931592275023035,37
53,0.2699189296353913,82
33,0.9535564153567827,83
35,0.6744476852628776,89
77,0.9955433178163904,74
86,0.18003624598222912,13
61,0.06907352750382811,54
71,0.6540360349880612,6
72,0.06569825951881458,20
56,0.005365838086334507,6
17,0.04536075021315733,47
46,0.3650134697896167,10
97,0.924408605174492,95
31,0.7266154817204761,60
40,0.6363204147877217,2
47,0.7627299968436946,11
41,0.4178103148851241,67
19,0.25085738815504655,21
79,0.7659395654418877,81
62,0.6578500649621841,97
68,0.6971583599142879,5
72,0.763446842868107,79
89,0.7874869581570735,77
40,0.24981147492748135,84
26,0.2566523863626583,55
59,0.12260011081971234,27
45,0.06950445484988366,54
98,0.33280860823522884,45
34,0.05481985124484834,75
86,0.04992174428650842,79
26,0.850540857703995,81
83,0.8332931226130346,96
77,0.20811493934255654,79
26,0.23464336755947401,92
77,0.7544467941059801,70
12,0.6936975657982055,95
44,0.9495794799816092,16
61,0.17048286012371638,62
89,0.27945017158864627,77
5,0.6435687334336149,2
60,0.07217293890152743,43
90,0.3950885289839655,36
16,0.8208959544668266,91
37,0.3990197991067619,91
72,0.8580071170255944,46
1,0.5461093216781476,2
57,0.14053248555941444,74
29,0.8547242952067741,82
42,0.08565244894144797,88
27,0.5370950767431254,32
92,0.44553305458834125,44
12,0.813941309489491,27
10,0.5910616664076725,94
78,0.4559512685158341,1
53,0.051293736262870704,76
93,0.6275227115419396,14
68,0.08726357247957361,47
88,0.987445447063207,77
7,0.95933060694056,82
51,0.6585536673462238,7
42,0.6567373092480506,23
38,0.5509095525569009,71
48,0.6526555871939302,73
35,0.17702248671027276,94
98,0.4987595067640218,31
86,0.9823339658994583,80
56,0.9365074455276431,87
36,0.7991673813547531,75
38,0.9470914488709219,70
54,0.0726631532962051,27
5,0.7873534003933258,8
80,0.6755623152454914,82
8,0.0036201198421811354,83
29,0.24436974760175156,17
56,0.6425595664232666,23
2,0.5122262190459418,52
90,0.024861805436023787,56
68,0.010400408142782203,15
21,0.3067315795155826,93
98,0.5529547205586427,1
62,0.8102479251434522,96
62,0.3382103192519741,8
77,0.44840692429643114,99
11,0.32289594862285753,93
83,0.7904706599342066,92
78,0.3401130278035809,72
58,0.5223602204328116,40
7,0.4033801253745748,62
10,0.5155224671896115,23
87,0.3623069884416048,16
46,0.037955339999014015,37
34,0.8004278507840288,75
33,0.11725163270408734,27
34,0.30647598438746537,8
38,0.9543923453056655,73
53,0.019582934519288497,52
90,0.373746505040487,43
12,0.01711202049804017,25
15,0.9064037531629434,17
64,0.7433621997886879,65
6,0.9692409337475666,76
58,0.03335753992000434,93
66,0.11184613545576716,28
38,0.1367658780588834,42
94,0.26322723541252424,75
68,0.9049272460130944,84
93,0.1882738872344002,35
28,0.3365682611530292,50
46,0.14604403952494582,55
61,0.8939095225672321,92
72,0.8713870285486888,26
37,0.2529266016787288,1
97,0.3808223964375532,10
74,0.19284466062113237,1
32,0.4872944691927894,94
73,0.1690076089565623,64
94,0.12054319966534277,95
99,0.19043891477693675,85
23,0.4116690709298645,40
8,0.4229027279250075,51
89,0.9868743782515634,98
50,0.08896606484585412,70
81,0.13979206592034032,29
21,0.07388998902889987,95
38,0.8101035096573146,42
21,0.5551642832676643,15
63,0.3606442622830601,51
46,0.7498213015319483,87
75,0.15506758083295513,63
13,0.888899994760189,71
36,0.13729625630604414,3
6,0.4376411053149558,48
74,0.5809753083323909,18
37,0.022973700140768716,54
4,0.148803456433379,22
74,0.5219049598120193,50
73,0.5754790687150002,77
36,0.8169683998727272,79
72,0.4256574607030055,76
60,0.08323816571463227,9
7,0.4262595801339696,80
75,0.23890002395793708,64
67,0.9964620556796625,76
2,0.7386326078173766,88
81,0.18983222015279633,60
19,0.4198250333108495,29
76,0.3538256842843488,46
99,0.6303315696726636,91
26,0.6513785752475998,73
79,0.9083733895150261,97
8,0.8066528006380015,79
11,0.568573959258329,90
28,0.6122814907147768,25
75,0.8107244017479064,43
6,0.7601750853681613,52
93,0.09889529132652797,99
22,0.0829267366439681,55
75,0.4763703295964584,35
15,0.700152324926558,13
1,0.27217878889184954,30
29,0.9135154407431763,10
11,0.9780639012286009,53
14,0.7229481787989789,2
25,0.22668637335528474,36
35,0.768832882544392,69
35,0.9379038352297794,88
62,0.5019736349846343,34
38,0.2605273790145217,86
40,0.6525846711104072,31
81,0.37276391964912226,73
66,0.8941241767788604,77
9,0.5726679832104319,51
63,0.06909308059404307,65
66,0.7809463501489432,44
37,0.4944889635532753,32
51,0.6936299217859846,1
48,0.03373810472261296,57
56,0.6648938398988697,69
79,0.8401823777434821,72
27,0.006227905803972367,68
20,0.9241955534169021,99
15,0.755835445603385,37
2,0.570824214326262,23
5,0.892593612360504,36
57,0.5760244676554348,9
4,0.19812287591964362,41
57,0.06924269691549567,13
75,0.11178612127424659,9
67,0.08381063352317653,25
70,0.012592054027368405,60
1,0.5922418078004739,70
86,0.8371350477674663,88
57,0.34783986722663296,78
48,0.731211463607121,14
54,0.42286342188477444,85
35,0.43458219270126586,63
33,0.02354220868253376,92
71,0.44210975408350583,61
96,0.25342870508556736,69
90,0.5258982469343885,71
47,0.42588070045949433,50
19,0.12145503736288665,90
30,0.8039044327566334,36
66,0.2800958475406843,19
48,0.40929725501701375,48
64,0.32055050338778335,85
63,0.18717271439590533,99
3,0.29080554067776054,48
21,0.12346086381915677,87
77,0.36183965759300507,79
54,0.9146944839843989,12
25,0.9290265491506482,90
58,0.827763168809914,96
20,0.5675357547661027,25
2,0.5406714856577026,29
39,0.9968698232889759,97
15,0.8611841425615467,65
25,0.9224627651556617,60
99,0.6728454336708227,71
41,0.5994928994744073,27
84,0.40705433811100966,54
15,0.6924576444431969,62
52,0.22579708390465758,36
38,0.8136785674968966,75
91,0.1872033071698681,87
42,0.2724753476890829,47
3,0.4189014725995196,57
35,0.7433289216130442,14
91,0.8981970364035241,82
38,0.35060368664537156,20
13,0.039546983256697366,53
89,0.28957936534922546,61
64,0.8054745926567662,48
38,0.6063372666042571,33
2,0.06211039451429201,49
35,0.19422007360625004,63
91,0.9138330646041148,50
98,0.7212624120966548,36
53,0.9789970685688184,59
87,0.9645858862826061,31
89,0.5860515465598239,99
79,0.22615600216260845,87
47,0.4885255329663366,53
34,0.17885815353109946,39
78,0.9871913309890339,85
68,0.40189037526436144,59
24,0.8275877577080223,59
92,0.4691697809831863,43
93,0.909803273263746,1
49,0.38295131513756064,42
41,0.38906306723447637,68
11,0.3256437727459447,63
88,0.5325566509104215,10
46,0.8219992718308825,69
36,0.44760967524274,75
73,0.017192848409383177,29
7,0.27048342402212233,12
47,0.9219709113233199,6
92,0.5255206644074937,80
44,0.6863821117656682,13
89,0.905403185625791,26
84,0.8360087853582667,49
19,0.497962642790001,35
52,0.05547995108139747,61
70,0.639347178150819,64
21,0.37374571565355985,48
25,0.15745609017210627,3
89,0.45900320276465334,1
16,0.33011951133812767,24
24,0.5859528515478644,89
41,0.2312297453918749,20
5,0.551447470983834,87
2,0.015199789215694204,29
26,0.17107756131999807,97
14,0.03701548696954937,72
5,0.9402545295686531,6
44,0.8099230547398579,37
19,0.4400608789882233,8
93,0.643982045404332,22
31,0.9005677291782337,3
39,0.2561331555417482,37
47,0.7881725590711017,16
7,0.2077244208273804,98
60,0.5983627314453461,91
84,0.5908380625951155,7
43,0.6789912332069066,71
34,0.7984492573280888,71
90,0.3310562532975788,46
24,0.48405596917755056,8
61,0.47856299268028435,14
74,0.7466064091927153,70
3,0.5264761224529043,28
55,0.39210072246581795,48
20,0.24619508672749257,75
4,0.5341448278449301,76
43,0.5252675987348312,38
42,0.8874136379483152,12
93,0.9695543298241653,53
6,0.23487727121652824,23
42,0.9825623965540756,71
44,0.12771374657799195,54
37,0.6472388060602658,27
88,0.31395759138308055,96
55,0.29763124397648766,39
48,0.06450331517022223,57
3,0.10858363922744296,71
58,0.1861079480244452,76
41,0.21444118499717324,27
14,0.09548240382345508,72
64,0.685800497111831,73
34,0.5774849663066933,51
16,0.14413911700454052,42
43,0.6848699350932178,78
93,0.833304931698109,39
28,0.3010376314458213,89
21,0.25476090676769847,21
21,0.10975772637929404,20
37,0.08819001781951319,70
74,0.6545261034701519,74
32,0.8075807525465467,39
48,0.44107731345146184,31
38,0.8112904935119154,73
50,0.19584716890762532,23
1,0.769149960414564,1
17,0.6351470102972634,99
90,0.39206931784510124,76
53,0.8729956346765768,52
54,0.539676396144527,22
16,0.16514549568876746,5
85,0.7214250482033919,75
88,0.17649783104841554,40
83,0.029521185324369204,48
4,0.7306786085762098,86
65,0.4252511180357085,90
87,0.33777221049230977,45
63,0.9055647619339724,45
41,0.5922686557342904,45
65,0.5212338963118958,4
94,0.5823380657038123,8
81,0.36988398893097585,55
81,0.021420249706258998,86
68,0.7499028390323088,9
63,0.7897098334502914,49
90,0.05066131965460563,94
91,0.5468922107855022,31
47,0.5700733003410682,97
19,0.40876142891970724,46
5,0.7591984314849866,96
92,0.15682906051501633,66
13,0.06733971687706786,29
16,0.046367492709362024,99
12,0.4749763741882135,43
76,0.4649432682908088,91
21,0.6736790126819211,90
2,0.8162598618389854,76
90,0.5120510665662076,40
83,0.7341075445991984,46
18,0.021459813976417497,88
9,0.15842039114775197,64
14,0.34648665776440635,24
54,0.13835569603511966,42
66,0.9620307138106056,46
65,0.3915926064044528,13
98,0.490303115707712,66
29,0.4446239627482911,87
18,0.6445551562833536,45
83,0.8615213996879306,80
40,0.8918781017807542,67
40,0.6207760500175941,99
21,0.9636807017140303,94
3,0.2747465946943687,43
16,0.31808560745660786,57
38,0.7196760531902511,88
53,0.3166529413085173,99
78,0.7088882241349209,64
38,0.7967996432588657,28
7,0.6949471857868177,54
23,0.8135528287634957,64
65,0.5690589316387636,77
23,0.08962401455412827,64
96,0.6321776064139984,29
49,0.20701555112853653,23
17,0.9031189667207914,77
9,0.18742335522799747,21
22,0.5324038907739017,95
40,0.30420891125993443,89
62,0.26227584788292035,60
74,0.48689924726392886,7
38,0.89509158133534,38
59,0.20494346139174202,96
84,0.12106056256316744,69
20,0.08737210227522263,96
78,0.9330872478165266,48
81,0.32860225016692024,25
96,0.3831205127847187,76
68,0.06026536665738136,22
37,0.8669330829233702,48
83,0.6730297389383274,42
77,0.3204776720006801,96
23,0.47783779823884287,7
41,0.011361801417308692,44
34,0.9869576447759526,78
96,0.9465136739074498,88
52,0.42535040309799055,67
20,0.5021283288347989,53
32,0.45117600661473234,97
55,0.6350393022458906,1
42,0.8535478819185618,84
85,0.07548982597815912,4
70,0.8867296470367694,63
2,0.3644601541490968,64
60,0.6847463617404098,14
59,0.5475866937033637,35
94,0.8208260298689823,99
91,0.879703156749668,26
83,0.017094985937761265,55
1,0.3195274611133426,88
56,0.45809606986589857,66
30,0.004634392262343967,92
51,0.9006224739452953,69
50,0.29052841690567643,39
60,0.642208235208,88
99,0.7033109337541376,24
76,0.5823876072510443,79
4,0.3659516099650507,85
8,0.3421871043000707,2
44,0.6060822015079946,32
4,0.5116747772242671,9
36,0.007034282456009122,56
96,0.9968973462465855,14
97,0.8274532411150255,60
57,0.013407371481619856,42
12,0.5750290650250831,94
16,0.8930001912315896,10
79,0.9526475233399728,59
28,0.09403417168341766,87
4,0.5560574524812779,9
65,0.7487576035452868,88
99,0.7154675253152075,37
81,0.2943232858510305,60
68,0.09886336207651303,90
87,0.6523032276787829,36
35,0.748992887498338,56
45,0.700304350934303,64
58,0.989170564920632,76
12,0.4822121351306887,78
33,0.9627838838636361,29
91,0.7643902883127509,37
56,0.9807339120957327,39
68,0.3527008746989123,53
66,0.3951155943775009,65
85,0.2256935536359731,36
85,0.2426529396690239,86
25,0.7835775361470699,57
4,0.23056610775603592,64
76,0.6735130922786777,24
5,0.06981455295469807,71
76,0.08741021443945729,49
21,0.7185718075771851,65
50,0.06779270640596657,30
56,0.20671826502719481,64
53,0.40083160494817816,25
63,0.9392503714473059,97
98,0.494813753929084,65
42,0.5244772911775638,12
71,0.20221163565978062,74
38,0.5579552426112558,25
43,0.03208534604252944,73
20,0.9280321298235582,35
38,0.9674185934552474,30
22,0.7839579170397487,65
76,0.5505715868584294,13
88,0.523233071884557,94
34,0.337851959880738,5
98,0.19766830881796849,96
82,0.4491457670546334,38
19,0.10440595774830463,79
24,0.5011479095878344,48
18,0.8878076992430662,23
75,0.5696010267840557,99
37,0.8315012185172389,16
17,0.9790237772043523,12
46,0.0377887246898122,29
43,0.3172951287237341,37
79,0.3549501123450486,65
88,0.18747893271762783,32
8,0.027827649361646833,36
66,0.5582029921633286,91
90,0.8395280285324705,20
39,0.493294356442906,33
88,0.02311847957547941,42
53,0.8084695599229069,50
49,0.12429766413678633,92
74,0.26221593041772273,25
43,0.4536714305667766,20
99,0.894417856610655,83
41,0.9055447121804998,64
8,0.31698213816787635,27
66,0.6551986478094043,92
92,0.917125593178085,1
61,0.43182348939913884,34
95,0.6399499549077903,46
14,0.020202847911953814,92
29,0.6680128822788496,57
80,0.9406069089504059,52
55,0.6404816706101353,66
9,0.4844939768712472,21
74,0.8682834063943351,48
44,0.6454253856956363,35
17,0.5052407244996973,69
2,0.34499049151437,33
88,0.692306513675239,2
19,0.31283503653704725,47
60,0.180476502832721,90
73,0.21941501719207313,25
64,0.0681625667138478,60
79,0.006423363069126498,34
60,0.7399604048380519,28
36,0.8891468591934855,77
85,0.9578585872757981,38
45,0.5681451211562202,60
92,0.06991218577966685,87
93,0.5140018335617844,72
39,0.07564503850992843,93
79,0.7482877004689343,26
57,0.025651841176020707,40
13,0.9557286836252967,87
67,0.8514752854958706,25
21,0.2707427386054789,78
58,0.6716961100595974,60
35,0.8542731681382597,44
4,0.062451195522171155,57
90,0.3262626667373151,42
43,0.3447397774506511,16
81,0.8100245725806778,65
71,0.6489323748152042,9
78,0.8522472628743297,36
49,0.5620027739208517,61
86,0.8380394786388462,2
3,0.8099046210081904,32
94,0.6009481549176774,81
52,0.8315635923089572,12
45,0.8298035660934558,16
4,0.3177166847683298,86
5,0.07542775441736782,3
3,0.3209013273097093,63
46,0.41247648802860504,32
85,0.08191371787722501,55
10,0.14897635276263865,67
7,0.7933877778810562,4
94,0.32682672189560913,13
68,0.7307875047266109,85
48,0.4746354753044959,25
88,0.26191708087132703,78
94,0.5119857338821263,21
48,0.2829841107850336,33
63,0.6129623222061561,26
82,0.1770800916690638,27
29,0.7767853856753987,49
48,0.7058363969090641,58
18,0.030724099055586263,86
72,0.5759927855484696,89
38,0.6952488430434148,47
40,0.6921130441875186,99
67,0.020185431894423678,32
81,0.40749895624660004,26
88,0.49992447592391465,99
21,0.7425388149681837,88
10,0.27980151392542385,98
93,0.18898401148053834,40
20,0.5134241442745547,44
31,0.9794343150122631,38
86,0.23424828953087062,21
12,0.9772297265765313,10
52,0.5302605642070989,10
79,0.6255699551150895,11
84,0.9733673198313224,37
55,0.5679297920678044,33
92,0.999763920317771,86
92,0.2737485802124282,6
25,0.38865336924082194,87
95,0.47620695893773446,39
30,0.8305771111705149,40
45,0.790004252941874,49
50,0.6738522647800613,94
59,0.758369847508515,59
74,0.13824895051507757,86
40,0.958799054492318,5
56,0.15404556813211934,27
9,0.5730002265117344,98
20,0.7187545123100559,60
82,0.17833551401247805,1
49,0.18317149389146703,43
2,0.720882284907946,4
19,0.36022415585735545,57
1,0.1643328113790551,92
24,0.8502522653714025,66
24,0.4803361203307456,77
9,0.44763860474879824,90
66,0.13223596493950884,75
46,0.5254021438860491,58
21,0.5731550407022088,99
66,0.8862959562230672,3
94,0.17622257502442384,93
82,0.9192745060186188,58
33,0.8165958411012111,12
17,0.6330819778135776,88
5,0.9733677385074884,78
68,0.11064180599633777,9
16,0.538675443715334,71
78,0.6928885187505286,2
58,0.7142550385997873,41
55,0.11515821083220557,49
76,0.586817386359262,74
56,0.5683491980559039,28
94,0.3729292330944647,40
62,0.4652947930260761,21
66,0.06963958903576517,57
63,0.6860275201788756,15
70,0.5710111224252458,60
98,0.9283063252377776,63
26,0.0788577045081551,36
19,0.9922360696480813,52
71,0.2719238271697846,79
53,0.829046406481981,60
51,0.0077095731306481285,57
17,0.11924277542918482,51
4,0.2513800210401719,6
75,0.1895602813458772,57
38,0.1127303102612478,12
13,0.5288676454365846,86
16,0.5477262942507329,93
31,0.308104851642221,42
28,0.3963070934205025,89
23,0.12642727302654433,22
79,0.8694023714016185,11
95,0.9638090382562507,41
11,0.7425885000237895,35
78,0.5101549792369037,45
26,0.6727116764347696,60
91,0.7139431341008228,40
55,0.5601622676110413,80
62,0.6454175677920295,97
52,0.29116045008643865,13
64,0.6910354894174151,38
99,0.9059017972708818,89
50,0.9416853750569282,39
83,0.938775986138286,75
73,0.040883828704121106,43
59,0.2410057654729949,65
50,0.2330104585096212,33
70,0.20254053751711598,48
65,0.4367313759432945,64
7,0.27530050252718086,27
28,0.939775537064023,6
94,0.119239325627987,6
48,0.16183374460590638,49
59,0.7897937055901714,95
47,0.25226790584643755,17
7,0.05661900162996503,94
19,0.617997884869164,72
25,0.34105448841164554,55
57,0.19366058965102384,97
74,0.4570785752610752,93
62,0.876517391530627,32
45,0.9010728294346427,39
20,0.6191938065925783,70
48,0.37686597282089707,47
56,0.12791470307804542,41
5,0.5906296473667159,16
31,0.32004189503052205,72
95,0.29923496493128476,86
36,0.8400138917819892,39
48,0.7637604309339814,88
4,0.21777998339664673,54
1,0.6855056027103125,28
28,0.53398348122036,4
17,0.4696387004355437,10
93,0.7722161144499883,89
74,0.23379024048446384,27
38,0.9743619412699818,66
97,0.719129729673381,33
26,0.5851628100268157,61
76,0.8190730367031782,65
34,0.5490867714622679,25
41,0.27658767259847694,96
36,0.10432853852584345,89
82,0.06961129726078463,25
53,0.16479812176297615,15
31,0.5861364990335493,58
37,0.051778240749751014,84
22,0.18659469234373027,51
35,0.3655202806522444,96
51,0.4749781784650412,47
8,0.3163500678158184,38
33,0.410537083273287,84
16,0.43715791937068926,76
91,0.1143674292391984,4
95,0.11060570716088303,44
54,0.5455640936107442,48
96,0.22608216466312103,44
17,0.5223722140977352,69
29,0.013053159549879734,15
81,0.7204969487988233,9
44,0.9065108088927426,2
70,0.3668791258209204,83
88,0.8034610454038457,38
93,0.7103023447099319,53
29,0.4026347592961883,25
14,0.6889257072382139,53
40,0.13400207996856783,68
73,0.32864528238581703,13
29,0.6553687745011302,76
92,0.6428502410399614,80
81,0.5343937281240299,93
49,0.5679066173293436,6
66,0.7782658955681259,92
94,0.30679037202661097,91
12,0.5786455124832827,37
28,0.4076704152544983,6
10,0.6440718475666908,72
81,0.28773522591981926,89
15,0.5645589378020389,63
15,0.930645898474155,91
94,0.8080309684124692,36
24,0.8439709309173501,74
14,0.014806333821731132,70
75,0.9346720279352675,69
82,0.8297052076104626,17
23,0.364489503581753,60
67,0.23638945872570105,46
50,0.353118072738836,57
14,0.4841979153619299,96
62,0.4412054457186003,13
71,0.7131487132527584,83
1,0.10786513883394244,2
61,0.6885564845865214,49
98,0.4666103423456083,69
19,0.06137170274824788,29
13,0.31673900099001606,65
15,0.3846336734069715,36
66,0.025002297220278358,17
81,0.8044573112242219,73
87,0.3987056053348036,69
97,0.1870865040207249,65
17,0.5975447346758305,23
58,0.6257808108181909,11
69,0.7660882539444706,24
89,0.22448092926331809,37
16,0.6148353003856808,87
72,0.6150677396272725,47
4,0.6606167077073565,23
6,0.7248852273660551,5
56,0.44558545271284034,54
97,0.7048850305924139,87
59,0.947901378749324,80
17,0.8554671962995093,49
61,0.9963076599516584,29
97,0.5102891768966967,28
13,0.5335603946321252,29
10,0.5368549321607242,1
74,0.897319734404345,75
82,0.9640678862788794,8
48,0.8469604908991186,92
56,0.810574482596117,93
36,0.13963913250812565,98
80,0.8807014612724339,97
94,0.05237541315809635,18
92,0.339345533674135,5
77,0.1077144186611736,22
44,0.37059261904012974,89
68,0.10275295628646475,59
44,0.08440550127076552,57
73,0.6333787404925882,92
21,0.9792437088894471,44
4,0.16641800888257507,76
76,0.7312369969528139,47
88,0.30502481427171324,6
18,0.3190284114874893,14
61,0.10020118097547492,38
25,0.6223077741243048,42
74,0.5340079850860687,40
85,0.45173663856349133,85
79,0.13047331266620432,42
75,0.8500996441001673,65
94,0.6639175134405796,81
25,0.033662213200167046,46
94,0.5480947723611065,98
23,0.38968997762992585,19
56,0.7718819966561402,56
92,0.6678758737840329,49
34,0.2605854945763486,69
46,0.47291683852240707,39
61,0.5629306173790394,88
16,0.7724703321504343,27
85,0.5481947729562147,54
81,0.15041497148614635,16
20,0.11483776240681687,58
46,0.9995821765948052,95
76,0.7746482766083171,94
50,0.48619862672200664,71
50,0.9023382731093899,30
87,0.004015788607436899,42
52,0.10397948377261501,7
83,0.3879305179604611,8
96,0.947333681327182,28
19,0.7245960216207209,23
17,0.6592633764236635,3
26,0.5854995252837718,23
67,0.6886180727406135,76
42,0.5380465121547006,55
88,0.46462820082994705,29
90,0.32923824265061274,49
47,0.8814754848669236,85
61,0.2146481213707978,59
88,0.15152827240776945,60
72,0.9364867395441402,36
79,0.15014037389224322,32
38,0.7794181236693613,88
64,0.6866000657209768,67
24,0.04867230284773494,37
1,0.3557639572475245,6
39,0.2617900840442007,83
14,0.8321696783339361,1
57,0.38916748266376133,36
46,0.3638271027709482,38
38,0.05034469972218136,55
19,0.20648612751068762,17
28,0.9383949279629945,22
67,0.9248606913067596,15
25,0.4094722767000961,15
41,0.7671907041139664,54
3,0.9489403633605931,74
53,0.774111827482515,47
99,0.5870558298248455,99
92,0.40897171870486404,7
6,0.8862136979961451,59
76,0.7130081374886125,67
38,0.3651655546216882,69
97,0.2536223163814667,48
16,0.7381637153849223,59
62,0.15669009461973915,79
19,0.6873274092403515,80
85,0.7116670344060699,81
5,0.5595458949060329,81
61,0.3269879487156234,32
4,0.021516909283202934,22
52,0.16354211112986627,83
18,0.7567072614381528,96
25,0.9324019168372809,9
60,0.15861859581282622,6
99,0.1299826241475064,17
75,0.05441286917516608,25
10,0.36495637348666554,93
94,0.2993362676607114,83
46,0.11372750400517717,60
98,0.3194483631423243,42
63,0.6515598133749397,57
24,0.7848252595463214,44
82,0.2994395726352461,31
5,0.3713810747982713,22
21,0.6406762974304296,49
2,0.6458457089190499,36
60,0.1473941215634227,52
50,0.0717418409074232,34
24,0.9391065141742496,76
87,0.026277015101030643,19
74,0.6203285077513995,65
28,0.41979960892702683,47
56,0.5227464488901762,23
43,0.4556656625356855,90
95,0.09788082198533687,96
25,0.6178576686884039,77
98,0.038449743286313565,90
36,0.24627222620343392,64
50,0.06412785757785266,91
91,0.15999207039199304,97
94,0.6635143382630839,66
61,0.01595326149296472,19
46,0.8560985945886994,33
49,0.1000445064543668,51
20,0.31580704254178626,10
4,0.7356212610023177,86
38,0.2173776700847414,54
87,0.43030775364834983,58
61,0.7681442692180218,65
20,0.07523586312678432,98
65,0.46661753384086957,76
53,0.6948789061133729,85
40,0.6190694179181144,11
81,0.8102980488015148,21
5,0.39668088751048325,83
46,0.13727693760189597,15
87,0.00694233076775741,33
32,0.95197053990805,46
29,0.8053013092424735,33
86,0.8428521581471624,26
84,0.24493257884262054,73
91,0.5996459038298129,49
11,0.8418874681310837,58
6,0.8914256655360734,66
11,0.2817950950767667,6
97,0.8797020797792661,31
45,0.9198931678794017,57
9,0.30363999974997713,16
69,0.5887597691726532,32
3,0.5438856647819718,2
11,0.1866250179145007,36
35,0.8072192967063344,23
49,0.13743319619347583,3
54,0.321940615461746,88
46,0.10517629994072142,84
48,0.20004468399077757,73
95,0.8129846360178989,77
43,0.3376745581992636,83
12,0.08877632074427488,6
52,0.8324990425818011,11
3,0.4012030550011131,20
17,0.9535899042474274,12
94,0.5944425663851289,78
50,0.4593206828801756,53
89,0.05451887385629739,31
24,0.4643504394423271,21
30,0.559548629296911,17
74,0.10106559617232957,35
66,0.1640029751359955,51
85,0.2796821893909689,80
66,0.6627685377385308,44
34,0.11624983624772478,93
24,0.01910030161218068,50
34,0.2512267305390188,56
58,0.7210002411932906,44
57,0.6485756592658768,91
81,0.8793264861513899,85
35,0.7657553113988675,47
83,0.11424828105055262,17
89,0.08682337040854149,17
84,0.6127277942803457,56
75,0.8080312063651667,98
61,0.8646190085299433,37
50,0.7162198185235342,16
91,0.06082109670294633,30
9,0.1833931439393942,42
2,0.1791726593612497,89
8,0.5070999406433077,10
85,0.4342640100461942,80
3,0.99999924531695,33
46,0.32851752018619695,50
34,0.25883017045149015,78
68,0.01869130175531386,59
40,0.41735817859442637,12
77,0.6627497751273462,23
1,0.8710729155882113,8
74,0.09023558003054033,62
84,0.22192373479106764,30
85,0.1807295890763645,55
26,0.6659475540190233,61
91,0.9332981873019969,4
34,0.34710901151061757,84
60,0.3114598527362953,40
74,0.3768065488407749,14
30,0.35080900529477577,95
93,0.4301662482059865,55
29,0.5191848365101024,8
68,0.16001741312873008,85
77,0.7077211918432356,43
37,0.8820867835949224,18
11,0.5101344740492239,12
54,0.41642947265465935,8
88,0.7339256695175443,41
35,0.646878824362506,33
11,0.520133225422486,21
28,0.33802465924575675,83
85,0.3309322114466303,84
32,0.3655699307604283,90
96,0.8173338295339625,74
96,0.2119809580029569,9
32,0.9682617877620626,9
15,0.5941476785010299,52
50,0.42090498843250257,96
44,0.08239949327492224,45
17,0.370501983606471,70
42,0.738199703199009,45
56,0.9898477554211822,86
76,0.6767254505299235,14
33,0.9589361302792042,12
99,0.6582533018124039,36
79,0.6184222644461524,40
7,0.530351634264212,69
72,0.9846917365125191,90
80,0.8837582327592496,63
22,0.9180652414995174,66
7,0.8054954097353934,67
12,0.22662725525374905,59
9,0.38855652863827084,78
63,0.34910454125634593,17
5,0.24687421721002567,48
37,0.8314351564129236,25
46,0.015530566399036494,50
40,0.9301600481706194,46
25,0.8428759170176329,98
56,0.0877829898860808,17
77,0.7170226516409424,92
54,0.45164760453743746,50
7,0.9341394644227918,51
70,0.35754763062492245,67
34,0.9988647963733436,20
9,0.5553423990464891,14
14,0.18308838775594738,56
15,0.19987055937877296,7
58,0.6366967875911795,50
11,0.5544938895577317,50
15,0.7851582350055054,55
81,0.4231829754954123,15
23,0.0721676662052777,99
93,0.9417414360582221,80
43,0.5547529335806733,84
78,0.396870900134383,74
65,0.8328116263646522,23
15,0.6203795748304884,46
98,0.5119326235618883,21
80,0.13497704450043058,82
47,0.470788980173354,33
21,0.3370992279290461,40
55,0.1455936291475921,42
21,0.7121233104713132,18
41,0.8464041993880125,29
43,0.7809365913939429,5
12,0.03445085227346101,23
69,0.37122078926686375,82
13,0.3675790925103096,33
1,0.5798015208053834,48
83,0.10352977409583497,60
97,0.7690926022753263,12
95,0.233866253787547,54
56,0.5929631813224139,37
63,0.13106563763224788,28
88,0.43791603965804937,95
71,0.5639403304564974,49
98,0.28048329975827124,98
19,0.7767268244730618,51
92,0.40114295666312094,46
93,0.9362663156594182,75
61,0.09611507731017477,36
16,0.5258227167308419,73
50,0.4423075682024957,83
24,0.9372104340084154,34
8,0.4198049302086456,40
55,0.8829057070607701,72
24,0.7983365366190557,40
92,0.7221537101757189,30
59,0.2109915328334856,87
35,0.42213714020968707,62
50,0.47233588980771524,64
21,0.12915680954796316,96
52,0.42242063677077335,64
87,0.33750891628331436,86
19,0.2723903109778776,46
76,0.5729772675950179,69
10,0.31264535971870366,78
69,0.06973955268664633,99
95,0.5292647943393057,23
68,0.6558164620087714,26
53,0.5620835551395579,66
57,0.36584211468678896,99
3,0.11542145059656428,69
33,0.6332981064052036,24
33,0.31688569471922634,73
70,0.6183224471128367,1
33,0.44077740543244015,43
41,0.5771877857846113,22
92,0.5347900110626816,32
30,0.15620518637394576,79
37,0.08589807223233359,97
21,0.7098135282329626,51
14,0.7846136991826951,93
42,0.11212745256404189,87
7,0.3726691293211454,8
89,0.9835149862023007,85
76,0.4321644989412391,96
46,0.6521504494054955,12
61,0.9697137784491788,43
67,0.20525108930789082,87
28,0.7610766316181466,22
48,0.3813028686405172,14
88,0.6904602006483831,91
19,0.817046648710275,59
71,0.7779074302803478,45
40,0.9047399677162867,21
20,0.030666525159134372,82
92,0.6105082388368556,86
43,0.9440492449889192,42
59,0.4843798743140416,88
52,0.9288393831074048,56
7,0.7858710457405086,70
48,0.05788466676072379,21
54,0.28627122063175603,69
82,0.9821087824525252,36
51,0.32003754466853396,17
95,0.3427550811787806,33
91,0.2820321524601953,56
35,0.232360057623207,75
92,0.7309508856360794,98
43,0.569465873291166,38
75,0.8977899621385744,18
87,0.5174302489793473,87
47,0.8535516831455551,34
86,0.18631134206929856,39
22,0.017712212621756596,48
15,0.46357205250673794,86
41,0.9567709052578837,31
86,0.3349171887503034,20
66,0.652820514476308,31
39,0.4043877001227616,36
76,0.3381431446408656,85
58,0.697893505422565,76
77,0.9014231081052624,21
4,0.29273583649498436,22
29,0.27076031858207494,62
82,0.8988775326611967,36
21,0.510349142593397,39
82,0.9832962798586062,86
11,0.9532940818519686,84
77,0.1621234508198821,6
34,0.9726900108951897,33
65,0.7896497343864024,78
78,0.35602873531823387,85
6,0.8680851207649498,43
20,0.9679700124394204,30
24,0.9944160112814894,76
73,0.4025007886520062,51
95,0.05235211190618727,97
43,0.18783618973535177,63
69,0.45999450355058324,46
70,0.17751105207650886,19
44,0.35256415471778235,7
28,0.2833168192231684,43
40,0.2644161547089826,88
29,0.9160992076646093,29
12,0.5730428690157576,16
28,0.9802834703608206,89
9,0.02894318862702039,16
39,0.8632681126862852,51
85,0.7659729806100491,65
73,0.4487005906649052,61
62,0.7631387234457431,40
3,0.44217020653839056,11
46,0.22639034720518691,71
17,0.09795990189687309,47
87,0.05405085883533667,74
57,0.917889124339342,1
99,0.7687509592041221,82
14,0.2605222484578712,40
44,0.5823038483977688,86
53,0.7025232716431155,31
96,0.31531745711432113,9
90,0.5496652544574127,63
14,0.6482487794921191,11
47,0.7533062550336003,71
56,0.5374213190178401,23
31,0.014491073537996835,46
51,0.48870611908234773,52
55,0.9838543491758152,73
18,0.46615859713954355,31
44,0.7494223189272089,19
88,0.3770191043740405,10
7,0.35983471054578187,43
8,0.3333633264165625,5
31,0.32827904913475947,15
24,0.08823447786946736,24
70,0.7618203501022255,20
74,0.19260343328145246,90
56,0.8231091884004434,52
1,0.9358793431635819,28
86,0.84762056061301,19
16,0.4937362714059288,6
94,0.10057900189564384,45
14,0.3169058893278279,10
38,0.4873272945329419,70
58,0.7489606079405792,59
92,0.5418295287964469,55
27,0.060661149230215594,79
17,0.7131059768972634,24
92,0.41587192709852794,36
66,0.10029028015726271,78
73,0.605098104327973,32
71,0.46934224362508037,81
17,0.9418820705888814,60
27,0.4011073012134426,17
98,0.892872439175825,33
98,0.5561763451264804,12
6,0.832618764068579,6
22,0.4092985242399162,54
30,0.5352641784708123,75
63,0.036443357249852704,30
33,0.0983488186252901,99
15,0.8844941575316784,55
89,0.2065193325825645,40
31,0.34277103986108004,94
38,0.37074608854520674,40
28,0.7485458523134902,74
76,0.3517551328463936,76
34,0.3198238081784087,42
78,0.6321358684416559,94
60,0.6898098259216153,69
95,0.8917071024829926,57
88,0.6225800701179057,82
94,0.8513513552103318,31
92,0.39311363066746374,27
55,0.11330821185312068,79
94,0.34910148026468424,67
72,0.23791498728037153,63
9,0.22474586669992236,23
25,0.35476623696310694,72
43,0.7309906818683108,88
42,0.4301934102744286,11
32,0.8083405831318904,84
92,0.9268584761930193,91
14,0.05791895687565696,16
79,0.3070618526022695,13
39,0.877617925395774,34
62,0.8451251776912212,51
72,0.7658856241388737,68
66,0.8404921804363131,53
38,0.30192974208147216,89
17,0.5308214939700656,63
97,0.8886643997110371,9
96,0.2024762937852883,15
28,0.041164157550602654,85
80,0.4201246467823301,34
45,0.5428425707273787,93
56,0.3497387032436039,34
68,0.045553068846529765,52
47,0.27044262066819014,63
5,0.1706547732867112,24
45,0.7884644041174763,95
27,0.5951561010917167,11
81,0.8846525279605096,44
6,0.45077757327206225,70
52,0.08076708971979663,50
17,0.14949143482964655,59
71,0.1829541604940541,43
72,0.10506635479880555,24
68,0.8365059082364895,79
84,0.23342662275662363,39
37,0.870509858836634,4
78,0.6653155761457367,50
61,0.9512445526290735,68
39,0.9639465775446621,16
29,0.2509206275021407,16
12,0.12906870193139086,41
71,0.477288976063731,73
61,0.40303386669500896,84
86,0.791042796758144,71
66,0.6392453056422928,80
64,0.813667828233414,77
79,0.25098100453341166,2
77,0.5627590519132945,92
3,0.6121422939871669,85
49,0.927708276152061,9
25,0.051374968744375527,98
41,0.5458012354064219,95
23,0.5639269537919451,22
6,0.2607024448477716,41
14,0.6385854481193087,45
6,0.6619172253184942,89
78,0.8200378148063711,65
21,0.6275021850330166,14
29,0.891628087187094,75
47,0.9921760082996866,99
11,0.3143277909100234,85
66,0.46086390388771326,84
46,0.43765171389125523,2
73,0.6199483901689999,98
72,0.3923451111971724,77
34,0.88182007742572,91
48,0.2134616567742903,51
2,0.13706848617313372,62
68,0.24257433974636444,74
50,0.8992452482698409,51
61,0.44080697637237654,39
3,0.7811111549926716,89
2,0.8861777652873825,35
1,0.7912946932381554,74
41,0.46384178480304183,62
77,0.11782649360206376,25
9,0.7485452299703989,14
84,0.27691623795977915,21
59,0.3031598349547855,42
82,0.9069868761801165,45
38,0.7573954486225473,85
15,0.9178042882208727,94
72,0.7617090529826711,79
36,0.5557378501693006,37
68,0.5751135236905746,26
97,0.10419269673560416,95
19,0.9318102479113237,56
67,0.653718645265436,42
52,0.4454392968752948,84
91,0.6995990451328812,67
33,0.06249864438215358,22
38,0.149728184958823,39
33,0.0612449624269088,50
86,0.7186803073386199,83
67,0.4325524650922393,13
98,0.852725281101109,2
96,0.1947890004841757,70
43,0.6337429928387999,81
25,0.22103900056379944,69
67,0.20141335347334477,42
45,0.992819511180605,36
2,0.011822361653173186,99
89,0.021607893114360288,95
20,0.11464035333803879,5
68,0.7185256156568075,98
65,0.9418517217459537,22
96,0.24892571306563882,48
70,0.7787972200895609,78
25,0.6967092931914253,53
71,0.11765958452737735,34
64,0.11039829324986039,27
85,0.7812483630661037,77
19,0.13679972108494642,49
79,0.8573425754607105,6
90,0.4126438458030556,5
97,0.4551563383145949,3
15,0.48270478777642967,66
72,0.8259311716434462,12
79,0.18451399554170056,45
53,0.3552860757646733,16
44,0.79655908780302,56
85,0.35983519923979745,68
5,0.1726895365213924,14
30,0.6204826634383757,87
28,0.0308806370206417,60
23,0.15552189336235578,25
7,0.13853213177617263,90
37,0.7478738263206983,86
14,0.5202724403019893,50
47,0.7417175822403059,71
90,0.4139711626315379,58
48,0.3309185645687672,39
22,0.9560237555271726,23
46,0.12178266314725494,12
29,0.32033082457546236,82
36,0.1667163239760342,95
67,0.7598209783368963,70
28,0.929141524281696,52
72,0.22696899525080005,10
5,0.8098389787653826,12
60,0.26904715854342987,68
88,0.9145589119495794,88
61,0.44311554361785244,82
41,0.6062364471338461,10
68,0.2627045358444605,51
60,0.4191336641761719,89
99,0.22237531517778886,39
14,0.06116764936342767,95
56,0.593865366302011,94
82,0.9710716308939613,43
87,0.7805582522256943,19
65,0.25009713642129927,70
64,0.9194588847118261,95
83,0.44992346515655623,62
89,0.9147771617898195,28
37,0.5247089944261112,87
34,0.37190498036131037,55
95,0.07660425309380592,49
63,0.6028563553355497,54
30,0.8120330346172814,50
49,0.09492384146460575,88
96,0.19739511526677578,58
22,0.007669121562601022,65
40,0.17923031784704602,79
71,0.8973670510563108,73
39,0.7486240994902719,93
98,0.0041722346656799525,50
94,0.014047783732594521,85
59,0.8086079238673404,3
66,0.8323374541774756,54
70,0.7677542245365824,14
17,0.40973204497844373,83
55,0.09935756556893471,78
39,0.16193001848001343,27
89,0.003093555867833331,14
53,0.17424507442702775,48
41,0.31660573772281353,89
4,0.9724111083114736,23
92,0.5319314572824648,66
48,0.9422114367497457,84
42,0.703480075350633,78
67,0.3853347781475035,14
49,0.10041217638423361,96
57,0.5709769566881234,37
70,0.6054953751676435,98
80,0.8277629963675784,39
95,0.5559598258404095,45
58,0.979626364876632,40
19,0.32690695455097385,73
1,0.5959827118907922,93
67,0.9483994014862358,73
38,0.6480450239210287,14
16,0.8078085677608364,40
35,0.8888604731699282,25
56,0.22976383701328196,30
25,0.4270917809556243,77
99,0.5993053662712974,89
62,0.8864724958627707,38
56,0.007841599209242767,80
57,0.8833968761326363,18
39,0.625535086606398,83
25,0.28639052392850584,9
79,0.10841129270092831,41
13,0.04966188696913576,81
61,0.7272351833141396,31
32,0.0982167723460875,74
75,0.8097614702670273,21
52,0.89484352926936,74
82,0.6630794107217998,18
39,0.2195966136441868,17
53,0.7107783997611118,85
27,0.7207266289949564,39
20,0.04951702973085914,21
23,0.3890984024955899,62
27,0.8952400752134694,30
44,0.1846710614321615,66
72,0.10073338207409688,26
70,0.7641663578632663,69
37,0.1352964812665891,22
69,0.09238299288682861,78
48,0.9270245950026132,8
17,0.3870088021240189,19
88,0.7423350334643739,55
20,0.40426280641202406,86
22,0.04062163066652036,37
54,0.9463545892311185,36
46,0.5979983023871607,43
26,0.5813041866890367,82
50,0.299077514767807,10
54,0.890201145566154,30
69,0.27565456872612293,30
99,0.32108919795156343,21
80,0.6514216610813649,36
27,0.1321366753583657,52
52,0.02765640204565234,77
77,0.8155943861216877,39
79,0.055543434633009814,85
28,0.0382833878526575,83
98,0.7845326426392036,30
51,0.07219904205834837,2
60,0.9588150153951291,47
17,0.758823574277037,76
84,0.27633541645084836,23
18,0.9416126104114565,44
51,0.18475784136874107,46
37,0.09610442339942116,32
55,0.5329015579388802,13
14,0.1446041243400843,26
3,0.22393275143507996,40
35,0.10004327572785165,40
51,0.3040354279690224,36
28,0.3413405758527517,73
32,0.993534690814872,20
17,0.34384992763016675,13
36,0.27786370551705464,58
67,0.3096902220494725,44
13,0.4288254481588678,45
69,0.5176222578408605,72
73,0.3084261325922506,73
65,0.5948314142810546,33
2,0.5959242218409809,92
67,0.27911346804850745,27
4,0.8777096737797259,16
93,0.17501686872303945,11
60,0.194330154390141,4
55,0.09594789437336837,41
86,0.2606923502400982,29
86,0.09810510472770717,6
67,0.8847650500842676,83
15,0.5603229234999964,50
97,0.45921380677141743,94
43,0.004961140829253585,3
5,0.2795322125853359,84
57,0.16827273809390453,85
71,0.36854187665308213,93
14,0.7741787629835003,1
27,0.6109947957248131,62
86,0.27342017685289144,99
57,0.8426772841898732,13
57,0.540143825010302,65
93,0.2528129310058619,64
58,0.726431333370541,59
75,0.8271604670504259,32
93,0.052756171802291196,59
70,0.8311518860532361,13
62,0.19545181899248865,82
72,0.41189144485501483,19
32,0.29864443030178167,87
22,0.25675647128027035,23
86,0.7398384758120833,17
30,0.49389310956285604,4
2,0.929415993106548,26
12,0.8048740394337839,34
79,0.4275143572301433,6
9,0.0647405532298434,6
59,0.5318275050902116,98
44,0.38445345792257024,23
35,0.3873797867261045,44
5,0.3420721538805417,59
96,0.07809867303032036,79
77,0.2088226945640358,23
72,0.9348201128506797,98
72,0.10657480091795268,91
15,0.7231953030226084,62
83,0.7238268027639009,44
39,0.7053561504512692,91
1,0.07375375069894219,63
95,0.4289182701778578,88
61,0.8911229861420769,55
16,0.9986618494220935,6
75,0.1992545192583135,26
16,0.9279392894090517,80
66,0.8289535161518978,56
31,0.3034690239922967,12
42,0.7055468521311435,41
88,0.3051769729136288,59
42,0.4299975167943031,95
56,0.3994632567848774,20
19,0.7467280068990115,92
78,0.6573532251869889,25
41,0.4135424731071409,31
53,0.28316353089301705,93
31,0.4182919132500903,31
55,0.3721780156938921,46
81,0.9873505599856411,84
68,0.5721776054495092,86
34,0.21969122826310294,55
75,0.5991341342222067,4
41,0.1699040361759484,39
89,0.28347980604915235,51
62,0.16557436437082174,82
67,0.5053763073549892,11
98,0.723159735426965,72
98,0.12324298663012001,57
13,0.9648119198316658,22
36,0.7430674063733586,65
93,0.9250706866738756,47
13,0.9379182225916189,89
37,0.5264003209985205,34
79,0.8099164798544122,65
73,0.715108704465868,55
70,0.767021409951749,48
70,0.3094264509092096,76
42,0.7065796117564404,45
73,0.778814860389969,58
7,0.6390709317354754,91
80,0.682743248766052,41
37,0.13230573575161975,67
77,0.5511096307385271,40
73,0.03207235288055166,3
67,0.9560586161646272,11
15,0.17326461000309468,51
24,0.7802174968946571,71
19,0.16782524462961335,59
76,0.29425670526657643,75
17,0.5969616032413222,5
44,0.48766802897816797,21
57,0.8640895756791102,97
30,0.16242049098094613,79
30,0.44885616616211677,50
64,0.7746953458175213,94
1,0.41544805602612445,92
96,0.9500561850737556,36
31,0.646431890753823,55
9,0.9012196986739266,5
45,0.38142953814519975,54
11,0.7647513147091831,47
38,0.486063064425281,48
85,0.4769317360853147,36
90,0.42087549868580254,57
44,0.6424216188433448,33
67,0.5961751902420461,68
96,0.9068835898472647,90
93,0.8878272522759982,67
32,0.1908684379290252,91
79,0.5975538807357017,23
73,0.07917572181951948,34
24,0.08515026939353842,25
2,0.40626208868718416,88
77,0.2873775901839841,27
83,0.4684048093542903,97
48,0.9775016065117133,48
45,0.34838973193546596,9
82,0.3992507553797211,77
35,0.30428715740818346,43
32,0.3784378200687669,17
88,0.7261238816423141,71
91,0.7577129462307013,40
9,0.04630826833335189,58
86,0.6509649793827665,7
23,0.37901448640638646,43
99,0.34913857677539717,96
84,0.20088950995382027,75
80,0.9088139856013084,74
93,0.664681980545871,19
6,0.8464717527601664,26
37,0.6078016937740544,73
3,0.8870085282551358,29
57,0.41048603987150056,16
54,0.5171746814528406,32
38,0.4551317312922616,23
4,0.7624215885104842,84
73,0.586285894431619,88
83,0.7467513584867965,75
86,0.7607748104746753,67
80,0.3344068404938505,20
66,0.0885612481264969,81
16,0.4013735986986008,45
34,0.2902889995146901,70
26,0.5721340226074457,58
31,0.047254129113637466,13
36,0.7315221978128977,38
68,0.9050427409012975,15
6,0.26759335468330625,10
89,0.3900926217257683,91
34,0.7516134074566186,56
96,0.19287080169583115,4
95,0.11676844337852421,45
95,0.798812959200688,89
27,0.44093103937046463,52
10,0.348007365998959,68
63,0.947231724140663,14
78,0.7306435699850737,47
91,0.441007034058312,34
40,0.46542191247935294,90
98,0.6218813587277201,55
69,0.9675350606818159,81
67,0.9793583182581389,88
39,0.4116909980394572,33
42,0.6562068811894464,6
59,0.2703958538491269,37
24,0.5793496273193325,30
27,0.11579344380711398,31
85,0.40221402829588715,52
54,0.08359902375238248,30
6,0.6587130916231098,19
79,0.5630688069654056,96
65,0.8248157603345636,8
98,0.5088150777442082,96
6,0.6273643022590311,40
87,0.41906564704025284,94
79,0.15190479578170257,35
38,0.5562734323177718,77
86,0.528209207514825,3
81,0.25005550517578856,46
90,0.21911524344762778,69
69,0.3661027027317585,46
24,0.4258295682266069,84
65,0.9457843468920778,73
9,0.5060549180323506,55
55,0.498924312064977,15
59,0.05426782590692614,13
53,0.480717043779209,81
51,0.7219447323481105,17
86,0.9871407426850062,85
34,0.12128938884982665,90
65,0.07429328453570505,15
43,0.778568134500071,79
6,0.2919763807362693,95
44,0.9820216045806088,99
61,0.7494743630061408,23
66,0.959102903979836,91
83,0.47704363020901797,22
93,0.6782784501094405,75
10,0.018700788820326775,97
79,0.26054530583224356,38
66,0.6082693214469046,88
14,0.8461209790105441,77
19,0.863859857203407,49
69,0.06909286242125146,19
13,0.21259674468588718,64
37,0.5902483998327984,16
10,0.309893802487748,10
33,0.20501865118082618,87
74,0.0041341837665216374,40
67,0.3772053917562398,15
54,0.10531686898060566,65
78,0.08079473875000909,55
6,0.15245975650077936,84
75,0.40466337508201,45
97,0.047883166892984885,35
17,0.7711773699523521,73
42,0.5059411795521007,63
21,0.8407454470238582,90
9,0.696339029829443,18
35,0.5190231867068676,29
53,0.5214362018752934,23
83,0.9975201715555272,22
91,0.1597198657004859,10
66,0.9824528008832187,62
87,0.6927165232292567,38
73,0.9822971107146631,20
73,0.006203883432959745,32
49,0.995025939575061,12
64,0.9689648757072249,54
25,0.7855629406844804,98
49,0.3380930632630912,18
87,0.8398013115700994,24
51,0.38657912348576473,10
20,0.7375592073200656,28
77,0.004903331581937342,69
46,0.8078573207296199,33
57,0.012958565910516917,45
42,0.6684672444173186,34
74,0.9479696987717834,97
53,0.5161431136408478,40
10,0.9174160110408166,23
36,0.1512256862959982,75
78,0.805962930584163,61
62,0.3041720173375918,35
20,0.23530955337607407,65
11,0.9705762444670557,51
32,0.617052386159315,45
44,0.39013943200649104,89
77,0.2592754228926575,62
44,0.987153219570756,69
62,0.4233790843292803,82
33,0.7346744324456089,41
87,0.09782963632658881,62
85,0.9132033012796356,68
6,0.42162883556551867,31
45,0.9756359814544143,99
33,0.8424409667530515,43
95,0.9859776638300638,83
49,0.6875102112726811,22
46,0.6596442100317865,44
16,0.5594841164050851,92
71,0.21187596167697986,60
51,0.8590856002951471,26
32,0.5364333719720168,59
52,0.6612242060472512,78
67,0.15607389388590676,79
36,0.8070530803486641,92
49,0.9065505782946364,91
20,0.8366610460963599,90
53,0.39092751807016224,4
11,0.5418152099204696,70
84,0.03730520758255451,45
2,0.5872441938235503,38
93,0.29789445842459905,48
99,0.17768135214507608,23
16,0.007018410179250978,10
82,0.5167753203672313,41
27,0.14053861046667693,59
97,0.7445677287318925,15
91,0.9364481860192739,12
30,0.21654445395365207,82
24,0.4646900491650343,73
86,0.01046374059093147,3
8,0.014220891003033476,30
42,0.6754687777762627,1
42,0.5202026664464237,97
70,0.7718128879742364,3
35,0.23550929313915936,64
10,0.23933816805415176,32
33,0.8049536373700291,58
77,0.2716761140862475,77
86,0.4610759653259733,43
90,0.23528484266296135,90
54,0.8399872717400191,73
81,0.26290716587182117,37
2,0.7397850472398241,34
21,0.35915777035511665,3
65,0.9413807449525418,52
3,0.8201410439787379,16
11,0.38450234170642894,92
66,0.3495057845068005,36
29,0.332604153597184,92
97,0.5257033251105977,39
65,0.20281134298903347,46
12,0.0013451249995893866,60
18,0.6092002464128556,32
23,0.30818291155256816,80
51,0.9026330068911226,22
86,0.7391933088073366,63
11,0.15465617958530797,96
52,0.2133558425363966,64
6,0.9712845647488415,47
51,0.9259324666524278,59
19,0.5396434667219028,32
50,0.09056592527289775,9
50,0.27834248047811905,87
69,0.930490300177408,9
72,0.3601985012724628,58
15,0.2171864975625043,71
25,0.687374465126018,82
14,0.06223858051542086,31
25,0.41913178029958664,61
26,0.04454796017875873,67
66,0.1823033715789495,99
47,0.9461234993208153,41
62,0.2700370162090239,58
94,0.6631664455041867,80
77,0.7051193691540896,91
18,0.2389409320832483,65
33,0.45886852359033414,49
74,0.6598073654034916,25
81,0.22671356721467184,7
20,0.1097588357232715,91
52,0.5085399700002803,4
8,0.4555147966849006,43
5,0.8272599537381733,82
59,0.4986829353249109,33
66,0.6467061278166486,14
76,0.8045340300607938,27
62,0.11012979688245939,20
19,0.7411302739397077,36
90,0.1310109302358039,65
81,0.03398415087346729,56
20,0.11526892566225488,29
51,0.03939241134239446,47
99,0.24268622556311836,82
6,0.36415279560584335,42
68,0.7282866952845424,51
69,0.9461334067670318,30
35,0.627575413569944,32
81,0.8768704265651425,33
40,0.019505691405941827,49
99,0.017278626370012984,57
48,0.8705155581647941,14
47,0.1341353286547431,67
79,0.8257769875470573,10
50,0.7673301548247171,97
91,0.4954180200624688,16
50,0.37563660809786703,56
77,0.3914289371581785,47
13,0.03798002331311279,41
68,0.355130597613877,33
15,0.23936057613688233,62
44,0.6617019838792398,43
36,0.980746714280512,43
44,0.8681463634724375,63
43,0.5357189807279217,79
57,0.6317212006815668,66
99,0.5094009628265299,40
51,0.6406680301120709,78
8,0.15742941108210617,4
58,0.5966781954253694,36
66,0.9909475297598459,57
59,0.11853642067570014,38
58,0.923086038981748,47
85,0.8116429901591201,86
19,0.6212117921433159,94
24,0.6090261745964662,56
96,0.6134413592573381,29
76,0.4538224337681883,18
23,0.2647574355229374,81
69,0.18983231435099357,32
17,0.16030893585782635,14
83,0.20103162656831397,19
30,0.8250174061185203,18
47,0.8623053827006049,84
6,0.5535449453376536,3
94,0.8074861300301851,49
28,0.09486505105523468,27
13,0.8467577995124329,16
61,0.2945600110768736,79
46,0.8602550640406765,65
10,0.912714266861579,10
26,0.26627560686911056,65
42,0.5945117252550624,74
92,0.8295262983942967,24
14,0.6124327062188463,30
70,0.9703434875128245,65
42,0.45987229343890057,98
80,0.02441068938826796,16
71,0.014911483517125679,4
77,0.77947467267617,77
67,0.7739399470778984,68
72,0.8731570034338788,72
22,0.9393787131749627,72
39,0.8292099866788927,24
38,0.6541481126995045,38
76,0.8276468902475931,78
53,0.16965953781322618,14
7,0.6573645549623547,59
68,0.12142870294602848,78
42,0.20156633117425815,76
20,0.4295758286666721,20
94,0.0030807918854233174,97
12,0.2024464124132067,41
49,0.5253362910542583,70
68,0.3543450714752824,52
67,0.7854139655205791,92
15,0.2678079637682196,87
41,0.7026238555690693,49
32,0.13406180000498324,98
98,0.481121288026794,20
86,0.17588165960127888,45
20,0.7443653739981193,38
87,0.9059425933419849,42
47,0.9544062833496152,59
35,0.2836182740095109,92
64,0.41962491122432477,75
92,0.42412458782685525,96
77,0.6087350774227361,32
64,0.851618908673136,65
32,0.5237706244648289,99
71,0.16558641014759978,44
32,0.5473997022271642,82
39,0.6720102096516792,55
16,0.859270915094086,59
85,0.43579493846621986,86
30,0.6629423847933489,76
84,0.5697373101024564,79
25,0.6668007487551638,53
68,0.13850639826968858,74
7,0.9176756351213979,12
13,0.5437339338832607,29
53,0.16912826123371594,72
58,0.25552965831868124,53
30,0.21268001441424067,80
72,0.3364396972874458,3
89,0.35271966602931015,87
28,0.33153435844272705,13
81,0.16555471191374405,61
97,0.23920664618668297,53
93,0.43743951390932523,86
5,0.42560896568698925,69
12,0.3208186209375108,51
71,0.8899289255591021,78
22,0.4557064486640614,79
54,0.7646297345779185,56
46,0.9825548276541103,89
48,0.05980915439963708,67
58,0.34632920397081424,65
22,0.8621931970458313,11
34,0.48215899761970693,28
74,0.03702286422657697,98
62,0.3409868886001244,9
53,0.5292693958811555,78
35,0.7172477099162783,21
24,0.8395473036358971,56
12,0.8149885020347711,36
23,0.050026350696483646,1
52,0.5652201350704592,69
89,0.0796182770339714,36
70,0.5209137116176226,42
14,0.4776777590308373,14
20,0.17696643044521998,76
6,0.07685460193281457,75
92,0.014680781897615236,52
29,0.07770122171876792,74
11,0.20065836706047657,52
79,0.4566098089418913,1
19,0.3848087912511995,18
84,0.3722610352587338,83
96,0.7891519811465019,33
12,0.4492411217350657,11
95,0.023836367769687672,28
58,0.11176037165141739,93
59,0.6500335650403638,72
91,0.4365825479469614,10
4,0.07073420530746033,97
45,0.8974292654950946,3
22,0.26661721370758384,52
69,0.5913605456286638,54
22,0.11919875423331716,93
54,0.5951405077801917,75
39,0.3912280150646763,40
55,0.010251986176667227,81
64,0.143892798985628,11
65,0.6258437320752988,76
58,0.15900885377621055,52
66,0.6820003866459142,91
33,0.9306401451579454,68
22,0.7398745165746321,42
96,0.22849979695801081,50
9,0.020976107055298954,5
70,0.28912298173362405,48
52,0.8097387135487032,78
80,0.8164185898587463,98
8,0.08487917934360956,54
79,0.6655154250462254,71
17,0.022398796424758394,91
93,0.5862706680379328,62
48,0.7640537719024662,72
70,0.9547002812929921,91
88,0.5748765211148661,46
15,0.30442333977931135,48
49,0.5981596036639174,81
13,0.15027897982194627,91
83,0.14324604534804675,21
94,0.8635445078887606,53
15,0.8841048983716238,15
48,0.6417458322469912,37
81,0.5903201581533988,26
97,0.6298771250104978,8
79,0.8099887893920374,66
19,0.012226251829739021,9
73,0.5932601865940039,2
60,0.7113640857579371,18
92,0.059470702670636144,54
92,0.9033299224636079,69
47,0.21978504325361037,79
30,0.7597044601321612,60
50,0.8983209917279453,62
28,0.8601059272108047,70
50,0.027712334735687683,16
42,0.339276598142808,1
12,0.5070534911206788,21
82,0.49013538201327944,24
79,0.867440888906851,29
99,0.34459683543320563,30
86,0.3170990651699347,79
3,0.6041338976517255,85
49,0.44265799134890604,16
96,0.02152959021369305,37
96,0.3325347056452568,56
65,0.14762805646677257,95
39,0.5935243094138747,12
3,0.9413406928173967,45
29,0.28838283434503553,14
23,0.10386836067896754,12
41,0.6250093428357248,36
41,0.47764207751465115,66
22,0.18857800924091261,12
46,0.34694148918077883,98
97,0.1206780186229981,54
13,0.23303886249058603,94
17,0.1183731665132931,14
11,0.8693341713334937,48
86,0.14176153151497517,71
37,0.41730605124812115,25
30,0.3328528129014495,40
84,0.5259960134569027,24
70,0.21346539322697544,84
89,0.8321604252355751,48
43,0.5220553900116944,54
4,0.7763019499356087,86
68,0.5173854334118944,39
27,0.25286854997993735,59
62,0.5386588787864744,54
56,0.03111149034314442,19
6,0.5615756644409663,91
20,0.09004937827056247,88
38,0.0530158148889156,69
30,0.7203249509644433,34
57,0.8195791660480668,38
40,0.318992285859485,42
34,0.1955076470365137,26
10,0.802168164226461,91
31,0.7623714235308898,28
67,0.8665014999195062,94
15,0.6761156104628675,51
21,0.7175375820042813,58
1,0.8967496790809452,48
24,0.7800687322759879,37
23,0.2514143324561111,54
53,0.1600965732638514,94
37,0.6963666381832536,32
71,0.1890905153072786,28
52,0.6092700717346191,91
44,0.6979245194234126,96
72,0.47559691322872255,20
85,0.10143666802671836,10
55,0.927160684760197,31
90,0.43816484685179025,92
58,0.29907613288208457,33
79,0.81126748149261,22
58,0.7228100752826337,9
72,0.07585350101605626,51
30,0.12154843229068113,36
87,0.049296991299298654,46
96,0.7372538906371587,3
32,0.3741670670484485,52
15,0.5527937407945535,57
49,0.9241753839515067,43
23,0.5523530604169132,15
13,0.11346217460630936,21
76,0.14769610845730852,27
10,0.1954414743737477,97
33,0.5109271837218584,24
38,0.6451396785465265,85
70,0.7392864419224726,5
44,0.24361166635658515,41
92,0.8653151303432849,7
62,0.8156868696961455,58
95,0.6626273178834079,74
40,0.378686339755853,38
61,0.37388969405037986,9
26,0.06570955411520718,20
44,0.09118711401137458,9
5,0.08864392255790454,92
58,0.1539902711347051,9
40,0.8907052687262199,96
90,0.055187752320688954,5
44,0.7452677699336515,49
81,0.1773516276489494,76
84,0.7689177071673939,33
95,0.5553077109454203,54
19,0.38046335947102927,71
78,0.6197738134871751,70
79,0.5826656255109341,13
1,0.07979285017242732,22
83,0.1436479196351781,52
46,0.953663982439964,12
96,0.7175821430203606,34
77,0.31084522151986116,32
83,0.6327058513183562,23
57,0.3409719372815645,5
49,0.32451094067800135,85
14,0.741819850423542,8
36,0.03493492443585844,16
46,0.838488636866986,22
76,0.5187712685511754,50
8,0.3557421737125589,19
89,0.09730688983295765,42
48,0.2865680630913032,97
14,0.7605871262816261,24
49,0.815507748397162,58
59,0.6427356704358328,64
63,0.7401691654129456,94
75,0.46485424146825616,65
15,0.3946588223504238,5
57,0.643470398835037,65
62,0.7759874294770358,13
25,0.14748946437345578,91
25,0.8196144771849886,43
33,0.5470157457049073,7
45,0.0016259645562756164,95
86,0.9522293163204331,19
8,0.1614328761670999,41
48,0.3635416557147999,52
7,0.09512928238899121,83
8,0.03176176492679883,57
17,0.878642204159334,16
16,0.4663481366213724,79
5,0.06381242340839721,69
57,0.9901738367164666,13
89,0.5789751496980879,30
34,0.5182789782203355,97
75,0.6213255863363382,12
33,0.722522878639257,17
42,0.196360080921687,6
39,0.1629797030719028,63
50,0.5790602717765723,95
45,0.2198567930673636,77
78,0.22870625053447813,78
67,0.8619737114415158,30
80,0.8500015318857791,79
25,0.2653124913515612,76
72,0.010327606556160163,49
84,0.9002895800683131,39
9,0.18349111333344326,73
47,0.9786387307638983,54
38,0.8867539086121936,45
16,0.3273899610691906,98
55,0.6510814496737406,25
54,0.7070960590428249,44
83,0.4136956216588168,49
67,0.2726987845607738,96
3,0.7576589175273946,77
69,0.8763416674646887,29
57,0.09814532287984434,28
11,0.49193104399993404,5
69,0.8371263046375713,27
73,0.3298102666055559,37
90,0.17363750230021457,99
19,0.41850952657558593,98
21,0.38856059606185456,63
23,0.9190855085242879,75
74,0.9726963586794093,16
78,0.44571850108448907,55
69,0.38763516445325474,25
84,0.38307442755503507,49
31,0.7564258097240478,87
86,0.9895799446715834,57
38,0.6081042173779223,10
76,0.5813957091227518,23
56,0.785134113803457,78
69,0.6447218423862613,24
15,0.3800451677820993,18
86,0.44537271696824154,66
33,0.1524806719860231,76
73,0.027944803979460087,35
10,0.08413005632931758,46
81,0.07572180131611672,54
27,0.6484541604926372,59
34,0.30302365848066726,83
21,0.4530725513198498,98
90,0.4841769404062133,27
98,0.6070698642847036,26
72,0.6417105270090547,5
7,0.6674546657258226,41
37,0.23460306119094676,39
79,0.8034335669324008,85
31,0.04911599954970125,61
89,0.688549294555995,96
21,0.7156101851655576,30
30,0.18976473798435256,69
87,0.6592948558469031,7
11,0.6317931629638537,75
98,0.5192349128896454,98
3,0.6554561640815111,93
20,0.4275060196906798,28
67,0.1271442623601513,52
76,0.025078282492755455,10
84,0.3771779190197526,32
86,0.027295789477445265,40
60,0.9048524498840826,18
54,0.8892498574700158,15
67,0.7471297053369086,15
92,0.8276881838661991,42
66,0.08869156125399369,69
3,0.13141217513090953,32
20,0.29002598588850437,55
93,0.5281265610582742,18
24,0.7014025425364037,2
75,0.9889511416031777,49
32,0.33108127759461914,23
51,0.13280844555054894,62
20,0.19033719073934985,75
43,0.5525503284820645,87
97,0.17991759966731147,91
29,0.9176442160020932,36
65,0.8522905812061604,16
94,0.6863795390190957,88
49,0.366941147381867,68
5,0.7244668791757312,42
32,0.5124681142188755,60
14,0.885979567563748,75
65,0.3575773937559882,31
50,0.7191270181230865,29
47,0.9757062431868073,22
59,0.01309666269323817,98
82,0.4140480780398762,46
88,0.7937027351008391,82
92,0.8660137046082758,58
72,0.5321272408579689,99
82,0.469862474097009,80
88,0.3302493152410928,86
68,0.38311002653681836,44
62,0.3846997497727205,47
34,0.156339781459236,41
3,0.04447209153746734,52
88,0.5132516943310481,94
91,0.986155291022553,40
16,0.7413448384813214,71
21,0.41463248987471724,65
10,0.6650126633457408,46
88,0.9348687146483191,20
56,0.007041454840998496,94
15,0.5713161163463039,34
60,0.13378249938235298,51
6,0.5604245926791648,71
28,0.6929537178654722,33
74,0.4252601061535459,11
86,0.920048958646747,30
39,0.35504012322267864,47
87,0.7093305764596171,76
11,0.1200317081612704,35
37,0.8532479701692246,90
82,0.22605700542172968,66
20,0.5375622781005246,14
60,0.3194984381709537,25
88,0.2692415291296636,49
89,0.47873837270294994,65
34,0.22456353496928294,56
58,0.773237112528561,37
26,0.494639260018752,94
96,0.646451470278012,82
72,0.2785963378346944,33
98,0.1947906189865508,16
77,0.08898733968871564,40
12,0.5432938832956029,64
30,0.8620630476232335,68
53,0.34469901697074434,30
98,0.5347380325232706,67
26,0.6328921591651475,26
63,0.10503664727515982,42
72,0.6851962781252924,33
62,0.8923977245791632,24
63,0.8381197879350134,8
5,0.7615360202268947,39
3,0.30364841548662014,43
19,0.919955594882498,38
83,0.877720834793005,33
12,0.3776485087646021,26
18,0.7594710820150079,3
90,0.28605386998674154,98
92,0.28378381985087964,37
14,0.2306818239000431,60
86,0.12534320112337505,81
89,0.433803538162022,98
57,0.6967672894164392,78
35,0.542843214249973,93
66,0.43888486705430707,86
80,0.45476117598180354,91
74,0.953290218307235,19
77,0.5708163025463316,3
78,0.8775713735325652,3
73,0.19272937123198086,83
72,0.5239906708559051,71
67,0.9203979525132197,6
53,0.2399595047658417,57
93,0.29225276148487633,77
78,0.06712725586234358,53
93,0.7147734013346058,6
44,0.45970437706614575,88
51,0.8632390539048992,23
87,0.7346728962626978,58
35,0.7547486952335604,49
44,0.4011402369807543,61
42,0.5949615272087515,19
28,0.34486056235349005,1
2,0.28326435597217403,36
69,0.7016504212498546,35
26,0.5808313240989439,49
28,0.519421124133327,84
22,0.30606241354504193,36
53,0.2626494382727459,76
27,0.06820526992463916,60
28,0.421146050648436,68
89,0.8747900735493227,93
95,0.8396942413872642,30
14,0.1285399653087521,78
93,0.3774994006215081,71
57,0.4203449094633006,65
74,0.39868303193804056,98
81,0.721608557222237,33
38,0.47816700209462615,72
46,0.4383194272290619,43
41,0.22064866191435561,2
55,0.38902229644412234,35
51,0.3710335680584076,66
22,0.9701101040996452,93
3,0.9239163745784013,51
76,0.6091153328466163,40
13,0.04782430641602631,55
29,0.7453482906808231,35
27,0.5093354396399716,96
28,0.6290307771759975,72
73,0.9274080117743484,92
83,0.19775582039512363,69
93,0.4570891803239422,63
74,0.696374778736173,52
42,0.4320450423639657,1
94,0.8294033692002014,17
65,0.9555337750760909,25
81,0.8634067181988234,30
23,0.33459589202078455,62
53,0.6170136221058158,79
25,0.7810665730897807,85
71,0.49521337519922426,82
56,0.44720677737640224,83
4,0.18631389948106847,15
43,0.7015965795272786,97
72,0.46380428850870936,5
19,0.9291424587646907,23
6,0.9254313963516463,3
18,0.46547186484844183,2
98,0.5947805516060202,63
20,0.013587718472177657,54
95,0.822547278130359,46
68,0.5558165933570752,74
21,0.9726855411534275,87
25,0.5503767371774239,69
1,0.07890643317098467,38
38,0.6946777487351932,31
85,0.09853795886077965,52
33,0.52708650541607,62
14,0.043444442266240224,34
70,0.19355013753141992,38
97,0.8777696294432502,67
24,0.9283875883045178,50
16,0.5467848620292197,86
4,0.9388283339688498,33
18,0.01267793492099567,81
55,0.5844113227888829,96
33,0.529938735999374,19
97,0.1368512326086031,29
44,0.3682140625056173,99
23,0.03184922344778951,52
52,0.6334820503413988,28
90,0.26231811742156064,4
33,0.6517480154982818,43
39,0.3568487460453251,79
1,0.8613224367137899,69
74,0.8392109479667414,97
94,0.43773365386312635,90
83,0.4905722946257408,83
98,0.8436928928363903,77
6,0.5719759696891064,49
72,0.6806793173350141,51
24,0.5895933928306283,37
39,0.571334998690583,49
84,0.9121505356704417,49
81,0.07835681026499841,54
2,0.8968119149456353,96
96,0.0056832260165139425,17
21,0.659407747969417,77
68,0.8455170977411068,90
3,0.1189420160683532,40
60,0.7381842480710942,23
42,0.23607051640970222,88
13,0.19098021824852407,58
40,0.23896143458017804,50
48,0.09128061019145761,26
69,0.7146269188020813,73
46,0.5439879002515797,83
85,0.5620637691083122,86
44,0.9847272346684707,33
2,0.7874057543549192,23
48,0.6698482880272622,76
56,0.854659714614279,2
68,0.6539265243511735,19
92,0.29976882221419954,45
31,0.9962618641131843,22
35,0.3381981587899593,3
57,0.9928457104248186,80
26,0.6220175766182443,86
55,0.30908149451823663,50
11,0.35383523020064167,78
33,0.011234605104735729,76
39,0.6821556257252905,91
46,0.7831925946059344,61
33,0.04972074838759555,39
45,0.9299446425028838,42
49,0.144077740466657,55
8,0.17871209260062326,36
62,0.06853984056072726,37
89,0.8503665369488358,5
85,0.3173288677553733,86
88,0.18652064865967566,49
75,0.7883172272457264,88
97,0.7716835938178106,81
25,0.6092418029000863,27
16,0.8651884680246603,99
2,0.4159268489679109,68
93,0.049943846226906286,57
47,0.8361858826839064,29
98,0.1058906787570223,86
34,0.35590010499146796,38
95,0.054974297855788445,21
35,0.8418352947408526,75
46,0.18051772393527143,11
54,0.39627219177149975,15
54,0.7826649293129466,62
8,0.24297485131785368,87
58,0.9076562884115769,91
12,0.5276704852175021,63
55,0.8861838098615055,14
96,0.668366579551654,45
61,0.21453464303423886,66
92,0.9708452346285206,71
25,0.6216829755824537,78
5,0.34472354995347376,72
49,0.2523504263226166,77
70,0.006304343171489646,34
11,0.5279169317730615,98
54,0.25604910134196035,2
6,0.4395797009092137,63
86,0.05004251989923647,59
64,0.5094405095155978,92
26,0.6028051825471311,13
66,0.0948715735222132,67
13,0.1217485009863305,52
77,0.13085577450952235,66
31,0.05691347323029061,87
61,0.7094405727874793,19
55,0.4531977076073723,16
85,0.4352040161116095,2
13,0.15428982168434846,82
88,0.5951921040450096,20
18,0.3029372596290487,12
80,0.748647768770777,17
8,0.9029434746480692,42
39,0.3982281718187307,47
69,0.6786960931274114,64
19,0.24914625901829945,30
63,0.9561104605098666,82
31,0.7658975902548055,78
10,0.39468113476080446,70
29,0.18255646435157025,61
17,0.8580711430203999,76
40,0.5357608062672566,91
72,0.041603161945502176,75
16,0.11224647848893132,63
76,0.8561547333679573,35
80,0.240066273323561,19
49,0.8003439320168013,2
88,0.20372077422951307,69
39,0.2868871901237209,1
27,0.3874732304322741,16
27,0.9153572987440827,55
1,0.5541432933171558,10
50,0.826840989185679,31
3,0.9835617422958749,15
69,0.8939806540512913,5
26,0.33433403177094567,70
2,0.21401810033543878,29
31,0.3257135341279167,77
54,0.5353390566284643,25
10,0.6234378151270894,34
91,0.826774785075843,94
74,0.10816499996268403,87
60,0.197769223076267,47
5,0.09707991651257519,26
64,0.9303415064667103,66
18,0.46325811276935824,89
35,0.9025494227022843,40
35,0.6692649139517586,37
88,0.4163547579736424,24
60,0.2817670021483748,24
52,0.6706869898108512,59
12,0.14323729606860425,68
98,0.9059862422335557,86
71,0.6988554474497739,30
72,0.6386900700386963,79
83,0.5040652930635997,76
17,0.30408920041695475,28
74,0.909980743439846,83
12,0.3097427069279046,53
8,0.24056944142291026,56
70,0.22682883736469905,52
72,0.011166776275823298,82
61,0.1967760472161132,10
7,0.1997821641052353,56
83,0.6478614765114377,40
74,0.8549407287252745,40
19,0.2805234132984734,99
70,0.2532081368619068,59
8,0.39775445506883655,41
13,0.7830988246318833,47
96,0.4808048262096968,8
88,0.12580243661059742,48
80,0.3739054564051677,36
65,0.28370228551757193,44
81,0.4086816223892733,54
59,0.027992945876864517,78
57,0.5479885356534508,21
47,0.41346263657617277,35
22,0.06616316522257204,25
18,0.751050374701758,40
61,0.9708119864782596,44
80,0.902156358745494,72
24,0.44746958087108757,79
50,0.16197715138391944,91
9,0.4798103726923172,59
73,0.5156025849944904,67
61,0.3472744127277221,95
88,0.8540190612374365,84
83,0.788811063606868,46
48,0.13221797201894747,42
59,0.4374590227950643,31
99,0.7594419240371799,83
63,0.4430961867954267,29
82,0.6025628478459326,1
27,0.797602112496264,84
73,0.2917193171436434,94
73,0.8596168815686396,89
86,0.8901752262626349,44
56,0.9692330757210724,31
92,0.24114380831670013,91
74,0.37978712008618687,40
40,0.9251689194640504,33
6,0.840684105462514,18
2,0.9565555901840663,48
47,0.3500401886206469,7
85,0.10707170120362464,85
35,0.995334880394147,52
76,0.8403020251671285,56
59,0.7535090602382211,7
13,0.4640022315521155,68
8,0.00025780347532977643,70
36,0.6628694777056151,23
90,0.6559324207566037,28
31,0.9835566567152693,83
30,0.7406467413948244,80
7,0.10016202817234499,68
40,0.8694228014868001,74
38,0.06764866020910099,22
74,0.9120816392280917,81
65,0.02355695390836232,45
19,0.5015553323592468,18
22,0.3833097426537323,86
32,0.5856049631326741,31
20,0.4080999133494607,62
98,0.9416902012864565,62
49,0.09116778944123893,88
49,0.8217418216994965,73
57,0.7314041229271447,32
71,0.6947900796186532,23
28,0.2770389062214428,9
59,0.44238617187056095,15
21,0.7671556950279822,16
44,0.2917350589457023,24
89,0.45791626573036315,29
56,0.5415959717908625,85
93,0.7021075739983075,32
46,0.7626876172865752,16
10,0.0824296738186564,68
19,0.9921397251927064,26
54,0.0017785599802534469,32
66,0.8338701574909949,19
74,0.759996718701962,57
99,0.7726345528103524,34
76,0.5398891964217201,72
56,0.5056266655283878,18
4,0.8709626091770641,60
38,0.033162177371760304,20
43,0.4639882245389414,57
27,0.22075868340032523,56
30,0.7218394655140609,91
69,0.34787244958275165,6
22,0.4801660945543834,31
93,0.46274827756630055,73
92,0.5483526368299322,58
28,0.018393715875748784,81
65,0.35467536636482455,85
18,0.8624822366732653,76
46,0.5216725254932774,20
20,0.5031269276047615,90
17,0.5119569498686488,50
47,0.48140672514846017,22
77,0.7026640308768558,30
20,0.8617627360843612,63
29,0.3245733744376613,6
30,0.9947588873861666,7
30,0.6181331852038106,13
87,0.373822499654035,53
52,0.30243917699757494,58
72,0.8104613190212994,29
79,0.0279496624432235,50
65,0.867385086295803,82
85,0.393431699323484,67
82,0.3886636253195177,2
25,0.5538330264123965,9
16,0.8846291895335425,29
44,0.1717514217053745,92
9,0.589595806612313,31
99,0.05253437689838181,46
81,0.11308386086945432,70
34,0.3793793738190431,89
46,0.6001330246470084,14
53,0.05137072970766776,17
67,0.5782714447481806,48
63,0.055844693598097295,51
73,0.7648949196874039,53
9,0.17805803091344907,97
80,0.14570982472424976,53
55,0.41343230273461706,37
34,0.30747223268995205,58
9,0.5889546900550696,73
91,0.639909087942181,89
4,0.8698586397921517,20
14,0.7776834698958002,98
4,0.10195158135945193,48
83,0.26248588641446313,27
21,0.38122085365742386,55
28,0.5414645146051548,17
7,0.5877726336165344,67
89,0.793259183665707,75
7,0.16045442917341124,97
76,0.9492571366507533,66
67,0.4865729591134961,66
30,0.9548400102869917,1
68,0.5775194586226433,41
61,0.4910080879088423,37
75,0.6753219074380407,77
58,0.7526629969270863,47
38,0.19885239922048537,61
3,0.24975390660309693,12
66,0.18718635619122614,96
59,0.2662046469081357,92
38,0.9304233244085167,22
46,0.5301642265193377,12
45,0.6309443875029586,17
73,0.21751972079868576,66
76,0.510351498929343,32
65,0.8166382967303882,41
46,0.3794013427207973,95
57,0.6819231740148253,58
55,0.3462639124174749,67
49,0.6562788581888007,63
18,0.8291873179114844,56
91,0.06927899999293186,95
51,0.6281607686338384,57
11,0.7324711108924892,25
82,0.6048944913747645,51
66,0.8750106517202263,65
22,0.616968767149775,59
46,0.24789597732261104,37
75,0.5935799266172469,13
52,0.07557221975136907,17
51,0.4926233829021308,71
5,0.5684598925567192,9
23,0.8809803403680675,65
57,0.5209211422424213,11
56,0.31039332215236926,16
95,0.44336540455523255,51
32,0.3930089008434441,52
13,0.09954115777943273,41
28,0.24367897861725685,6
58,0.950572007378949,75
31,0.13417898779359605,89
71,0.6559042247929051,61
35,0.9152713447857298,9
44,0.6065948100404114,64
32,0.08906835393058032,94
52,0.23981368464957875,92
10,0.6299462924059442,9
2,0.5663993112563364,91
15,0.015957756316438698,45
93,0.4639651899467192,97
25,0.16855338464200664,73
11,0.9194927830336094,50
51,0.9247057432143064,81
73,0.9125458411765867,32
29,0.5912509347834666,51
6,0.21102973216086096,94
50,0.5070176061918559,78
67,0.6795913391626061,58
35,0.8909268120475017,83
37,0.22761546653898235,40
18,0.4357514535983894,56
26,0.8129235437810303,35
53,0.21236644014353723,5
74,0.2886579185757465,25
31,0.38978275532969886,14
85,0.5285185229344128,67
45,0.21363298295867106,21
37,0.2135638350211424,75
2,0.3413368816202087,59
92,0.4068237580394187,93
32,0.2448533926891192,38
76,0.2787705418202676,44
10,0.3276949298978312,12
29,0.5748116790330234,23
50,0.47204173359914947,26
83,0.24958886275875636,8
22,0.22633316833493533,89
55,0.2899922405228673,20
27,0.01900129757561364,34
67,0.2896910638300515,86
15,0.445567581638871,12
52,0.8245261959438748,62
25,0.7427885397075981,46
99,0.010949722297792897,57
97,0.2995708040571734,11
48,0.7357844791272434,11
85,0.8839728405081458,73
22,0.18622171446965385,94
55,0.40946512924701295,90
39,0.4865074203363011,23
81,0.322071990684337,92
10,0.39720330740539933,67
78,0.32077510147099786,54
98,0.7923079759942748,2
79,0.7174933510971871,63
82,0.20322186392383446,62
65,0.7326184149667896,90
57,0.9519747500652223,31
87,0.9344330770543158,65
6,0.165705703910489,54
52,0.7640950879708918,11
56,0.6894151072967705,52
67,0.21554579242086658,3
79,0.060450493964204544,3
97,0.18335720952853551,53
89,0.201529349003983,42
3,0.2523020419460099,77
9,0.09934474334748722,26
35,0.6874707585235488,4
42,0.7465715685936513,69
8,0.6168049037950807,45
4,0.6825298747758736,11
19,0.670719973844102,67
92,0.15753626334443516,79
2,0.2193076503917234,45
10,0.2441368775723306,12
4,0.3871658982021754,15
13,0.7777135637078503,17
25,0.24107220424564502,77
38,0.18795463512497368,6
26,0.004615224192163203,60
49,0.2806936555892714,51
25,0.6284790140536732,2
12,0.13194747861491374,73
87,0.3164178603350227,92
91,0.02225771555660727,51
64,0.25448064166320583,77
62,0.8391935709951902,54
92,0.19874040561345185,63
44,0.07208328420544785,66
59,0.09981576212770527,22
16,0.7658256031108723,83
5,0.07628232907427723,38
80,0.2738149750805092,44
15,0.997157322812857,91
37,0.3751216133601244,58
62,0.35451068605365765,51
59,0.09890859160237098,60
4,0.2581688970881456,67
71,0.9871773203342384,68
88,0.8644864580964938,59
21,0.2826274820608682,79
47,0.8603387029472942,11
63,0.8575393245211284,95
22,0.19930529848160572,43
17,0.18664980537641962,42
1,0.8330537627931313,71
17,0.9707691650851203,56
33,0.05387241615248484,50
88,0.7314334958764808,56
24,0.006918406322282911,59
69,0.4768717600485711,12
70,0.3635774488533541,31
43,0.8862561201844584,80
51,0.4733432368279379,75
56,0.5907254800108609,38
15,0.9413763129292435,93
44,0.486022190139048,95
31,0.07488337254190247,63
3,0.17997048509306324,43
9,0.8378134866979193,34
89,0.5531639654469305,80
83,0.20997292704379256,42
9,0.7934077835191969,10
12,0.9979582370174012,48
90,0.2865895089981316,7
59,0.45160094551196794,37
31,0.858477951541399,95
23,0.39047931979676964,59
45,0.6482136548481914,88
65,0.3177499823971389,43
37,0.10299101555567425,88
52,0.8314196859538708,36
72,0.26098578723463606,67
43,0.6583531891605835,70
54,0.6896084647324437,98
74,0.546851350803502,11
72,0.8401324110249754,26
92,0.9626108803054463,4
20,0.47213889452699964,28
48,0.9240669243974032,69
57,0.45217286558675474,15
5,0.051662048292866025,49
17,0.3676033038128822,61
52,0.949982357178932,86
70,0.7681350699571629,79
90,0.273374218129651,29
35,0.22203665133353812,92
8,0.9272690719117709,51
97,0.662197767689862,6
53,0.9291067587297789,60
34,0.7983986376696149,70
2,0.018158644852388717,70
52,0.6750488869905187,76
74,0.21742728570662662,69
75,0.6185852606186512,73
53,0.5310121562186292,79
30,0.23630609047179596,16
51,0.9224863444378796,65
43,0.027385428380296117,89
9,0.6284662612966826,89
98,0.4393434967556292,79
53,0.9059554992645117,41
29,0.7500434334755387,29
1,0.285796702044809,58
40,0.5894374128204328,58
3,0.4892228757445457,28
44,0.5985989570132235,27
38,0.29792025798854327,69
52,0.550520200518787,9
6,0.7925572184871724,64
48,0.47329001734970455,38
12,0.37495588202668095,58
26,0.800976950200717,25
99,0.1541167674312418,61
97,0.6642211103969425,33
84,0.7747900652878116,47
20,0.8970894806517609,89
82,0.340257990212815,75
16,0.612126285328535,8
9,0.1983712158206199,52
88,0.1483399539872846,85
61,0.696442684187457,4
27,0.6041946951704914,50
49,0.4278259791142709,84
67,0.05537324502913166,34
62,0.13590043118142037,2
15,0.8473411447581379,57
66,0.9567730558189607,87
93,0.8880311826951746,28
78,0.37125140051989947,23
75,0.6454058518857622,78
18,0.7448967443002115,48
96,0.9965405713520825,54
14,0.7000950017135943,34
31,0.4331146843000282,49
82,0.5232860702199558,28
54,0.1203824716733799,91
73,0.6087653934708004,86
57,0.9244695692995739,59
65,0.009380800246195253,95
43,0.6466084820708643,99
64,0.24509426717937766,35
14,0.9962891877225989,81
97,0.4943756911249201,48
88,0.7169851417698381,22
1,0.28830712330896113,96
49,0.3359568112524758,47
4,0.4490433071866744,76
26,0.3950178744450009,39
62,0.21305534757975197,22
9,0.6652140138608801,32
83,0.4829493376443673,2
8,0.007079467134486039,16
28,0.226076806557982,17
81,0.4488016421028812,10
99,0.8248769698101949,23
57,0.6623899052954348,96
37,0.7175505496763244,95
64,0.8387960187184194,35
32,0.44020007334133127,90
58,0.5022130028670205,72
43,0.0750863353810487,98
46,0.63518943266395,98
38,0.613627881351936,89
35,0.40912216289233694,75
58,0.6963684085963057,25
3,0.12209854194472147,74
20,0.19752271435947344,33
57,0.5057178339023815,68
67,0.8034719160242852,88
39,0.634304483292275,23
70,0.8417835758663792,42
11,0.5491362502051603,43
89,0.9179577873145613,96
29,0.540625649532108,76
19,0.21450483556543576,17
1,0.7457880919096656,51
77,0.6479044409681655,24
70,0.5049051880162957,58
96,0.8777668341714119,52
93,0.11084107689807221,16
32,0.6495723914812616,68
36,0.547937047214381,41
89,0.361345305972691,94
72,0.25489597192344715,56
56,0.3205155874952993,37
21,0.9823882329935862,99
93,0.2666893003817278,36
35,0.12565720637354583,6
27,0.9615991592607681,31
2,0.5022247589063454,61
64,0.19828547889520776,53
57,0.17022543459939232,37
27,0.9427615848645534,87
18,0.2880198026072721,94
70,0.20699087791955417,2
97,0.9989176872535557,38
54,0.6477097949676032,90
17,0.9180145258387072,46
33,0.4096920728468344,48
75,0.9657671840042594,88
73,0.5230271136420022,39
13,0.4975782009233578,94
34,0.21973577465619587,43
12,0.6666232280031276,75
41,0.5776855465585136,52
81,0.8746998220368752,56
20,0.6232899670299018,64
34,0.5598006886339961,52
50,0.19553236355986736,21
7,0.07839160222738206,33
61,0.29463518986896364,70
53,0.43479888940885003,64
68,0.47592276913760057,13
72,0.763122125507566,42
74,0.4555835135862415,57
83,0.4774818735807561,54
59,0.7423922461696895,30
54,0.07841750323324015,58
81,0.9469556036254682,92
37,0.8276515535543921,63
18,0.4734025050348074,67
35,0.5187774835747209,12
16,0.30426621892614536,28
25,0.3617587930591052,21
76,0.5788548425273359,7
45,0.6410804153037034,8
43,0.9584895971590223,18
86,0.5324965376770422,92
83,0.23989562989359958,22
83,0.029694850955509167,15
26,0.3384874696091221,59
79,0.04751743439000011,95
48,0.5325174061317609,98
13,0.33111228352830036,31
54,0.5074641220339919,40
11,0.2630439667064718,10
90,0.9462734214142414,72
98,0.6220476009636549,98
61,0.39372040876599457,88
24,0.1391816799907496,84
67,0.7731740669622363,21
1,0.8223092025648527,85
69,0.6593156138453977,77
41,0.5875960667968189,38
12,0.7742897108939799,12
66,0.5967331413035869,43
80,0.6920536928737593,5
29,0.06495282563124694,37
32,0.022091831415613106,61
35,0.8623467010775845,57
63,0.03282173036288394,83
47,0.8389872698607915,6
83,0.10383221335327464,14
25,0.3024936224972833,48
84,0.23969348718958938,84
73,0.3566519027650713,89
67,0.23927511331486118,41
52,0.03736162501536178,4
60,0.00024445037015174975,92
47,0.5965517609334653,28
47,0.7142492843686693,62
81,0.9334886861844377,59
65,0.8358044806026257,27
82,0.2781718108390344,81
55,0.7373443618091807,49
18,0.14918339962633043,65
70,0.6451208067253313,26
12,0.836791035971703,66
8,0.3589570544426728,67
96,0.7931529865755321,13
65,0.3357870884192118,20
8,0.43168048038158213,91
18,0.739912916490343,86
30,0.45851960159304606,99
54,0.35973059910379923,53
64,0.1680398186492249,41
49,0.7190137202015496,47
17,0.6570428438357683,4
18,0.8761636999323701,79
58,0.9727237233112129,56
12,0.37193766783199256,29
4,0.3502349103196718,5
35,0.25319863956543287,19
32,0.09735069946836972,70
55,0.8817519288224022,89
21,0.13087148795294867,83
31,0.6864365518616813,94
16,0.5608062914946046,69
97,0.5645490106386271,52
92,0.8821724929346292,1
7,0.5989308838010542,32
99,0.5110238185786518,61
72,0.4791453900730501,78
67,0.8473851613205806,79
25,0.6840719327278246,20
54,0.08911314005270432,65
33,0.1300171529836559,45
66,0.12277072963956981,15
36,0.07475172508820349,31
84,0.9027767299425535,31
19,0.4581062256577011,83
8,0.5356925019113821,10
28,0.9380552350680335,80
62,0.07377150799328869,9
44,0.623215255262845,38
77,0.7439863331921969,84
80,0.8164935419669049,53
38,0.40181030152573327,58
70,0.7575782747449221,2
77,0.32927484926829553,41
80,0.1941461122947813,8
96,0.7001921700806487,32
60,0.6737127187709339,24
95,0.6631676154524893,19
90,0.6681533422692518,83
45,0.10546766752766545,39
75,0.47513842544805496,61
9,0.16866320157644343,39
37,0.0482255903700346,77
41,0.038332830060270884,10
47,0.4683794577567767,62
70,0.0829766066831088,65
76,0.2667654103081266,56
20,0.1364641679885955,35
53,0.15400799470467352,12
83,0.015528725656856257,57
85,0.08027869141886967,82
56,0.39089899564012387,96
80,0.7994984333172293,10
19,0.33528231089867433,46
54,0.1396699074752411,17
86,0.30533097122981123,24
73,0.8588908826438647,18
52,0.727336093299793,31
56,0.03397500478714466,27
60,0.9284715375389758,56
33,0.7535248527114602,71
49,0.741552024584327,84
26,0.13832603242578145,70
22,0.5762423768864712,70
73,0.760700574231674,1
64,0.8997315743940781,60
37,0.24746944399943294,55
43,0.9851046482620969,56
88,0.7483928458492413,8
36,0.9427859866856858,45
9,0.06123798240421319,21
60,0.8547067730918501,12
76,0.6556180155519344,15
29,0.858862828722994,46
49,0.8238739069155974,87
78,0.9625390425225235,27
83,0.264153695661955,59
24,0.46423048674145195,12
55,0.07680305827119971,66
74,0.9712501900612482,16
22,0.7304149489440415,42
32,0.1249813820083353,69
27,0.7686945474367092,5
88,0.1366042401181563,91
39,0.8468751627349018,99
67,0.8167487844448622,73
21,0.7365586972926189,91
80,0.30649501500861653,37
70,0.3523601357796561,1
27,0.3929308785981168,42
75,0.6981274928760917,75
36,0.7802689222506045,51
50,0.5128798582205468,53
3,0.7485640506592436,71
96,0.3900790806970118,68
20,0.7076200092581769,70
33,0.6985070147581657,66
81,0.6343981324725221,46
62,0.9973302077965985,54
43,0.036023721854186674,73
61,0.09821892602930171,50
98,0.07833989432901034,89
86,0.22490663809694267,75
5,0.7106469173556211,64
89,0.5334262535746053,38
60,0.379127172027927,46
11,0.3403242392682737,32
92,0.30951897738811596,36
1,0.5324748124259386,8
94,0.47811368101148854,65
92,0.5557449081109856,87
79,0.13266168593258776,21
36,0.5603647865558089,79
69,0.6319030773128413,50
44,0.7625770821371614,25
65,0.12690984322174192,87
94,0.8086658900058001,68
56,0.03621507187344275,15
55,0.4415181293909367,78
43,0.13784428866596132,80
21,0.320447642828918,75
48,0.3770551071512215,23
91,0.5831778755039269,85
41,0.09754714311622492,70
9,0.1275881383947477,36
6,0.721318291563345,12
63,0.38303092628833113,36
77,0.9735723081903922,47
36,0.008104801457104571,73
47,0.5164255689175801,10
77,0.5023997351058858,75
11,0.6339549952166366,22
21,0.6642861069562396,91
4,0.8977013576260678,48
9,0.06121897183770941,28
60,0.9009111137443643,40
26,0.6296614562119215,15
7,0.8999274901641567,90
38,0.35866841039522956,97
52,0.1256778040526284,86
25,0.09324764681320297,7
68,0.0548657856629714,34
22,0.46037074605362327,6
47,0.18743599046538895,35
5,0.9205505647479174,30
63,0.46963370599495535,79
81,0.609632088344254,31
41,0.8864432073649807,75
81,0.3220902139545935,41
63,0.14830891326089246,79
35,0.05408090396049359,21
6,0.637933615349341,91
45,0.489284035081765,38
19,0.5910194504352014,19
99,0.04891593636132607,29
96,0.25626686612180394,2
13,0.1703713945281058,95
47,0.9173606357168381,91
64,0.5256239093528065,91
52,0.3484481546662933,69
28,0.5543912120639923,35
20,0.35800007284181334,22
69,0.46099445723138566,64
26,0.1707837764218585,47
19,0.7434015094550731,78
36,0.6705567974957153,93
70,0.5162990819053693,79
74,0.44058403995968887,56
82,0.11707827594158426,75
57,0.2143703682461907,99
92,0.818985381333927,64
98,0.3138881787517106,62
17,0.4069106801628837,65
19,0.8721248984056904,93
39,0.9457253663430025,80
75,0.6879977006770539,94
53,0.41896279591215546,21
66,0.7725767393554716,17
97,0.5190647036177203,15
36,0.5655169224135075,76
48,0.9427816416925417,63
4,0.8534845537301542,58
10,0.28506755857917454,29
79,0.27889046800043193,42
87,0.30309259153991697,9
22,0.9691306395200465,26
52,0.05084711372798423,86
4,0.34391818908671834,73
59,0.9010728505980475,89
17,0.4609963005040467,43
4,0.10197695103089421,77
22,0.1410098544352405,66
13,0.01171541965996492,40
9,0.07432997176232203,64
3,0.5444171645330831,97
70,0.19548396978563232,42
91,0.37894482944787933,36
19,0.2153955385950429,37
7,0.9691176242318342,28
95,0.6605250946390813,9
7,0.23097403559592755,18
98,0.5178435993637568,12
12,0.20722593983444415,34
53,0.9704969364994812,46
26,0.9297313011940243,97
61,0.6927694536911826,44
62,0.28191433515633024,75
61,0.0012846100654957393,17
3,0.9737212971506438,18
17,0.8191837601496356,43
53,0.8984678576933799,47
35,0.9885132517831425,61
99,0.48870802419153225,90
69,0.7562772815543638,32
78,0.33590571033853023,11
33,0.35784935903982507,79
34,0.7667174939307752,21
14,0.7091007993236198,15
95,0.4994906460996017,70
51,0.2531423166069028,18
8,0.6069486463359437,16
32,0.31029256363962887,58
7,0.4036753171788098,84
23,0.6406308114240176,17
79,0.9615739223176426,41
11,0.4891987260061108,87
10,0.23586365152454059,35
8,0.1225370044709253,83
93,0.5181531425363339,43
44,0.3420971415644892,57
90,0.8891935851729739,43
97,0.10598694420804489,28
61,0.7098828822697896,3
54,0.4313523711774784,27
75,0.4401775541595738,30
98,0.5218161753904035,89
71,0.6960360164380023,34
96,0.7298364488112579,45
9,0.6876196965347531,95
39,0.38865689755897725,10
33,0.19620505795401022,15
4,0.6698703268434979,4
99,0.4477290285857485,97
35,0.7043230104182648,62
19,0.5261015318506205,25
13,0.5834514204035648,29
6,0.9773939773368595,69
74,0.12045698398407634,10
77,0.9934146642397242,62
61,0.3448689737525511,37
52,0.41411090786850957,56
18,0.022362906410527628,39
1,0.21968328338695964,15
9,0.15468704515856346,52
52,0.1702020437881071,31
35,0.06398237214881874,56
32,0.5985231348847062,66
11,0.028319253196576133,82
46,0.4129916360362612,77
92,0.8255232666653759,1
41,0.20312899651578553,51
93,0.965361662099486,85
71,0.015137587467285218,31
11,0.6261261135624211,56
77,0.07767149801716344,98
95,0.12967867805641964,62
41,0.607262803083301,93
62,0.3975862404703522,46
87,0.47204260545847854,27
53,0.3765086022801063,71
6,0.9294307419454395,56
59,0.20916860025094608,30
74,0.20042695672033917,59
80,0.1189469923966342,31
53,0.36955209887706986,75
60,0.1051199520682804,88
33,0.5981630371517981,22
27,0.7591805802236576,26
48,0.9224522447121325,68
20,0.6037073210775528,18
90,0.799628034065203,31
84,0.963262104071527,10
28,0.8183132561356107,23
54,0.9890271444125889,29
14,0.4676615431293232,13
30,0.43621720493085403,6
4,0.46326278625529127,49
91,0.43572907560999696,26
72,0.4601458536195736,94
11,0.5759039028375005,54
25,0.15526801236885024,59
84,0.21387438398308556,73
19,0.8082195698725639,32
91,0.5395223344559807,38
4,0.60637292961397,55
45,0.21041258107437066,47
55,0.33107219682086286,78
65,0.4822994969282798,22
88,0.20413678992505868,59
53,0.5140546477763253,47
18,0.12182261512087023,98
18,0.6142355782219764,47
6,0.9412362611170658,40
50,0.7478296959792896,63
16,0.27160663381326133,35
92,0.8953995627291967,74
84,0.6493674441349532,54
61,0.2137679338174876,19
26,0.31546522508930797,51
86,0.5318196958071556,38
37,0.19820110682206638,47
11,0.2191397606156067,31
67,0.48726300612357076,2
28,0.729674893997241,59
79,0.9971303389040336,47
95,0.8003053580926937,85
89,0.7099205895697351,52
57,0.5620311991185813,65
71,0.8501091504135851,16
57,0.2852034459507933,81
87,0.08258186405510748,28
7,0.6396930533417674,39
40,0.7652380100498819,32
9,0.2040391478924537,45
87,0.6250073271794296,51
84,0.3797838836163756,72
67,0.6774960175381135,11
99,0.711087814536083,55
32,0.28394151955747227,35
77,0.11415524121600606,33
27,0.2070279518536342,56
25,0.1260280859564299,15
26,0.6267826528404722,91
6,0.16596291076951464,91
34,0.005325604835798026,25
34,0.3195182129897338,25
12,0.750523669214306,13
17,0.0031799912237455707,69
82,0.43463099691842455,7
69,0.28866656209623265,55
77,0.950968346791074,65
98,0.6824683357037176,69
39,0.6770547237689902,94
18,0.7829761760336301,92
48,0.8029855583477732,79
89,0.5670930589927322,7
7,0.46033701789251946,53
58,0.3997430430968635,3
32,0.4518517192537901,68
57,0.2729086862871769,43
94,0.36915312390410204,68
69,0.9537972719285993,42
23,0.3855064973639595,19
57,0.9931813935802536,45
69,0.0730053035903836,68
39,0.5356745888329395,25
29,0.5418644173817958,85
76,0.1997145655480237,32
9,0.3701882644955611,72
44,0.21507537613571803,39
2,0.6110790016993293,87
99,0.25492983116240386,5
55,0.9679077942290399,46
70,0.7583968060300862,13
12,0.39742230380172994,8
54,0.6590595023938394,70
42,0.8999694693357316,22
18,0.9754823571531887,72
75,0.06660023480136923,72
45,0.8894962623204414,20
29,0.7948271982859157,70
89,0.7350619917009662,44
44,0.6736734986324144,28
23,0.22366334094480378,69
55,0.09004985399525156,20
74,0.49027539096083594,65
81,0.22134835679858078,38
56,0.12334784759036244,49
79,0.6649419346154578,43
47,0.7710712959301047,68
99,0.6286915713535769,93
28,0.9382512398449037,86
41,0.1262804773784605,79
70,0.397040132397513,11
60,0.07754885868310935,60
62,0.2765162327008973,71
99,0.12654761027409978,40
89,0.3212270891514766,5
81,0.12371455169387813,23
18,0.48943137045899243,65
71,0.37783809861746265,90
41,0.7299858167970732,12
8,0.47209408023261745,45
96,0.6835227540240691,56
30,0.8382971611990232,26
64,0.615088855965588,96
52,0.18427152866311225,21
2,0.37348060902141533,8
93,0.5908696030294591,30
34,0.815039745683023,83
53,0.8601026962643376,5
60,0.8264101101161145,23
45,0.42398485015858434,46
2,0.12590804581775883,46
86,0.843890287890189,33
84,0.567468010699434,66
19,0.6308729106336538,45
79,0.16449983969501136,81
21,0.06854914673560675,84
98,0.9258286154106222,52
99,0.1945520910133144,60
15,0.030692289952323426,7
2,0.2431351782457596,19
79,0.5217054880541592,40
77,0.961916603390077,50
15,0.3654786306294824,26
17,0.542774422775426,50
3,0.6761695752108556,8
30,0.47184123731279903,38
31,0.4443498295139542,27
74,0.6887387127819043,96
84,0.9197116467948429,99
23,0.004452166967692905,96
72,0.3047864534515312,3
70,0.46532015925589143,56
37,0.4515578126251619,78
80,0.4283864735706162,86
58,0.06218553082941003,20
87,0.9131609494945332,99
3,0.9651703726694266,55
19,0.0685398864611726,1
44,0.00524604804789075,1
97,0.7817049095976305,54
1,0.8666891511627012,32
93,0.3459860870950542,8
6,0.4380624307011728,21
92,0.5583178667519874,4
31,0.7536450082643038,67
45,0.28986923776570694,34
83,0.9341066289797372,29
59,0.29838506622205363,26
74,0.8328909280407826,93
10,0.772454398283986,10
37,0.48847486057686196,30
34,0.7129761242016069,83
79,0.44367653227446224,23
96,0.7040356391460072,77
15,0.5104485544236848,56
64,0.4011825377692868,39
89,0.5553100614005081,80
44,0.4499453978916015,45
75,0.05092938465482788,65
61,0.6692486363092535,30
58,0.6641852915772571,5
44,0.1057693605407175,81
43,0.8714136271975842,91
23,0.4364253519777228,69
22,0.18212653775050036,74
87,0.7189100277624493,31
6,0.7952184788576406,19
94,0.2788627606032549,85
76,0.6339975716635684,49
20,0.18687664089899714,69
78,0.3941197977962768,10
39,0.41091809435748894,10
58,0.6076395079874687,84
20,0.997425587608594,21
55,0.08168731785380401,72
38,0.8394073456588177,82
29,0.14798095748719375,95
42,0.4684724488013122,67
15,0.9234136103558416,30
68,0.9216208405742724,47
80,0.920066056097706,98
26,0.9611914297254323,7
62,0.7239678915536665,35
18,0.5889531430137274,50
46,0.8994582083160233,29
8,0.1270007494794848,88
31,0.5620931575939321,45
97,0.8980119088919643,54
27,0.05643540015400994,62
78,0.7643283662491581,88
28,0.45175089210393116,5
75,0.27210478889787526,11
91,0.5030074911913683,59
25,0.38152497692334575,56
88,0.4991340876442374,10
26,0.28729444328849174,72
76,0.0926362820502733,78
55,0.15884268328635742,33
98,0.5447916246149799,43
70,0.4146283225406977,36
47,0.2886634625630211,56
84,0.47728481246602816,73
97,0.060678961024607125,8
74,0.6313127637479283,20
14,0.814659982564513,44
27,0.6048209622285851,33
42,0.8156869906091244,20
46,0.61625411997539,80
52,0.2865963624675425,92
87,0.5812417187230782,1
47,0.9285616125363534,15
38,0.9797273222913716,1
78,0.29274414920434055,44
56,0.798558677080689,3
14,0.5457849950440429,4
40,0.2917862133113459,20
42,0.8426251851514208,52
73,0.38504187761585473,20
57,0.6924258042482975,46
26,0.6867255334181835,22
64,0.6180554140823479,80
79,0.35802554316883517,70
71,0.3612296941848542,98
89,0.017558661265286046,20
48,0.40871354043378927,24
71,0.262916181628456,75
25,0.8597783897542968,2
92,0.09799625422415492,87
84,0.7297001524820306,42
63,0.2175172029780048,49
88,0.352118201704963,97
24,0.9754654640495923,83
56,0.9016300186076965,24
23,0.31489921946196575,31
49,0.475463876210509,89
7,0.7163722629098699,87
57,0.7654803259947278,25
76,0.14671882494520816,85
89,0.05111741828396299,4
64,0.04674466132161503,25
20,0.02859795288915301,41
93,0.8918319652576762,24
34,0.278290036073809,98
1,0.005710795722169704,17
44,0.8936667744589138,90
73,0.687760572255926,9
69,0.571614998138289,5
1,0.1652099054654751,85
4,0.5560366649751576,62
74,0.11849589668257743,49
56,0.7788432146696747,58
12,0.8315541490359962,87
28,0.16986268074094824,29
16,0.33650204461524746,22
67,0.7051078336247444,78
55,0.10321966510585323,38
31,0.5096016789928054,31
81,0.45954953752113026,50
9,0.2721064373323304,66
80,0.16995702232957555,68
20,0.6736621699734491,47
20,0.7913479757758295,59
92,0.0032458277686555626,84
67,0.3872684104523759,91
63,0.735362525739203,60
61,0.20304661746880992,81
8,0.582043065069237,36
54,0.891125850213823,86
12,0.03167378940627452,42
99,0.8211638203812555,78
68,0.48696327508089643,87
69,0.6533014859147259,21
85,0.2943238876231338,66
34,0.9451070187103964,44
86,0.24690102416326276,88
71,0.16874939778092057,62
49,0.2183468845588309,4
47,0.5724245391905273,70
57,0.35930063603230333,86
57,0.2025115807353406,87
99,0.3015608441371074,89
32,0.07860775770709372,49
66,0.779285873047056,63
84,0.2801862295995077,28
51,0.8227531648101067,16
91,0.720955656081841,36
62,0.19814411100233909,20
59,0.4117989325964362,25
82,0.9995896748302704,67
77,0.25477531762128514,45
35,0.46043669319461067,72
78,0.2134027221301863,58
59,0.23183831218854856,41
93,0.21134834041811823,44
15,0.0425871482088922,4
56,0.30166178347530304,62
77,0.8294971364263203,86
67,0.3476147555635032,14
48,0.030213334112509038,36
35,0.43240782936834143,9
89,0.81527222902927,97
93,0.24688316670043353,76
72,0.43481522529531036,16
14,0.3777787587569569,59
45,0.710110429118532,85
24,0.9569696725063023,51
31,0.03980728485828522,27
21,0.5131099175004779,29
70,0.4036712289067228,83
53,0.7472952816857062,81
34,0.0788286945575003,88
73,8.503877990095887e-05,38
19,0.8476280781438689,77
58,0.8607868626411214,77
25,0.5299753347999273,36
11,0.5080051475924079,85
74,0.0003577487505689314,26
59,0.025617633240895277,38
87,0.7260189667821372,72
11,0.9816606388507151,87
70,0.012081830502487678,43
7,0.4413617564120842,90
82,0.5775502378906295,75
78,0.6710607066241534,30
92,0.6564607467137439,94
60,0.4414798831129988,91
7,0.673530240623482,56
21,0.002439086729225104,37
73,0.944094635828284,30
75,0.5602853005202681,85
37,0.8611146137168643,66
95,0.24517449114291356,2
94,0.6031402035633827,81
7,0.16516514005677163,5
36,0.3861851046208544,87
22,0.8259193733700306,59
67,0.6760224394587299,87
94,0.4078465847939656,36
30,0.24548728841869016,88
93,0.07263291059257138,49
44,0.5067010290789165,67
72,0.34714046871626714,90
96,0.052027404929727794,68
87,0.319514555145207,60
96,0.3739861373126384,87
69,0.2796398741897097,64
77,0.2684828626611103,87
9,0.6590687123667376,61
70,0.30632788386988397,38
68,0.8538575122075863,48
14,0.34691346080652685,45
43,0.3784320398584604,1
34,0.0986547223768679,77
50,0.1782722021187918,12
90,0.7270184396382233,83
6,0.27251552336693874,69
20,0.7131411860991761,12
79,0.027263829127512795,69
3,0.6892893253084484,85
72,0.9155200879770571,3
6,0.2514318918400077,32
77,0.4385146558845724,16
47,0.8226753958094737,53
77,0.8294134803108151,70
8,0.1807690630461093,59
70,0.02688872757575822,63
76,0.49564564456749605,62
89,0.06626081301628906,87
2,0.7876079687505406,31
19,0.19640559357629161,72
49,0.8370492761991913,38
48,0.37225954440579234,42
71,0.32287572799029574,73
77,0.9652758650492134,86
45,0.5622973802385461,16
75,0.5341902165586669,73
12,0.5553192751035604,27
68,0.05399286866084296,72
68,0.979562144912439,97
77,0.6217350565440737,20
41,0.34427674995241775,31
81,0.6677192767350035,1
24,0.024776880229716136,9
83,0.049425716071361814,72
56,0.43993427679259733,10
5,0.023295808672825657,25
55,0.568598904973663,49
76,0.5923957565162213,71
72,0.4004904521120094,80
65,0.14254768177579702,58
52,0.8242750284541264,79
96,0.7959707035359738,22
42,0.7008156645525846,91
24,0.043269603056282135,14
52,0.3194706531029182,75
54,0.5853350137444222,97
24,0.1967422100773658,84
51,0.07024976855533593,99
64,0.10130043397822908,3
37,0.40951786380204613,19
4,0.599874055603405,17
57,0.0316838660110732,77
54,0.8644378002969024,5
76,0.16643997441403047,32
59,0.09151863683630013,7
12,0.14803826375507023,39
94,0.07544120266513876,49
25,0.41983663950432826,69
34,0.12921959185951115,13
35,0.4016566473707923,85
99,0.4991120544511668,52
97,0.19100519605284172,25
27,0.8864478476336536,38
27,0.6160063527472862,14
82,0.39991798307464865,81
56,0.057873834109907096,26
75,0.9229354943115868,89
25,0.11069855610352297,11
49,0.3480206864445,22
95,0.4977020279994978,9
56,0.457416744250295,84
2,0.41771609354997496,11
44,0.3416235957390198,81
15,0.4454076969257539,37
16,0.710560553450418,83
53,0.49423964672906096,68
71,0.7539387213462193,48
9,0.08304970705811654,31
68,0.9080300536065252,10
44,0.9026563179754725,73
76,0.08638202775885506,45
32,0.08363937545771172,96
63,0.5518625858375528,66
93,0.5913958512602538,29
47,0.4332406548211102,45
65,0.8086784102154212,87
62,0.4354651574401305,2
2,0.3991616700880053,91
66,0.5163938103420777,11
47,0.12078785184126939,93
98,0.2665935700599852,30
43,0.4831541776462088,87
53,0.42023255939071025,2
41,0.4057988483008901,58
60,0.09718709909747503,80
29,0.8092822699392583,79
24,0.4569842338609247,23
46,0.07863258170510745,82
73,0.8041566421334506,59
83,0.2064856113171084,64
44,0.4003047092223153,20
59,0.221104311348293,99
3,0.1874028196876898,69
92,0.7279218299623134,27
66,0.9224559257271449,84
53,0.7983357761053957,27
15,0.4347215188377225,61
59,0.290941401872585,44
86,0.2990862682824621,10
35,0.8752698096649802,26
72,0.9408317498394136,93
97,0.3659579821998534,96
88,0.8618287111187383,37
84,0.6462052006819782,14
10,0.44885704386160585,69
5,0.7353765899002479,7
93,0.5193458092092484,85
76,0.21967026754011887,63
60,0.004456173435637312,29
93,0.7822256444409675,25
33,0.8555971818459631,74
66,0.881988435760522,67
2,0.2798289591611164,95
7,0.4179011012578182,28
64,0.8113498113610975,59
73,0.11103671554308825,54
96,0.2101306522138925,5
4,0.07844669164302331,13
36,0.02646895810747596,45
67,0.930187522770715,16
28,0.8156437042807573,43
75,0.03230149794179904,34
45,0.2908274578079644,56
91,0.5028971287230655,11
13,0.9615035483695211,35
81,0.1248303785308007,56
46,0.23827367169036473,77
82,0.529289599035202,47
82,0.7439476970243353,37
48,0.24130287669037698,13
5,0.8021432130394353,60
17,0.809727948981508,22
97,0.49929269467930026,19
63,0.2567509748062057,42
73,0.17740656260378862,60
25,0.6845818373704807,85
59,0.6616480033312385,48
70,0.370600073083148,26
73,0.22621686754265546,97
32,0.3073455807934079,99
89,0.6118257839065895,89
81,0.9236023151714045,90
65,0.5415474399991126,44
60,0.6096434061370831,46
46,0.5893466020308394,82
18,0.2777225394888224,3
43,0.3853355350578742,2
52,0.5705316718701602,88
12,0.935254727554196,17
79,0.7886646189410639,96
72,0.2440318961669693,33
89,0.12973648767039714,69
73,0.835668395329012,88
51,0.920477813707359,13
88,0.23112868325668734,41
77,0.7870168763603147,52
90,0.8987283776314754,56
25,0.021407703537682732,88
23,0.19329648292898083,65
1,0.990319684772011,33
49,0.04446713223176135,49
39,0.5137461623886413,62
6,0.5630249368688617,4
8,0.8938476979589107,8
38,0.46205439669786785,93
88,0.5614849007424106,62
41,0.6631093016885488,25
93,0.1854904257332376,5
79,0.2276681104147006,26
63,0.7801093784546056,3
66,0.6962958800180249,67
13,0.6876607635671855,64
32,0.3500012342711617,4
33,0.3230558018088886,79
93,0.8984379432366961,54
15,0.9096122278837545,41
80,0.8783996313491697,81
44,0.10440162258661911,50
57,0.28958872262677315,54
91,0.5345942678360894,43
66,0.7384866820908399,19
79,0.9623663809995618,37
5,0.5204556936554926,95
92,0.3042127436686337,52
36,0.3586467209678549,80
2,0.285420920787951,14
38,0.09224840357363573,67
33,0.21008602593505055,3
51,0.4043271985016038,42
12,0.14587092235461285,38
72,0.7950149578166106,60
11,0.6065031301157147,73
42,0.9704505681640224,56
53,0.1082811811721971,71
27,0.9935728937074719,11
91,0.3301778481565296,93
95,0.7205343096959848,3
74,0.6054555603840514,85
59,0.7310540329753735,41
25,0.5543908262090067,72
51,0.6520367943749703,13
47,0.38116800228957537,89
78,0.9618318834590668,84
81,0.5177618087650121,5
79,0.26293038639449307,75
25,0.8981714505094786,21
21,0.37902551786870753,7
19,0.5415008486959071,38
51,0.7290212800270183,31
39,0.7503977938288119,37
57,0.8764239578794528,15
9,0.7020111443592324,1
56,0.5516868031955793,33
34,0.5689289688490834,94
84,0.0201399956974877,59
60,0.469789186181212,14
19,0.5338243786522077,68
72,0.04656760183884623,27
63,0.551271099083644,63
11,0.9078338543189425,38
57,0.367575423676778,14
14,0.11175818988745745,19
64,0.6860492825994946,58
34,0.4030068204081416,24
69,0.5752898333209616,13
50,0.5135159529406158,23
62,0.4915136896385741,28
13,0.6922318999686389,43
43,0.8097714025002264,15
71,0.7466548313913874,18
77,0.2594838533218783,83
64,0.2043282173428702,27
15,0.48276437143804396,25
94,0.8926191616072152,9
89,0.43115883991691073,28
66,0.7759104283031927,31
57,0.03206326853077113,80
50,0.3462254076672566,13
63,0.7594518657802685,30
22,0.7030515808164701,5
73,0.7690750145835874,5
23,0.6813539300253701,65
56,0.26780055728808516,26
80,0.9174952216312894,99
8,0.45362641965020556,36
67,0.40788081205691185,41
40,0.24090499891176032,33
33,0.8249604381582014,57
7,0.8514939380930852,57
87,0.7848907198536876,37
91,0.8625460771598296,44
68,0.3999490356366572,97
11,0.3309330503907013,59
68,0.7143250468967518,15
3,0.6556215796810632,7
65,0.7722376748610569,76
9,0.21001521767880948,4
28,0.6380515264041121,79
91,0.002460706585119987,44
57,0.908499451784227,27
47,0.3181539506313461,21
34,0.5654202568225004,90
57,0.13321146835798803,55
73,0.04754171455347256,33
85,0.14444661394737157,48
16,0.8810582098777896,91
18,0.4114897791929414,70
92,0.14935827929601941,82
73,0.33913417379575317,94
21,0.021961049509363284,38
46,0.12056576577036138,6
23,0.4978509737765371,82
80,0.9118243709622754,66
68,0.016757433896414042,66
41,0.20922741714953386,87
99,0.28086458760517685,76
25,0.6543261674506589,52
32,0.32933815346594664,85
36,0.24151457096353324,19
59,0.7390283432683852,67
27,0.3452701618211924,18
99,0.7044352379238757,56
55,0.13211449784343532,25
84,0.1585927902580444,72
33,0.7128811026881329,43
47,0.06190981368114912,10
70,0.12493065118951241,2
49,0.37325355824528283,65
51,0.5586377736406133,63
74,0.9868705504062787,11
72,0.8725139126361323,71
33,0.9332944483476495,36
23,0.8747279184116221,31
27,0.6486816617631742,62
17,0.9413686982856796,40
50,0.26217506757527387,94
61,0.09521133347568123,70
60,0.9163088859981762,86
12,0.04288811535342729,7
45,0.4224656556676091,15
5,0.050848131217028136,82
42,0.16839721089154502,32
23,0.9999225073918948,68
75,0.9351347495792001,18
67,0.39227950058141836,56
17,0.735932696193259,79
57,0.28141279905769534,43
74,0.45891153967430187,49
23,0.770716784615491,65
91,0.3137105876590144,20
58,0.011062950437035646,34
93,0.6805762259145045,24
57,0.7937747323305753,79
38,0.9233637741275842,85
33,0.9822347774299774,91
19,0.7550911760518069,13
37,0.1825727919407707,77
73,0.28796250250847255,46
33,0.5629198951207818,61
13,0.46636493634070575,81
31,0.9464259666987411,19
55,0.8011984119435638,70
67,0.3649628384582356,72
39,0.3271860407014703,93
55,0.8418019499214158,98
10,0.2705431391120172,4
59,0.20049939743571898,52
28,0.46065893441146777,40
91,0.5009136748406544,47
22,0.5385558154129378,82
99,0.2957486130577538,37
2,0.4013757535175202,30
28,0.9416015898528691,10
30,0.21330260632262887,97
74,0.3910530056745365,73
2,0.6090576976349598,32
60,0.5076778490264033,91
68,0.08650971011310105,75
89,0.5952043255803445,42
94,0.5765371982337362,8
52,0.7013170573997962,73
77,0.6730239598485925,2
5,0.017702006888080102,72
95,0.6754830510465725,95
32,0.999581971889795,98
35,0.7833510068405952,64
34,0.005495845135242039,67
94,0.23709159951652203,50
61,0.4750831534787143,33
99,0.2895169118310984,86
62,0.902537302891081,45
62,0.3294625427895499,87
6,0.8561386580393457,7
38,0.3547179438129239,58
18,0.9515435106510134,1
26,0.17329201444574982,28
42,0.45410298985506914,52
18,0.01094155653512785,88
27,0.7985799997731708,42
26,0.9936599972655898,40
88,0.18102358229537263,49
35,0.917891153650524,21
19,0.6868218097434797,37
81,0.341884039605311,84
7,0.7215940040687903,30
34,0.03295290442213605,89
79,0.6585164330847872,48
19,0.5537662046577522,31
43,0.08416867240520953,13
15,0.07602586456657057,63
3,0.11324455857895854,8
35,0.36627796515770417,63
39,0.29975553146047573,1
57,0.8444412572273926,45
47,0.778900506538438,11
29,0.09782451098890599,36
57,0.0607930629434289,11
4,0.37411006961603244,85
6,0.781811457292748,7
7,0.40637151151426965,3
82,0.4964982587196317,73
96,0.701584742342664,37
42,0.4519432664601787,6
46,0.14352994061996904,44
90,0.4768938284756652,31
61,0.615948957146851,17
50,0.45688524190614344,28
9,0.4049094596546704,53
93,0.8357759596617761,78
64,0.693120107927909,36
44,0.09660482854343255,89
4,0.09376502711946555,24
64,0.5704467652719429,83
26,0.11492010524961593,36
77,0.7301857819890654,96
40,0.19043935804835455,57
88,0.05249261542395667,3
33,0.5589547345712387,59
19,0.2369773075840652,13
1,0.23634226402395042,42
37,0.6720666751881877,3
71,0.1486516827855544,4
6,0.28595800379393366,43
73,0.0902135829748052,90
4,0.25610248379367806,22
81,0.8456037253829783,53
84,0.431081900742574,83
99,0.4160747720146646,88
87,0.9501044769775308,25
26,0.3557902043495449,94
3,0.12769778659537268,48
44,0.4473382844472591,71
33,0.06800752345504091,74
43,0.6772237387630506,84
84,0.856684407299408,57
78,0.32167171225768887,8
99,0.1742652114701132,4
27,0.9819595844606094,43
14,0.7734669576400967,67
65,0.020438847889790557,79
46,0.5667628763390988,60
97,0.29816161503609406,64
31,0.6269191921761968,18
29,0.9821428011322352,39
48,0.0541136656545943,42
4,0.31060148018749356,97
90,0.927512119984872,11
4,0.9672434109234963,72
38,0.9892505926475038,33
6,0.9991543585517079,81
40,0.39014599684127393,35
3,0.48210575091880603,42
13,0.9568041961819644,98
56,0.6527735295081438,36
19,0.7490538495049054,90
95,0.41815196008076283,28
27,0.22926694458061314,28
48,0.5667087110184457,30
54,0.7262282621600972,17
87,0.05031195438772318,99
58,0.30339936058008066,18
52,0.3177454544347068,34
38,0.685515834308556,93
5,0.023971998986089704,97
62,0.887848891432848,71
16,0.8809461230215344,65
39,0.7238459606505087,37
87,0.1813318757002369,4
77,0.9186020012378067,93
57,0.5469584796610216,1
30,0.045042334657559024,91
25,0.12607874094771343,8
70,0.44429668325759597,87
20,0.30093198122905584,84
39,0.2612077048515363,58
94,0.2592026844752503,64
39,0.043736094455065544,36
64,0.8511867707968966,80
42,0.6290166931046056,12
25,0.6543318300307461,94
56,0.31725189658240893,3
82,0.9031983180541661,68
65,0.11645357191041972,43
5,0.7406351935317727,10
34,0.29278111787324856,17
85,0.524526271343242,50
19,0.9359672687670468,80
30,0.20905402472801526,93
32,0.2994256282028559,78
23,0.7991794537197375,86
13,0.19316462384277122,5
91,0.4758720964394513,91
36,0.13705443007732943,86
23,0.7125286993386579,71
23,0.05850124054954875,95
51,0.8800026714048261,34
25,0.5534327676864403,28
55,0.78101616334096,15
54,0.2560303451198085,94
84,0.8438446835503043,90
69,0.9739423477891415,98
64,0.24120123738545418,28
35,0.48621706734746906,69
51,0.198305826584539,22
80,0.1326235862869356,97
81,0.040976577803460756,6
1,0.5704054979482066,45
6,0.7893557097305902,37
65,0.47617119785207596,4
1,0.6409838456613861,54
26,0.8211289590041785,66
10,0.6219007319100194,77
47,0.18123958712541588,38
58,0.3641416920588664,29
19,0.13343487983890412,26
5,0.07870031110667086,17
95,0.7388127954966228,76
52,0.6767768998717714,88
93,0.10955647843859584,86
11,0.9612920037548031,83
15,0.09524147318904574,73
42,0.3845094398247765,79
98,0.9691024783101463,66
4,0.19483572811411842,70
42,0.44905611877139406,15
45,0.047614778876513886,92
74,0.6130428410866534,69
93,0.3542779882583943,73
10,0.02688060200090492,4
48,0.5968284383589724,16
15,0.028298293702693544,65
95,0.30279549137082185,97
39,0.002566029991567631,41
60,0.0870654320858717,97
22,0.04257567597803347,67
38,0.3056381493176451,88
82,0.5621184885033876,48
35,0.6371556107123054,98
6,0.3176604303042029,9
66,0.303414752946619,84
88,0.4753760175846432,29
58,0.20598695943821776,46
58,0.7826971841087259,81
68,0.31833805911560586,83
37,0.29238829455535464,56
13,0.5084675362102173,9
10,0.8922391074608801,13
27,0.09348824237772235,26
77,0.6767745621644953,85
94,0.8552858662178424,81
92,0.12511639620353232,62
60,0.04631902800347176,55
65,0.983980197194538,89
35,0.09954099322451426,41
82,0.4294896622201646,16
32,0.6689038548662848,9
99,0.08288553306241875,2
42,0.7459494120269492,15
41,0.6084613887682575,55
47,0.5184160496156466,75
28,0.6877949751578994,65
18,0.7564264745272239,62
3,0.9762089407066328,15
18,0.5005256560262493,23
41,0.254532585716277,97
39,0.26114979301216257,97
39,0.12511695647133414,18
64,0.18630458323792332,89
86,0.7847135199269873,23
59,0.8233554229400148,93
78,0.5337403248936082,34
32,0.42004610846165635,4
19,0.43997063478955,85
27,0.3474333084272103,15
21,0.9045861289216621,36
29,0.1565457538850975,55
34,0.8609992484748971,80
95,0.29628545094488734,98
25,0.4808597579265831,60
85,0.26471452073550017,37
31,0.5120675659992728,34
75,0.7876043405864879,38
85,0.3209042571340902,92
13,0.9653100458549476,52
86,0.9283412948105616,41
4,0.8993951507549828,55
44,0.23131319562151564,97
65,0.2646335173242539,87
36,0.6140464875959973,9
62,0.07373415387216709,36
15,0.9233886993636844,5
99,0.43804174202490187,69
91,0.4919918440989164,90
92,0.9325464615949286,86
57,0.62001856767597,50
94,0.02246998530342348,49
55,0.8888817146410714,29
57,0.2579356908947865,29
91,0.9667538650946828,4
85,0.8841650331540716,13
31,0.06825523066300587,54
42,0.46839046675503215,92
64,0.13232040787549482,90
19,0.2717093902933291,72
42,0.2782643242735492,99
51,0.8289519585824576,83
6,0.9386921453248303,90
4,0.9106500678581194,13
77,0.8220681629492346,96
78,0.4884829405043932,21
68,0.7661232884874519,73
29,0.5671574811209478,82
29,0.5475779573552547,27
8,0.15592835057451193,61
52,0.8631203434512323,19
87,0.4745648925381346,80
51,0.04971124055110088,69
26,0.5004266123593882,16
58,0.29157628070979,64
36,0.6337589447283732,20
64,0.6083593809209193,96
74,0.7664199918724868,67
64,0.3875177432193173,3
92,0.4448608237110362,63
49,0.25611390339494,22
26,0.6952652406479485,89
86,0.8846961076942484,73
17,0.6992386073448799,82
8,0.6479198183079695,87
9,0.7024534599701348,75
33,0.17852958102716487,57
46,0.009351445925207647,86
50,0.33875115994087945,59
78,0.39536168712833386,57
62,0.5716537358153247,23
10,0.8905180756414763,75
25,0.6806389739347118,11
60,0.36252797440119866,17
78,0.6744563132921947,84
83,0.1636421606464582,55
24,0.3585703654626634,64
89,0.6053726117557514,25
14,0.010128808738719464,26
96,0.9610549856143723,15
16,0.4331099906075785,53
2,0.7098100191362411,74
8,0.6503029136210192,36
40,0.8971888270186065,71
97,0.8552512723196075,17
60,0.22032054976922788,88
19,0.4583125492612651,82
91,0.8635518074108454,48
27,0.9433306959063289,15
6,0.0919933201762766,80
44,0.004249519220553499,80
79,0.9648273747787696,37
72,0.10417698726677582,45
16,0.1365392417164527,16
16,0.31310546763092906,40
78,0.4768902151167834,91
20,0.49650886309077225,80
13,0.4870827036835641,33
12,0.8876492416790435,86
62,0.4985169629796484,56
39,0.8986338877772531,24
76,0.187743710230316,35
59,0.8545322097950169,1
30,0.7057493806826826,24
41,0.5034180613197394,92
99,0.30197165827646444,81
7,0.8110959763698626,26
48,0.9801779495159774,46
57,0.21831557862960715,16
14,0.018267604682923433,96
47,0.14110654661786126,82
64,0.01408099796164164,48
35,0.6725484339416352,30
58,0.2696756947545986,78
65,0.9878020781951421,50
82,0.6161559801520159,6
72,0.939365663079788,52
72,0.3808462738132121,34
19,0.6629744228570179,67
1,0.8480427728324403,70
21,0.6069927095186383,99
75,0.8730962803478436,70
53,0.8635555310203046,53
40,0.4431906796410011,39
51,0.136335578162179,25
11,0.01367271263672809,56
45,0.2582518768151313,3
24,0.09029390847846941,31
81,0.8142332370463256,5
7,0.6176737177014507,22
8,0.8592918783378922,77
38,0.03898127130356488,84
12,0.4981139275311053,35
59,0.9705287403717914,47
15,0.6599868985934744,86
12,0.09618880715019829,87
49,0.5982303923153884,58
35,0.7409566988112253,86
38,0.17471345105565927,15
84,0.28018211877674326,62
11,0.7785223243691348,79
44,0.26877810813308234,79
41,0.6139503006960413,62
6,0.21598268394404585,70
49,0.7274857826528731,86
76,0.22773337858436193,12
77,0.11121005747575685,85
71,0.30664494157836,7
48,0.25481385703747406,37
83,0.9614881422539701,92
64,0.33023123070174665,95
92,0.3569957680344824,17
41,0.041794072306925,94
35,0.7299684499606937,60
83,0.773934909952142,2
7,0.19210209112637555,57
94,0.9544007203555857,94
67,0.7231151936486588,8
77,0.9572595110928857,20
46,0.4470286392682761,59
22,0.054664508892356634,14
4,0.8569425946423721,95
47,0.46593999572160094,94
75,0.3350166616641591,8
75,0.47313028804327806,38
43,0.8147731453221194,52
75,0.25161658607015835,5
59,0.9986037560715871,41
13,0.8122521142675895,49
75,0.7920580139348662,3
42,0.24903497209451742,32
70,0.9848485717582565,28
47,0.4310558692389044,59
48,0.9848595890450325,49
18,0.23187518099413773,77
30,0.6553938801310327,55
5,0.2285037438901233,20
92,0.16579006451356826,37
48,0.5775520497872902,31
77,0.8312659414600266,77
10,0.25045252054633504,42
62,0.5071397397363329,26
98,0.5772135646341832,3
64,0.03207672733393918,29
67,0.8462506881844303,55
14,0.6935077453150367,20
62,0.3787478678348778,93
4,0.5716966291191856,76
93,0.22792161697535662,66
56,0.1682282171658086,6
11,0.7959246926733203,91
86,0.34657803881779214,54
26,0.8060038884595137,95
63,0.36831205757526964,46
81,0.31590961967519193,39
89,0.5628328688170458,16
80,0.5636724106092164,35
64,0.41909883239642787,84
72,0.2035550630083005,17
47,0.060127918428950156,59
34,0.9462600659712525,95
52,0.4936615606301009,33
86,0.19898114721892723,73
39,0.31925192178237816,96
58,0.6483089636256141,21
18,0.18624262964468719,8
78,0.5628103188841986,2
58,0.6148534432783032,84
73,0.27239030711930934,30
90,0.7932288090287376,81
68,0.22506386134796164,38
44,0.5694729536149925,28
78,0.08511244383301164,71
79,0.724127830517114,47
12,0.8101589908148229,17
93,0.2798405455915002,39
10,0.4124822592504843,39
96,0.18171786786430988,54
15,0.8757215976148294,51
11,0.8416782391413993,58
43,0.13508877130383445,64
99,0.6937072495019414,13
69,0.41414516643759225,48
46,0.2606716244424876,90
96,0.6849533743189113,73
27,0.3780003363427129,96
85,0.7190419716280103,47
40,0.5736999899336749,84
43,0.8127691897275934,8
23,0.6946331502362004,32
21,0.05932168946578853,66
41,0.8798516133415738,21
29,0.9790949823922601,62
98,0.30073336892177394,82
24,0.030705818982579625,80
31,0.46368233415328264,32
23,0.7943058923623482,76
67,0.5129143202979562,60
7,0.21329971530842995,42
59,0.20101587043364988,91
86,0.11697593180674715,86
21,0.03736075133073735,33
22,0.9131964821634501,30
6,0.4405822329600002,42
49,0.18279765650758217,59
4,0.7838457325935888,83
34,0.2243992126347235,83
51,0.6570133178571834,42
52,0.8515854211036196,93
10,0.5866876075677389,33
59,0.04293664637407735,95
52,0.9140065037087313,36
84,0.3785109201574287,53
82,0.4724785802742557,47
55,0.13502655303142508,43
29,0.06876176619944474,3
64,0.3557657933399597,53
77,0.6570529617099519,19
51,0.8527858818324284,75
20,0.5809490060691246,82
52,0.18825071049335473,9
9,0.283225316069349,67
9,0.8526386940602206,75
27,0.32714442700257884,8
40,0.972157906234196,51
10,0.28959129252841165,18
47,0.21167949007558462,24
50,0.6933597398343269,78
24,0.8312467228418592,73
66,0.8991617750565014,6
72,0.7457758061891672,62
38,0.6970144328854481,84
8,0.5504968286442945,82
25,0.3279254071546559,31
49,0.8963600624027488,54
68,0.7701935929439073,91
33,0.7724971024040315,74
45,0.8308663176414735,2
83,0.5565149322669707,40
69,0.9403986415786452,30
54,0.8031001833940703,95
13,0.7836559066109126,21
16,0.1448817898772523,87
62,0.797217800656833,85
13,0.7455427470268653,17
58,0.028541076056711745,12
80,0.7090103825176882,96
5,0.15007345558147722,67
1,0.9781174312685053,26
18,0.8064564307892301,25
45,0.1718847031416303,40
75,0.724720553374913,68
44,0.11098886203988723,65
5,0.1549287616739724,75
70,0.09440783224997429,14
45,0.6374809506593221,79
17,0.061210681577160364,99
7,0.7713659731872266,82
23,0.4294735171707048,28
66,0.7201852155246331,58
78,0.8410800924897797,9
35,0.18734948761563852,53
4,0.5364358073921192,82
25,0.9046854265456896,2
97,0.5732859551011964,82
33,0.9119153802466441,81
55,0.7202256476588634,50
27,0.057789029974398165,12
36,0.6392765122603409,69
3,0.6897921330390417,86
89,0.7813733343225102,25
67,0.2504133348077896,87
88,0.829253184233271,58
3,0.909932520745106,98
69,0.9680165973542296,38
22,0.933687130577606,98
16,0.4439934163032969,46
1,0.46531487038124575,31
36,0.7149575742320587,72
10,0.7690160329291017,50
5,0.7371158353553459,19
71,0.7134281194177386,78
1,0.387078788319414,5
48,0.3608870952277434,71
66,0.4937675350757864,68
78,0.32152401852566626,68
11,0.02204100294504374,13
17,0.5274382051846671,2
57,0.858378542809107,52
6,0.17746758084954706,22
42,0.34367061608808314,81
9,0.6554916402409138,77
20,0.6306098077638754,24
60,0.15536824719062103,51
26,0.6583554910772806,42
87,0.9356968041597452,28
71,0.9442024489558418,63
71,0.4287428491678321,97
2,0.8219173438421468,55
66,0.2275905954212959,67
1,0.19505967855260764,53
60,0.9765374954101538,63
64,0.3471401032336475,32
90,0.5904198990545438,34
97,0.5625775769803049,47
17,0.06860355011736363,32
62,0.5843026784550637,69
57,0.8890469655243497,90
83,0.7160796372400757,25
77,0.48374741958279044,14
29,0.21750082560120132,51
85,0.20748517228828978,2
23,0.6674333809905554,18
64,0.7798506120086404,73
61,0.20780877554903165,20
91,0.5678781948112294,8
48,0.07684100744469557,33
70,0.3295670481484627,1
51,0.5072247607247299,44
49,0.1643001278007301,34
41,0.006269235364664505,45
87,0.5411056160429052,23
78,0.004312992209272504,51
22,0.6357596445695471,29
78,0.15165623971632913,7
84,0.7499991608759063,3
6,0.166617085435671,88
28,0.9784903207144596,88
87,0.19467689949561273,84
18,0.9755985328836941,48
18,0.8550722947575509,73
82,0.13726328455759318,51
45,0.32590445220409603,82
98,0.0539091516217336,47
65,0.7756387519473803,30
47,0.5371304223093347,9
55,0.16270012218899854,96
96,0.8942232797576611,97
9,0.7367187495190968,74
89,0.13922665726075067,98
8,0.3591129424110391,6
92,0.41317866336982023,75
46,0.3211547280768474,58
94,0.2972170197103654,19
10,0.913225065006546,61
78,0.15440318416060128,54
86,0.5700650254131377,7
22,0.9276845762717102,75
57,0.3856269723482959,19
65,0.11160419409146216,56
92,0.6032259503169406,2
21,0.68864585489803,52
84,0.09146329055994895,11
35,0.2615283640796411,6
43,0.3120340721257252,54
6,0.8790246368997409,62
85,0.9389560598942499,44
58,0.02320713030322019,74
24,0.5554071655706941,42
71,0.06718141037148606,90
61,0.5830956157885485,6
77,0.6880341641191884,6
63,0.29587972489452774,38
39,0.16041476751780726,21
71,0.5579918616219285,47
94,0.5418360086054924,18
25,0.05783901873155817,45
75,0.9957346126500463,43
20,0.9061855473641285,3
97,0.6431551608159635,76
58,0.6144666582698742,62
7,0.7473612106272111,50
28,0.266040167721148,98
60,0.9760194747488944,74
47,0.2838228958497466,13
40,0.0889596559022402,14
53,0.401991531507801,71
14,0.4923751545898496,55
36,0.5241211458158322,17
17,0.7146559080279796,41
92,0.533632143783189,45
72,0.6832659260041125,75
42,0.9872176310818722,5
93,0.46189308125763306,50
96,0.17334346268894374,31
50,0.7093929781450196,71
97,0.935343791573544,89
63,0.17607339343542472,72
76,0.43073577595946033,77
88,0.3011413984072191,1
68,0.31202057798262584,29
97,0.12925788065489074,41
1,0.0008834839770862635,3
15,0.5151720467182139,18
87,0.23277446773263133,38
15,0.011323453938383299,22
93,0.5924988891155083,99
47,0.5360766587257995,92
76,0.040129325804260985,17
98,0.480117939994942,90
11,0.9827576786778882,21
19,0.5700223530596276,12
55,0.41839985293271875,27
90,0.5410697187248348,54
19,0.45214760092108,84
88,0.08721990627269238,67
33,0.6528247057780184,87
31,0.0027536301447801392,6
10,0.951645330771819,83
27,0.44707544022077295,21
65,0.41703375207917626,93
13,0.24344362139291442,41
55,0.012378549736640987,34
45,0.649439246130097,22
38,0.5972100609170986,64
66,0.6360992778972439,72
8,0.5998006854892488,92
19,0.9535783819736667,74
17,0.9760568597397845,67
97,0.15283499863325867,3
3,0.052315837601676685,37
22,0.0320803137475979,6
43,0.182054596184837,13
88,0.8879791189644283,28
43,0.9023996453566008,81
1,0.2666328052749444,6
65,0.46211396617804745,10
5,0.2289756177103709,62
88,0.33765332432299733,63
44,0.5092423383219553,50
45,0.27348788684335557,10
14,0.2572806715017054,88
73,0.5125054817581662,33
73,0.4412980525164629,49
68,0.037599533372908556,22
99,0.0038176538380884084,40
96,0.4966536219553942,7
26,0.10406207624764552,3
13,0.9697874277546488,40
44,0.4107385490962796,47
63,0.23558531932809312,35
92,0.4068331802121573,30
43,0.4060106224213119,12
9,0.13635710018159652,74
68,0.08267173100500957,5
84,0.17645668838256745,25
76,0.23771732276844204,17
82,0.9734551813597754,38
53,0.8798639855950096,46
52,0.230721996468223,9
86,0.8365769502771163,97
94,0.035000792322703034,98
85,0.9019316811200333,63
13,0.25419621222747,58
60,0.9828961167384163,60
39,0.3449024892168896,77
53,0.9636857772198042,4
24,0.11482063260077713,85
67,0.32234775511731606,49
32,0.1467537324030328,35
99,0.2213395404697288,48
82,0.6309340933542628,99
11,0.5314650140848663,53
44,0.3790195876180259,51
40,0.7315958445206474,57
27,0.7562914307314685,74
30,0.13095952592771232,88
12,0.3605185844650759,52
88,0.6148737887051213,73
20,0.6223966007561897,68
2,0.9096832259966163,52
58,0.7658757687301525,14
75,0.34817717117309865,9
89,0.9548494827233439,96
13,0.6991744377434199,71
86,0.1422472421256542,43
46,0.48667511791135887,60
89,0.017188143648883325,35
5,0.233961378545555,27
96,0.15968170729594966,91
27,0.42559936144519417,35
11,0.9794481173168211,86
19,0.6897184033766096,93
65,0.1407861545361896,60
79,0.9267470553240535,84
85,0.2504434879141202,25
42,0.7024154568802444,19
46,0.5786320591612233,12
84,0.8156176951965011,79
61,0.6924091411473667,62
37,0.08649056823780987,88
51,0.5314767632896779,2
86,0.07490974992117261,25
78,0.4548977860336527,34
72,0.5333233661004884,32
4,0.09033240270260345,78
5,0.25331941215651366,11
88,0.5539910495714924,63
65,0.2672170113412261,31
23,0.4944855884115993,9
6,0.49234236618910754,91
30,0.7549934757682863,7
6,0.43538663310794756,58
57,0.8681503201480324,15
54,0.05526687922237139,42
2,0.13458858234600823,46
52,0.8151286637614695,36
66,0.5564922753273345,68
15,0.02456449078429679,32
81,0.9227212443363008,38
19,0.39764227456900425,61
55,0.1862861758248182,7
53,0.6787846574859936,40
46,0.4463091996674098,11
82,0.41999697639796674,96
82,0.7264643446042583,11
89,0.38328455024759234,65
17,0.6636189762534915,91
85,0.35052359498854835,65
35,0.5233064256518234,17
61,0.8974283424598285,42
5,0.557980760855965,51
17,0.18112808039408368,80
2,0.7677521116780809,87
18,0.8545022319996282,43
31,0.8765674937502494,90
80,0.29844574688546277,58
43,0.9692665377796321,59
49,0.40835755195899837,82
40,0.7903960707014327,13
5,0.28352074913351,84
67,0.3998240118367349,98
75,0.3374000317115018,34
73,0.726366423819362,87
34,0.2218910538819613,48
4,0.10541772297952356,55
81,0.6956502801669187,4
66,0.3441024827091381,41
95,0.44046991427226234,51
76,0.9896359917833571,32
99,0.22372742004276236,8
37,0.19449070150140702,34
5,0.3522282178917223,68
49,0.36879849674372267,59
33,0.5671877381894509,10
79,0.9618909235628212,33
49,0.16077262087162802,63
18,0.6757905695338065,69
67,0.009578049041892744,99
11,0.9873386073398196,28
6,0.49639675069548517,2
46,0.007681148313398389,79
15,0.2647699414405933,32
59,0.20254790021681945,34
57,0.7632646288472094,4
4,0.08769074465514881,59
90,0.9975343519555219,11
1,0.6381419213754037,61
22,0.17264254620597308,36
22,0.25095714243692147,68
57,0.5556510585434306,54
65,0.586371861518485,31
51,0.4864107080301704,32
47,0.8977583030788816,54
93,0.003106736886656525,71
56,0.8425513896235521,68
2,0.8237467793774743,52
24,0.36170757077840177,11
92,0.9317650948381065,72
72,0.7362278766961754,18
26,0.5919827370736366,74
25,0.13734692826521577,18
97,0.6728459964837437,6
61,0.17546429974582167,85
84,0.532808755561539,62
53,0.8802064272660323,71
8,0.646947002117079,64
20,0.03474383162575656,80
67,0.991984684525708,19
96,0.5596284275249668,97
68,0.7256461489290148,24
46,0.0959793510822694,26
40,0.9561506105599265,64
6,0.979247831945685,57
29,0.6970324828933983,93
15,0.7977731475806441,39
80,0.9943968292571407,44
90,0.9536283356582572,54
65,0.6576929745753627,14
74,0.6909560727021056,87
97,0.7921427308108511,73
64,0.5726389547476342,90
6,0.9823012411288377,3
6,0.3578526288900957,9
80,0.7943799455942945,85
25,0.40723736030679736,99
54,0.9196833757934297,59
63,0.884949687549672,27
15,0.3006923167433232,96
82,0.3526962379121248,84
50,0.7724988217482329,40
3,0.10163021096040636,5
62,0.3314047061045441,66
20,0.036240534707194905,44
25,0.3723939941751784,22
15,0.3265145654902726,3
88,0.8979092859362869,42
57,0.8137064626383161,55
45,0.49088536342640465,66
21,0.886223611943838,59
30,0.20076288554649246,93
46,0.41043428204647026,74
69,0.43581387242393865,73
25,0.008803903944908154,99
55,0.6997595535518436,47
74,0.5365583662749648,44
33,0.9010238446820881,31
58,0.8729802516323608,31
37,0.576234386150429,34
16,0.7403195081258818,75
13,0.48208187850744233,52
77,0.7217566549131493,62
48,0.20040886391423296,45
42,0.21002549395209413,51
63,0.3144943148660293,43
88,0.461535186087074,44
20,0.032200235327758286,71
26,0.3852982377603502,76
87,0.2801032245780821,2
9,0.7750334573685375,40
38,0.43555661481795704,68
98,0.9718669928287684,65
68,0.05223809561802373,66
43,0.7433783083703616,71
13,0.9634760115796382,46
30,0.012120808043156739,86
99,0.45747604521651686,23
24,0.9589342782420327,61
10,0.9437966583035268,40
76,0.07495004186898424,9
48,0.7745572874624975,66
33,0.7629297998620512,44
35,0.6368886750260542,50
95,0.2906314125245397,83
6,0.09853651992358381,2
49,0.9820494578464865,19
10,0.6976446601806908,98
27,0.9871743883902372,46
40,0.1769027813627725,7
68,0.8014112359556096,59
97,0.8847339714515812,31
24,0.42473740567941287,47
28,0.6821351544234014,90
84,0.12443521842040917,93
58,0.7336422255110988,73
75,0.2139805089779916,91
22,0.7004700779365493,64
36,0.4046144738300751,84
3,0.21059296596972832,88
2,0.6241656036321763,15
74,0.879824784014366,66
29,0.8259355667022399,47
63,0.11894000296110585,17
19,0.7253846693224613,52
54,0.20563186409560286,62
3,0.1116152867065685,72
51,0.7795148312202121,78
24,0.7216841834577824,96
41,0.06795222071064755,59
34,0.5117760445159366,90
72,0.025591174727470745,39
86,0.5456404378476535,94
41,0.6598862378257985,75
59,0.9343587635512929,59
43,0.5080900326852973,90
70,0.7232558062039236,38
38,0.9831458094400735,7
37,0.9228061201301806,76
58,0.7409230094727856,51
3,0.11449856331211783,71
73,0.35378314809804934,5
1,0.2990696271201705,25
52,0.07927154147142024,25
53,0.04030755488981452,20
79,0.657156528086772,22
34,0.20380090215916113,68
52,0.4985248955392657,2
46,0.8855800617369822,16
38,0.9105628055515673,54
28,0.2772420086017686,51
73,0.31980936676628513,70
44,0.35635172211230104,61
19,0.3993529344878797,50
73,0.5067300559397581,21
27,0.060276973392930255,3
44,0.9758845787234565,91
70,0.8114383589933991,75
67,0.8660973941203495,29
77,0.11043276759740539,92
38,0.11619150068762829,40
15,0.6141909823078803,21
83,0.1940694447719924,10
1,0.7580360135520385,49
91,0.4251453011861387,23
84,0.4655527924660837,70
48,0.9666213266159387,46
28,0.2972880219249535,77
7,0.1666132494649879,11
33,0.27784607918649595,85
20,0.972382731539907,57
44,0.4395740969287739,58
72,0.3054666659497245,79
20,0.866753199043404,8
54,0.6607490884578358,20
85,0.2981337964661217,23
92,0.9603434106804409,61
8,0.41857777528693985,35
27,0.7334884118330648,10
28,0.197170970672518,53
79,0.07234953262111377,86
45,0.4100872076140356,68
40,0.7041849544355834,69
14,0.5623270902881619,61
26,0.3129819961228856,98
43,0.2324002902855008,38
66,0.6853914663675093,55
88,0.5906226438442405,58
13,0.44439844199786327,5
84,0.6222416580534822,84
23,0.3656032437367873,11
93,0.9842883723014957,55
10,0.21377145195729308,24
13,0.3834479792448541,69
31,0.1752876117701867,32
90,0.20178070933570758,80
49,0.36988959473458727,82
35,0.546531447359881,76
70,0.7883892341196587,58
42,0.1759988675581422,57
74,0.4591792170260848,11
24,0.24030326339503982,51
33,0.1799818116302926,30
68,0.470839905758647,40
98,0.19069594781548693,67
39,0.5174943497827281,82
19,0.9894363680017432,55
61,0.8818248969989405,27
65,0.2164382423995901,83
89,0.4065566301253235,67
60,0.8916467628401505,3
42,0.3545124388735019,25
97,0.34207357236357583,76
32,0.7744585306488623,77
59,0.3151404799118982,85
64,0.12134516919441773,68
39,0.7573523610769614,45
77,0.40934211683100197,23
98,0.9845188434527086,45
55,0.4140163188786754,2
50,0.6580122921124654,61
54,0.46711863477250515,66
78,0.9830115912517479,73
99,0.8209755603463536,57
78,0.08276981078733303,2
93,0.5230647482848125,87
20,0.16001020418035983,76
68,0.47588561966785536,64
74,0.36334294604520645,27
8,0.44767561584653726,95
12,0.37507379191876977,48
54,0.045012671811145544,40
48,0.3461036854359706,55
23,0.9034752686723869,66
39,0.7320616190261642,33
61,0.7432994162203894,4
35,0.05242155752622635,44
37,0.7369851404525637,25
76,0.07474214855287409,93
8,0.11930636236684222,3
90,0.5304967621742716,74
69,0.930611226440003,16
52,0.718563883487768,93
7,0.3580934811041052,12
89,0.06436305028893541,24
53,0.4575283021874935,2
57,0.9184784845785778,68
88,0.7354018580145245,92
8,0.9767318859915823,4
65,0.8257536669069088,83
95,0.13114857944012448,25
67,0.4427850693752655,5
57,0.8654810709008867,62
77,0.3803194134342791,82
46,0.6916799449961404,92
90,0.7396056201470488,83
98,0.8096978209046837,98
51,0.5454930599111163,58
5,0.3519511906517292,42
44,0.10593532576408238,78
62,0.6099769929845307,78
94,0.5336778745996631,27
97,0.6875260529945758,51
61,0.7533594643646039,89
24,0.6393752261483083,74
38,0.883826938823454,97
30,0.7654837415766991,80
22,0.7693725921130389,4
63,0.2022177945520609,14
54,0.5149233671700787,20
12,0.7227594740668631,13
6,0.6303464014731837,79
30,0.5415896280165712,35
13,0.7491426418490416,19
60,0.9030749989042215,42
39,0.07354301545328301,63
31,0.6041444472667667,21
23,0.6891946636671913,27
38,0.5323845685707195,27
15,0.39026078892167215,86
93,0.4729128441483752,30
5,0.7430805555947513,32
19,0.5529289851238784,22
91,0.977893586171244,36
3,0.7803882464568422,80
77,0.26375798413231266,97
58,0.9723064606689048,8
48,0.6437649244605105,83
15,0.6347206642725159,88
28,0.3430557117282421,70
14,0.8159793415711811,33
7,0.6243546341514475,17
48,0.7365985370072561,32
24,0.7326180498207981,40
97,0.9191411610254615,74
55,0.34878463293241513,86
10,0.8232849999835452,9
92,0.408457473271837,77
8,0.4687599993206296,71
68,0.06086676167977789,16
9,0.07833001557743491,11
42,0.4597911272479498,23
60,0.8118086639179265,42
35,0.02415547255319017,60
9,0.49427046607937686,50
15,0.7607451862949306,35
9,0.21445147484739258,68
4,0.5634152063597955,88
68,0.08369800725900045,13
20,0.6879144721908464,34
67,0.1095165419395755,15
8,0.40643668769041563,41
63,0.25646397315428515,81
82,0.8652881733014487,73
18,0.47725060150635745,82
6,0.36692560561492993,89
67,0.20288974340960708,53
59,0.7480259811218927,89
70,0.990497416780449,73
81,0.221735125513832,5
86,0.2795357701392781,24
48,0.377252236724116,62
11,0.6504279378688084,48
43,0.592462298823816,90
25,0.25026855147478244,66
79,0.7689785115260728,59
58,0.20910567995987606,35
7,0.7362444118025484,62
84,0.40313538753454026,72
96,0.43452753942442135,61
81,0.7325110610624314,49
21,0.5075297686101693,65
30,0.7771484732846172,45
79,0.8221999953029241,44
53,0.5409071574151069,95
40,0.9121131410554738,39
63,0.9017717350846457,76
92,0.5080307853260853,18
55,0.9103151908568202,13
27,0.7389605024237972,46
59,0.7414101253158655,30
34,0.5370827290882919,51
8,0.2411411182297002,1
78,0.6276901384322977,67
34,0.5396966921551415,98
72,0.3474899159914804,13
53,0.4759654477398354,41
40,0.6238034737914049,63
98,0.6284159763574902,27
60,0.7885373614566474,6
2,0.34637771043304444,13
7,0.7967072127757316,50
4,0.30675089765600305,95
16,0.12544330019220717,52
10,0.9788590495619963,2
40,0.7620476987272162,17
33,0.8055742879350468,4
19,0.15078260729238158,87
19,0.2136501552732566,93
36,0.3713453632714465,24
44,0.8814754628776557,2
67,0.3874998207888135,40
64,0.32878141401147176,96
28,0.512466743396123,12
2,0.9773309756013068,17
20,0.6672267132311124,31
11,0.1475516602052087,60
80,0.628349235298185,50
48,0.9264312111085896,92
61,0.4816410794219663,97
55,0.8884132770383059,79
3,0.601862073006564,4
29,0.8200424696047584,98
90,0.4387316285158829,88
24,0.7357495723875892,23
16,0.01485288885107594,16
70,0.30866836196311176,33
34,0.8479910316706771,12
74,0.893208593347171,21
89,0.17835189540511565,67
5,0.5924192935470005,21
14,0.2598989227219195,59
76,0.30373842334026147,31
53,0.7309890640722186,73
52,0.022355257495155212,89
31,0.9747828632090575,93
94,0.19382937659851018,31
90,0.6648517556612069,66
65,0.8961799463752371,37
51,0.07918308772177218,23
15,0.06659599044971631,26
99,0.9500634892018488,90
8,0.917551626631678,68
41,0.8828435322838166,39
12,0.3431668351392193,64
97,0.2638555168802055,23
48,0.4284251740813283,18
51,0.5194026210552922,92
97,0.4616900301422554,92
2,0.5546719244832967,91
69,0.20934467290033143,90
39,0.582447026804117,8
1,0.23825649530147497,84
25,0.6653057845563632,73
79,0.8260839636868645,8
4,0.2025982660863077,80
92,0.6211856029516208,94
58,0.47381878430831514,34
40,0.7369001045535871,44
8,0.9214989476519515,78
94,0.6690249280435194,51
3,0.8503711646952643,10
65,0.5736845637501345,55
84,0.5883089929436459,88
17,0.5130781724625084,18
91,0.5141539983826227,63
78,0.8925538306824375,23
8,0.7119932901794944,98
86,0.9498916867392979,74
27,0.1922026967029934,18
81,0.5954277756882546,88
13,0.2237487086223735,79
69,0.3027550582270163,99
17,0.5774713145557826,4
45,0.8411917666024359,27
15,0.41279647735726777,62
64,0.8212007481542665,52
5,0.04663963802664295,55
82,0.23223230608124767,30
74,0.4056890989078942,93
55,0.9412339928713888,21
69,0.2976235625863448,8
99,0.5924853368854558,30
71,0.24527429779576682,74
75,0.1404708709732535,39
73,0.6976251882054297,46
37,0.2121248860034075,74
99,0.31707627700391994,69
97,0.720706074145546,7
51,0.7720401451852317,85
28,0.10012882127236289,83
92,0.7673164585614313,24
73,0.4881725480508897,62
56,0.8857784590211669,62
18,0.5823170887449824,6
52,0.07281214115841594,81
96,0.4348999185045045,35
46,0.11983689778804774,86
44,0.7481854805982091,12
89,0.7900860288129782,46
46,0.2637886395250407,24
36,0.8489690510688807,27
79,0.028565355065821252,12
3,0.8806629544875544,85
45,0.0664723756249519,11
49,0.3795595833782477,83
58,0.36962955240532824,67
2,0.9747985929072287,92
15,0.36573445264996274,52
18,0.07635286801385488,72
45,0.5100785604063003,28
22,0.21900694954917133,16
35,0.16564334299642514,78
86,0.14512801902496997,21
72,0.5837483675406644,83
32,0.7132226246518256,85
64,0.03301354950951274,70
51,0.2832403510427114,6
77,0.6951491450313226,43
95,0.5294216581205252,52
64,0.42117586724471534,59
54,0.237243806090373,52
74,0.8574949069041917,60
19,0.13178064914120557,13
73,0.21727042036413924,59
52,0.12759348309027552,70
53,0.3708650981988021,54
27,0.39055525609093944,57
27,0.26337053255153364,1
76,0.07093104648666637,19
27,0.4166719490145868,75
32,0.053890523248943945,94
22,0.7898778883706749,90
85,0.14569328385143543,21
51,0.7836341414849516,61
11,0.30457482047676754,25
25,0.1400878048480454,39
1,0.6884135125173079,94
44,0.6488298139411396,1
47,0.661876462271774,46
25,0.5762222582651174,53
44,0.20370834441283625,62
2,0.9331380679282952,71
63,0.848424784557501,28
45,0.9217029868292202,99
15,0.3344199579744498,36
51,0.5868733697700657,30
51,0.7594710809200413,51
42,0.4165330767433235,34
80,0.27784970578966905,85
25,0.5184317279735768,76
63,0.35029423243732305,46
70,0.5685139230519668,94
94,0.5526262785558125,25
17,0.4969521624544577,82
99,0.8240601364923474,35
10,0.7009790602520791,75
79,0.3605842197873086,67
62,0.9633552312593897,98
35,0.5057109820961136,61
61,0.5586242270655372,31
2,0.23701456680242017,96
78,0.45166242307826654,39
51,0.24194010508042474,64
84,0.7229355952475355,23
10,0.7369556275164446,45
58,0.5090517409508357,94
91,0.6666374103405133,63
68,0.40195859260448785,54
41,0.2497758703497185,98
62,0.6490322369723781,21
58,0.23877067788889272,53
17,0.44349077846158813,57
2,0.14969939964461143,80
77,0.8452420025361155,26
32,0.7755509577249071,2
71,0.33674057409322766,24
92,0.9805419418139515,42
69,0.6027268483480067,73
95,0.9097625890467723,51
90,0.4216088808999434,66
87,0.25446341432306596,61
26,0.5930527730968194,13
86,0.044974960561597666,67
19,0.17635558267443008,75
26,0.5186223821636918,18
60,0.6664815334914591,40
65,0.47623518443358426,45
5,0.8253106623528418,6
68,0.6733216621108872,49
95,0.0850779739197498,63
44,0.8615081097691645,27
14,0.5881451931201941,23
27,0.7346614375323341,37
15,0.12224506499685639,78
76,0.1763707728912658,32
99,0.44322457517564995,91
83,0.45742245558943706,44
30,0.48913468518509284,99
94,0.04779825791679759,30
30,0.35900253302112484,51
63,0.6408895510340782,43
52,0.3825820592203141,75
63,0.8563360247085258,59
84,0.17549536204575278,95
27,0.9578333089202952,15
23,0.022079306309503166,84
11,0.15005480931000537,72
60,0.5908041044644324,70
1,0.12618324127293867,38
12,0.9764268398906256,66
38,0.7774230613693225,1
82,0.7082042109180036,88
8,0.5187374027726758,3
85,0.786255565810902,60
32,0.7449641487779337,39
59,0.9300517589139916,8
5,0.8219410897973677,92
81,0.2767406890699944,63
58,0.4143253758606852,50
79,0.2614322682983723,41
54,0.3186862424342417,49
55,0.1899835485001573,22
87,0.9152456505217735,84
45,0.19065701776684774,3
82,0.3220294277148864,5
18,0.8051005290300909,24
29,0.9979977867917487,95
72,0.599893852422298,20
96,0.41119377176510374,10
79,0.11823870524547653,90
59,0.08462430156119138,70
71,0.4082088688915394,31
40,0.049526449702751774,97
18,0.004919889039369463,43
14,0.9003251813568652,51
11,0.2103529777234614,9
86,0.15487030465876572,98
25,0.07459427541129737,44
84,0.40618185489085046,60
80,0.004683357475176453,36
1,0.5191505049417602,45
43,0.787128235585411,83
55,0.41716384506769755,6
30,0.9788909595358862,11
80,0.7613983605118554,58
82,0.14621209537064095,69
77,0.4042891345965056,48
14,0.7920283204128546,79
90,0.22769640970262317,85
51,0.5674779632479392,54
97,0.7817485974475405,67
22,0.5890006094977044,7
75,0.1759406789437845,19
12,0.3869689217889267,78
70,0.1615414026802966,70
62,0.8896525162040245,85
18,0.6634960131136788,44
70,0.6558374074504253,66
66,0.4256705090924121,36
25,0.5906928202340771,11
66,0.4208551489801208,48
42,0.0015596513113140809,76
8,0.008136871461334239,88
78,0.08906788824713818,46
69,0.02434565940543454,14
41,0.8020457094147803,3
25,0.7452479584552698,79
83,0.8305837875710357,93
3,0.17499141021515885,17
88,0.5634016317689945,81
77,0.4835739665990819,3
81,0.9830785618967753,73
8,0.795303797056321,25
84,0.674301206000531,42
12,0.44140701304744356,75
37,0.819870751569171,94
36,0.38817474759476467,89
58,0.5135368712752254,66
38,0.23633192443522788,3
46,0.7006255039569487,20
96,0.15529600759465279,67
44,0.9490461944322219,16
31,0.24218649287668637,78
66,0.811355289116502,72
99,0.9751340158432911,59
21,0.004220269663376852,91
11,0.9281224242592137,63
5,0.6804805280105543,49
65,0.6119845887489603,42
62,0.7899314353758035,42
63,0.5034417357547136,48
52,0.5835992169275548,75
8,0.9903417923500498,83
53,0.5487008967003555,32
70,0.009979214320286811,92
55,0.03554809971829287,53
2,0.36375427382973347,53
16,0.8152674619827547,77
80,0.0027816748156075377,75
10,0.04220754270272242,79
10,0.5332397912820958,27
51,0.517714780275829,68
37,0.7633153456244277,93
20,0.8651572635869089,1
92,0.8318743093469594,25
27,0.7643383170849188,27
90,0.9665205065763911,54
97,0.8714967621667095,68
6,0.8290185222030222,31
42,0.4610830120847118,10
57,0.24716632494556268,59
57,0.13335166907493246,69
67,0.7530868312406475,8
1,0.03486818377374079,92
43,0.4229256897898278,36
11,0.12274606857056458,85
86,0.4586098905458923,80
97,0.6564280581700556,66
26,0.28299786443920716,46
11,0.8487934695593702,1
83,0.49698490267994955,99
8,0.7876476385102978,89
19,0.5615952026572534,78
91,0.6812894303799152,20
58,0.9577795762824064,23
81,0.9104694042295546,76
90,0.6107038092834912,57
71,0.29535974776668505,81
86,0.5549779634393417,28
63,0.9390715936201316,4
24,0.580848469387509,30
40,0.500671303201003,94
23,0.9971844952639614,49
29,0.7379058199686201,93
65,0.44667102412566095,42
80,0.7651499787620069,11
68,0.030104615156867243,74
48,0.8632505186303149,11
72,0.5581206720279881,98
81,0.571193621790768,72
50,0.15176603178550396,68
62,0.869441634839032,68
80,0.7287299126868537,85
65,0.7332356344810046,38
76,0.10327901789995741,15
10,0.5967963938114248,30
13,0.19692026145488783,66
34,0.6992017725064074,23
48,0.2679257829978592,54
55,0.42615085875626724,48
92,0.11385205867894654,88
79,0.9546139625411862,61
86,0.4943535008558251,67
52,0.08079680230448516,18
29,0.5023342884875822,41
28,0.38324599183739605,36
15,0.6063829809468438,2
48,0.9486239347985247,19
73,0.21707326240956948,62
4,0.7535412917674934,19
12,0.6183319901249623,82
92,0.4004515384787989,53
63,0.2961385246543776,73
94,0.7794827180554106,25
85,0.35203704003209446,69
20,0.9110513366871656,74
7,0.9651881827583428,94
81,0.5547883045140901,32
11,0.9213902543286508,52
63,0.6628012813130677,62
94,0.019019758657602748,33
16,0.44296948458614827,61
7,0.8546622883778128,23
80,0.4154333109431386,69
54,0.3721579028932366,10
72,0.33007624012460257,88
54,0.6026004755313674,8
17,0.42594931763561283,96
86,0.6345575779757794,97
84,0.8822480559401004,92
27,0.35205234524494855,15
74,0.066013974308474,4
93,0.6177790991276163,50
65,0.5162873965934957,36
23,0.5649685815371599,66
21,0.3059919906437468,97
22,0.19621980492704805,1
85,0.8001781192842613,32
9,0.0639559828557088,8
78,0.2933139520661334,13
59,0.3516772396288532,12
92,0.7570686645377945,43
33,0.5839342885799137,8
3,0.6843554542321477,60
60,0.944840478030022,55
43,0.7342721947109286,22
40,0.7458117885548827,57
85,0.039425055541958076,13
38,0.600380958554056,30
34,0.21817262261313541,50
97,0.9965713486124009,10
46,0.6043297233425542,16
54,0.37642050097747815,13
57,0.2330580070592433,97
31,0.5406238194616046,24
17,0.23901418729706436,61
79,0.8892623124099124,17
64,0.30808064358952225,56
86,0.7052462365153588,72
11,0.8088582730889755,62
93,0.15395933760995373,24
22,0.016988481456099325,12
47,0.063054395985228,6
67,0.11779240001069735,18
58,0.7888776827841559,22
57,0.1752928342557779,30
49,0.5525004386495959,81
16,0.006591318977748117,67
11,0.5709326634946374,32
9,0.6676385765837025,1
40,0.13042286243127332,83
30,0.9527039451848105,41
51,0.07072420497303356,39
18,0.967087170046656,68
85,0.5539661229184588,37
16,0.23098687673474905,43
63,0.20648605900856876,35
39,0.33092444015961664,34
36,0.08225317065293081,60
35,0.9410571584217551,35
34,0.7243013413849816,33
51,0.9379163916273655,86
16,0.7158685335470684,20
37,0.1863680430433926,90
97,0.468398211230304,61
93,0.9585242527530241,70
74,0.7512832255233971,55
16,0.11980483251010832,65
86,0.79942737994286,39
11,0.815974170940866,27
14,0.3704092839751002,12
8,0.7304003758238851,76
8,0.8510744063304537,77
46,0.7995116894799974,93
3,0.05918414288286844,68
28,0.9725520392222647,90
47,0.612318749452394,13
27,0.4224457354050781,19
52,0.29348841228975686,79
26,0.44504213333829235,24
49,0.5302730741854151,89
64,0.3183927283636514,70
41,0.3090584920658874,76
58,0.7412312877257379,74
89,0.6488524236687009,68
30,0.1763123704098969,73
49,0.059197828438428246,4
4,0.30767962113374436,63
93,0.1614426918912646,17
76,0.1877833117522011,16
31,0.5755161184814493,97
7,0.6546962671775896,16
42,0.8024498971858337,99
41,0.031244235074530002,82
72,0.5284387498236707,27
65,0.5064970869015987,57
39,0.9396969991129085,52
5,0.42887628804560096,3
39,0.46511489250680704,58
31,0.8501795803765657,20
88,0.4719253408798072,51
48,0.9069573449763598,13
47,0.142377005221765,35
4,0.6219775995511964,31
56,0.4010605050202728,81
47,0.04723940383631331,49
18,0.5715556509913758,29
70,0.3840702425698035,44
89,0.7629816853459893,56
99,0.20706553099907943,93
19,0.18951756858684132,97
81,0.9607072117039751,92
84,0.0339256025440865,40
54,0.679555584762848,72
60,0.9895699908621778,29
56,0.09948422773296317,29
93,0.19215434283382515,68
20,0.6756827560306585,50
59,0.1490107389417904,38
94,0.018115325501670054,57
69,0.9643175750215965,55
70,0.7598470078714377,99
50,0.5776262352390518,89
95,0.1625050321710536,13
62,0.8590396431937233,55
53,0.9346706758224059,65
67,0.5553561661154354,6
56,0.23798999819101896,52
89,0.9634104820275883,71
64,0.8866291368854488,92
38,0.021716700699300207,48
86,0.6807795356834736,17
37,0.8595108190101387,45
9,0.09825183785905933,99
85,0.9051010292873634,45
84,0.29720914705759294,41
13,0.8710507753734689,30
47,0.8674195540473767,59
20,0.8324684518628225,41
14,0.49858737483689175,48
42,0.4504322823337763,64
90,0.7902489807520066,65
11,0.9899111556070598,10
49,0.39449646792818804,53
41,0.47972836242773875,65
92,0.956814750679432,21
88,0.4669812144528839,20
52,0.17257339583599196,72
9,0.3559975579833954,62
75,0.3384891621741589,66
29,0.4012008913334839,20
6,0.35626625636472264,77
17,0.3599368395101833,64
21,0.6332958924523192,24
86,0.34324582760586375,30
15,0.05945855848128334,3
66,0.2873572757217101,16
76,0.5993692113045102,80
25,0.42772443788299797,28
76,0.43686818451715315,70
57,0.7919918325372014,92
15,0.4584690214622573,27
42,0.05447484751043852,30
47,0.30497893218787187,22
56,0.21172228746122268,42
83,0.4776327473147416,99
99,0.10026222259926088,51
4,0.823459301382021,89
14,0.20516514274405695,41
38,0.3104136151732142,8
72,0.27841392295754375,66
43,0.09023800625881973,89
78,0.8873672926399543,83
12,0.17007743424298793,73
12,0.6011585933054584,70
50,0.06585585235572389,92
2,0.5345367410685885,84
33,0.1589397095021371,43
18,0.31637826695072246,67
81,0.32384588793735525,44
50,0.4495218525682533,70
32,0.24946187203960724,95
16,0.4068802543256277,50
5,0.8091048216706552,6
31,0.8374972904127137,31
60,0.05975217240658326,83
89,0.7041969937770034,87
43,0.7277769504636686,68
16,0.0023994874844772696,44
68,0.01715013324129011,10
38,0.08267307624981013,37
64,0.2767687127711742,30
67,0.32535832870082404,29
92,0.3792994452623194,40
96,0.9113286620971135,70
61,0.9731066522377214,12
87,0.873895284970513,43
93,0.4692548163719794,56
85,0.18953249023328012,3
12,0.5772237274186771,79
45,0.8362993459187644,4
75,0.8292273415222873,28
11,0.18221327106849206,22
80,0.6618434402160706,56
56,0.9844974529121737,9
61,0.38264488212710746,72
20,0.692722212542958,55
83,0.5154610887337105,43
64,0.8308457995029492,18
78,0.4990355412551941,24
37,0.315628403345532,37
93,0.5529812920891354,44
87,0.7631533472261206,37
3,0.11921764706743432,21
33,0.16322505520287367,2
11,0.3988863064696381,86
98,0.19716560244504633,19
75,0.31425246365701265,79
88,0.9013323310387271,4
16,0.04873299654539742,25
33,0.29026884505105743,70
59,0.8836451735185074,8
20,0.9921533881969558,40
74,0.9100865865147806,7
5,0.1905472360238195,15
49,0.5461248283601644,94
62,0.33629412154733174,22
65,0.15073515116994896,3
10,0.11595280072224512,81
50,0.8901992600523942,14
64,0.7143030707872814,15
37,0.12847361085940212,98
94,0.34005021803581204,15
49,0.04506631142002082,19
24,0.030633670199859075,91
28,0.9239949922586176,14
61,0.43222229612386565,55
64,0.37134299703404594,86
65,0.17057717898908376,36
8,0.40931218512182477,21
21,0.8369127299127244,38
81,0.6119686068034651,99
57,0.18079348263936978,41
8,0.5519837671573312,53
78,0.07110220290266056,94
63,0.8803979054257837,22
85,0.07292825710174444,95
2,0.7777401399239645,73
32,0.6296415340402739,37
47,0.4607906992516656,87
6,0.5002559965874113,28
77,0.7065536765207836,25
70,0.01971033908130282,85
32,0.7862984973173189,31
89,0.1653527209635831,86
94,0.8653457637412537,56
25,0.35675227247629604,74
40,0.2235805986310888,81
80,0.07002868721843225,87
70,0.053535064379109265,96
3,0.4935383367830969,75
17,0.907928937074224,34
7,0.18780325681320698,23
17,0.4306840230423421,9
47,0.8616090454779791,11
99,0.05507871970078648,56
61,0.2186876857028176,56
41,0.5464174305384777,49
50,0.6934824006166282,95
3,0.0649039844992676,43
16,0.826766235871784,84
35,0.38472707065842815,90
44,0.647873970914289,15
37,0.5846570636955999,79
58,0.45472286739715917,34
31,0.6227037032986457,68
74,0.5693941902776131,18
43,0.7095694608799601,34
62,0.9177899824647427,60
27,0.6312966734115356,82
2,0.08841311246725903,79
28,0.3453004611233549,71
60,0.40220023264226823,73
91,0.9519696542168494,80
95,0.20599836594232768,23
21,0.2761278172745816,70
55,0.47929970759504015,37
40,0.8733602451778483,87
71,0.45853563779338835,25
70,0.24922847537818205,88
64,0.7241434279926092,53
69,0.09137962753524975,81
19,0.1474985907937887,3
74,0.03447719507200908,55
96,0.7385950310072315,96
87,0.7900064113821577,47
45,0.07686911096101079,84
12,0.24589513127204832,49
1,0.27808340022334954,80
22,0.6453575774177954,37
79,0.6465807229578878,5
72,0.3565145578402473,14
71,0.0435397543144701,33
61,0.21483265277295682,90
20,0.35544433534239617,46
41,0.44213630459788866,31
16,0.7125187144523794,63
55,0.8283450246806038,49
74,0.8820626950038043,83
89,0.13416979127838324,82
36,0.30460619217516316,81
70,0.006897121910843129,30
55,0.648139925580485,54
4,0.41271475700122273,12
42,0.1883339452460837,68
77,0.8233816424154096,45
22,0.5286513593876933,92
84,0.1670694486117411,15
59,0.10484468968293836,64
84,0.12955842133311557,58
23,0.161968778108867,28
20,0.6991395528056846,55
63,0.7488809794238165,55
3,0.1365153017624885,49
89,0.7945284407984982,32
88,0.6755358674810684,29
67,0.850716131134429,62
19,0.8120528347629458,68
19,0.5707567669344061,20
9,0.04606162083798748,50
67,0.10505537431221812,24
95,0.6438373194686202,15
38,0.38021611796927746,42
33,0.2566723547544705,3
64,0.33194687368657627,43
22,0.46052134188148774,94
25,0.9791972951782419,68
98,0.7182305367952857,70
55,0.09285644724138364,34
70,0.7810747511510202,79
9,0.6493509318610862,45
30,0.5908879517357962,67
13,0.6486608112849441,21
84,0.9331416071329343,55
98,0.948584333282239,34
69,0.2403578710494223,25
72,0.358166031022061,62
18,0.18992307171677902,47
84,0.8884352257006288,62
57,0.19072438895797394,79
95,0.12828396186543578,78
65,0.16523350092801636,81
27,0.8977647246349335,3
79,0.7801564442475695,41
62,0.8707934359136538,83
65,0.2837773294332828,56
93,0.7829047964737805,55
38,0.4698952439841385,8
37,0.5949340242995335,43
77,0.6185108341553466,13
51,0.38411534130616565,64
81,0.35949540995246665,80
58,0.8465957616884014,69
79,0.44265343487780195,56
18,0.6186111909139207,29
60,0.8434779917372608,5
90,0.559100508492962,67
19,0.020797437483836778,14
18,0.7738212732340827,9
49,0.45112154529127324,97
55,0.2248897888525493,6
47,0.43313213965044717,98
49,0.6013795757914451,98
65,0.9623712685497743,55
24,0.5144550311979794,17
58,0.22839605827375953,10
52,0.6516697276699875,81
74,0.9769441952546131,91
6,0.8385642617690375,48
80,0.9533071641876203,54
27,0.9499697298918164,13
46,0.607459888675547,91
1,0.3438833776392145,81
28,0.13156525201387848,76
50,0.11604242915250729,87
12,0.6467358000168495,99
21,0.49786045741009455,67
51,0.8800853576130765,66
93,0.5685675348640895,92
40,0.6980414846737093,59
43,0.9298377485788919,94
4,0.5946534201505425,58
4,0.05134505799390621,52
57,0.17570982828523685,29
84,0.730643445912295,76
62,0.11668351414905398,31
53,0.6999666526596098,39
31,0.2769060147402588,68
98,0.8439618082455156,38
75,0.02409137967202757,77
10,0.41304186650491437,59
86,0.638592783156721,72
30,0.5759831612096079,30
4,6.043420682844136e-05,9
38,0.4345605180954585,95
57,0.6154658548080746,41
37,0.7940440456778619,42
52,0.09070415145130428,15
13,0.13225372830267146,47
68,0.5509898018477264,54
11,0.9400235586620567,46
1,0.7240544166355412,32
66,0.06961061701425408,31
50,0.47042091812622344,1
54,0.7681285333961629,61
14,0.6553054340946373,23
24,0.007235577225469858,57
24,0.5237141301344088,55
17,0.04604444508370953,22
20,0.052395158873903336,58
85,0.5883980992374934,21
35,0.1392245771424222,22
1,0.8876858595333484,26
24,0.44520135594603216,20
12,0.4105827349145661,51
97,0.5829273454094976,83
40,0.8776562429814474,59
61,0.7383468522995414,67
66,0.3743163268126338,75
2,0.5599405825214886,87
80,0.5971728849169671,25
51,0.4338743057446254,32
59,0.16590442427257546,83
15,0.8273934631928925,32
24,0.6479460927741988,61
33,0.09398173825672385,16
45,0.6780518568844156,53
67,0.23326641264925319,9
75,0.4801967492263325,43
69,0.007822032232472242,84
79,0.4555423954609984,38
3,0.22946881543982223,17
93,0.720454824269911,9
68,0.7978846175162669,28
23,0.027621659912038354,10
35,0.29907468328363696,82
62,0.11361742857890011,7
97,0.5895121730977991,11
43,0.7060971802656263,63
60,0.5518479022648617,40
89,0.0426710682062289,15
35,0.4679575648999734,46
16,0.8250000588442195,86
9,0.15993914629424366,19
87,0.28362184629200693,44
63,0.3283942077036873,51
20,0.3845786084006866,34
11,0.5924439158562518,26
63,0.5163064802751449,7
64,0.3628833527117471,70
23,0.5188213258915405,48
77,0.5098929432211247,50
28,0.7026557580130818,47
34,0.5700829328924244,85
45,0.8354013531033,24
99,0.9756431101041733,9
98,0.6389432991778429,88
86,0.7785201773132139,93
6,0.6496100673822026,53
97,0.9977788776688151,3
9,0.5164925425868268,66
87,0.5234783291847992,43
65,0.5293201463647064,68
30,0.30455392170551276,96
43,0.01953395936259328,14
28,0.9252815248610525,80
8,0.6722369192776586,83
44,0.2998750354032478,93
7,0.9129250445628214,77
66,0.47036547604430423,63
40,0.6292529652491962,10
73,0.37026827731923595,14
46,0.9782560954204429,22
92,0.0699065548018053,1
93,0.17244383809840746,26
15,0.7725627984864731,11
63,0.24446306044856747,94
96,0.49534910207352345,52
41,0.2957802450925513,49
10,0.6721194683277818,21
25,0.08051243310910472,1
60,0.5038994050038054,28
56,0.6034570783037448,18
39,0.8793756452889695,84
42,0.42600069116387307,26
26,0.40372783165968096,78
95,0.5418443628331358,36
47,0.3800448586561239,25
57,0.3139863243983192,38
96,0.41735426704069867,62
79,0.2992048180855734,87
98,0.7756659440884691,9
43,0.037661815576970015,44
64,0.36322520221499077,45
9,0.3907978207414632,39
89,0.7193961608603813,13
45,0.3509829796752999,82
65,0.5539206370486067,67
27,0.43455506525346466,34
54,0.7506881733722645,79
64,0.9503553916604697,89
22,0.3174729227723295,59
35,0.2194817337371311,80
34,0.36675889341062506,97
42,0.3689612386278538,66
33,0.12137391580996715,74
11,0.31637477938366,77
35,0.038599822089217195,52
36,0.664397461103175,56
43,0.13904591859632454,72
48,0.9988562181188424,18
5,0.17872517452068915,54
77,0.6175433356543107,86
19,0.00421591837422608,48
45,0.03280842512088866,78
60,0.07458305474270976,39
31,0.8819541714181226,12
8,0.55476818994125,85
82,0.8920248887240176,34
90,0.32186831432284957,20
32,0.7280914363446275,88
97,0.6603636496809601,55
16,0.061177818826518515,34
45,0.3220538665640821,94
12,0.10129435589841462,45
83,0.2709359088099116,12
8,0.2213788488397853,8
70,0.8831303196414443,90
16,0.6751267050171561,27
25,0.7241777880323824,58
10,0.89798309397238,97
28,0.06329641159675159,16
58,0.7530633449758781,9
92,0.9687585833530963,11
63,0.8639489098181503,32
24,0.24366814975490902,66
49,0.09997285420999424,38
40,0.18544744149521197,38
76,0.6551815824225353,13
50,0.7341603712125515,7
28,0.35362074194689785,83
29,0.6641298810897281,72
81,0.3197076995383388,87
15,0.6479197894024695,89
92,0.5756498260469073,74
36,0.5868359157073124,69
2,0.7156970871563356,86
68,0.3900605617575327,56
63,0.803926598691146,70
68,0.8403336199442951,55
54,0.9917829154666805,61
94,0.9371205323222569,36
82,0.9341539270163065,91
75,0.9455247856016973,63
63,0.9363315990484705,68
71,0.5055522542329236,52
38,0.7137236197190991,9
27,0.30261362477049447,10
74,0.6877320723597915,92
89,0.7989795643742285,42
64,0.8756368566461951,91
93,0.12062317173014647,48
27,0.5311635195163875,69
36,0.9337031844709229,73
18,0.7700192491583198,69
28,0.7955591769402786,42
41,0.0128999119724299,95
1,0.13499790190738836,59
8,0.7520966518135083,58
72,0.7300476785981145,93
45,0.4961788079886964,16
95,0.4632102348224574,43
47,0.37332316646467467,78
84,0.9312314459226292,46
93,0.270457562633592,83
33,0.4439759031952323,4
21,0.1613277536153379,6
74,0.13967471497795803,25
41,0.07252130635183951,14
99,0.021685023935591685,87
31,0.011661961667535636,41
90,0.38969090470216583,42
88,0.5168016034073281,1
58,0.921789755744794,97
7,0.9269824403023842,76
75,0.7293852174012456,39
62,0.9435119672140415,32
66,0.2741078682588258,1
27,0.22871063881950904,87
18,0.4670887241531374,69
35,0.5340463532821466,30
31,0.8400992729868032,32
28,0.36038521458470085,96
92,0.15259152897570927,77
45,0.8608731990985293,12
60,0.6245323145793495,59
78,0.12329248929905512,9
1,0.8624501897274096,20
45,0.7446098250156649,4
14,0.6289015217048904,55
93,0.7616724629192166,42
71,0.5828378984859863,75
12,0.11477313393167166,25
93,0.7391078190136543,10
88,0.6095066922708164,85
80,0.25745292151932464,40
45,0.8378389499295358,44
2,0.15465803579686133,20
43,0.896443647926132,95
2,0.9223626714321275,68
4,0.4459520705452801,2
57,0.6447250863204024,22
76,0.010615830985193808,81
20,0.20390681528991572,25
68,0.393426375059132,17
32,0.6537494899895526,15
9,0.9544144014019131,78
33,0.22297981038130477,70
5,0.9874364940936733,68
46,0.7892447179400124,98
11,0.0721276593457606,75
74,0.5261489891710266,46
6,0.12139157918526167,38
55,0.20605274760048053,91
56,0.5944345546758387,16
38,0.6070278129445643,71
8,0.6986081445731145,41
78,0.9295619783277624,27
1,0.6417983353129078,34
85,0.6747192666761632,63
53,0.1852462026969599,14
49,0.017233665001195497,94
59,0.15756367713943464,17
47,0.7573042681131397,57
64,0.5283149898874165,59
96,0.023821061296292023,28
63,0.2617864728076723,49
22,0.47959016548307065,10
68,0.4167010189634418,81
40,0.40852647041189394,19
94,0.38085714986283914,72
67,0.8656951640496794,9
37,0.18774109089510305,88
97,0.6603357275919446,33
52,0.7282312506326538,1
96,0.21719589161558228,76
17,0.3817602317133978,73
24,0.5750397824532882,45
70,0.9801792652316991,65
73,0.8468421159612655,72
96,0.8909014260352879,67
22,0.09090255661387636,19
87,0.7001653901761007,21
44,0.918089530158721,41
64,0.6853812836965004,32
43,0.05479269812057119,15
63,0.6460613106700395,78
5,0.48782893031646724,18
55,0.28393176204617854,54
9,0.1080840531464986,42
87,0.05538484798527721,5
85,0.19621664954633644,53
90,0.49910945625986136,55
80,0.5425244289606451,74
58,0.7802279308953155,63
59,0.5039628731278742,76
62,0.49536208272542004,30
18,0.5310917893553101,61
92,0.6787186713905375,89
34,0.5191141996396474,43
55,0.7133808752378277,35
97,0.13979517049086954,52
56,0.7510233370886698,99
93,0.7918304976715229,99
23,0.04266809477841915,81
19,0.8017842313080754,8
75,0.8912610637131386,95
11,0.5787394263683018,79
74,0.7138171041794779,42
43,0.7676651156024615,20
77,0.5931939973346988,38
49,0.37686351355461967,8
87,0.4685435108004754,55
3,0.7679147734119997,37
65,0.7261792147226184,72
11,0.14905504134651937,61
78,0.13757618869505273,13
66,0.9791133287584229,56
38,0.7267874908317166,79
71,0.9823263315234843,26
33,0.5332530034904749,99
40,0.3930853442762249,3
22,0.7175420361223278,21
25,0.08349818608611193,41
79,0.445236583175718,13
29,0.4420858041776541,7
83,0.9439271998126679,8
1,0.0309651741055732,52
22,0.35155238343350936,70
92,0.6487465517662483,46
77,0.161510235948511,11
74,0.6314958849030303,56
29,0.18845949382194505,31
77,0.012301452012701275,81
70,0.6934243101145728,43
66,0.4182589281630754,68
61,0.4449591706848782,58
1,0.9957410754780022,36
16,0.9366871273682953,47
50,0.6438981600272292,48
89,0.866194831842557,84
13,0.5625365031884166,46
13,0.2717880341865504,70
21,0.8772674212889415,66
63,0.9327201762257203,54
29,0.2941018034251466,68
71,0.4305850670940141,33
33,0.3945022324716835,26
98,0.2693064981796647,66
21,0.2222004929334359,11
60,0.42639620288935587,52
69,0.33264807221331405,77
63,0.4420570205189608,51
67,0.08189776812273886,67
97,0.3136087330234042,18
7,0.9221413171717211,71
23,0.5907953740670076,44
31,0.6394559019311947,35
40,0.1737256078174032,85
90,0.8714302184345131,87
39,0.6830625698525543,11
51,0.2891482317274642,9
65,0.9248004277762365,67
1,0.1223381591918905,6
68,0.6680722362965146,10
83,0.8464724969364112,69
80,0.9386154268585437,77
52,0.7284813675537665,53
47,0.6939876873710179,69
15,0.685004512379006,11
42,0.7968561221356204,82
98,0.25606890762904044,49
86,0.18768239583541735,37
66,0.4721274255102488,47
27,0.06841048042169728,71
25,0.10422461320824716,89
82,0.19340028697137812,24
58,0.17751961658088566,31
83,0.009651995679172853,67
50,0.06488920697669975,47
18,0.32262096744800084,69
98,0.8754384051730214,85
63,0.5928801234644847,14
39,0.2973429509814072,42
82,0.1356099491966114,12
49,0.06389006665929953,54
22,0.11860600677047084,30
33,0.20747904826594554,4
22,0.41990398911264537,58
24,0.6395466489442947,2
20,0.5278432658155389,11
32,0.07902252515046504,4
66,0.9987784879684142,39
59,0.06868543767951973,99
88,0.5451702904529172,65
77,0.18120797452254722,77
65,0.2040128458788003,2
86,0.33869265905415613,67
85,0.6792229221481939,40
42,0.7684503103821149,36
43,0.26890475487285836,17
80,0.23567197407657248,14
19,0.13283430926685114,99
5,0.9418375290156031,65
86,0.7598681151411746,21
69,0.4947590532997814,65
26,0.9319356953948169,80
67,0.9875893726826848,69
70,0.8242715417657921,12
39,0.6278694085389608,94
42,0.856788308488712,77
21,0.08196117113446677,62
66,0.39319919447384144,24
82,0.14532392379523407,43
19,0.943921780308127,3
83,0.031203853648969382,25
67,0.4852983929761774,14
92,0.5525856047895696,13
18,0.7162770256595999,77
70,0.021281353482759835,39
9,0.20465127936649663,97
71,0.4716885800483871,37
8,0.7685118650584922,87
50,0.7054666957165048,43
86,0.13858161396875135,4
15,0.26399713376583245,40
46,0.670024642283513,33
67,0.5926194474871803,8
28,0.4922412366104125,22
93,0.2537237532037896,64
94,0.4960318295556031,50
32,0.3678264725192685,23
19,0.9241368975711479,46
89,0.011529706567383613,2
66,0.9605793942095125,20
19,0.10502182056980136,21
99,0.40282923126596204,83
9,0.0974523822371347,68
67,0.789608937066096,6
73,0.4355164635496702,68
44,0.6178036340440566,2
81,0.9644684125044145,40
91,0.9325158351269743,99
6,0.3660090761013227,20
11,0.042864190011361325,47
5,0.9868101161810494,69
75,0.6310384203906672,94
70,0.890454201626598,81
33,0.6638435475296418,22
42,0.621536432999453,12
53,0.2954322706714265,4
55,0.7508770027079262,52
40,0.22704419721351898,60
31,0.9445673676506651,43
82,0.541172602076354,86
37,0.2282923638626001,91
96,0.8177715794521832,14
47,0.9541496750389218,11
85,0.06191098246349935,33
93,0.18768115216933556,60
94,0.2590277803041259,93
9,0.17184775922610063,29
50,0.45231423814327887,16
83,0.1817461220584916,24
21,0.4851659417747415,12
9,0.5980748819511005,54
2,0.8449623862358991,15
71,0.8392099010490583,1
75,0.4014836592056319,85
71,0.8663041839872021,97
57,0.2788776196800846,57
97,0.158795745354965,2
74,0.14557062332852433,99
88,0.38346961656765644,6
47,0.018510065863182712,51
58,0.8889167616527557,37
96,0.8816740958972011,8
48,0.1148882566180719,27
62,0.7095272075326998,5
1,0.10707917672343015,63
51,0.7447620770916173,56
83,0.24790679188491027,5
46,0.022509048108134477,11
95,0.0627975403853579,15
60,0.596480888056952,55
63,0.31919154697172136,2
55,0.9329232682643606,68
44,0.754661576499176,88
30,0.6371262637592442,71
62,0.0220606779392013,14
47,0.14691817131728402,94
91,0.052015055634852536,86
41,0.9984444959025915,91
62,0.6495689571118269,81
79,0.5471877704160083,67
67,0.47330986607729464,69
14,0.4833152453389904,22
9,0.9759905629761095,64
80,0.6549787953180538,20
14,0.13882096892927176,85
53,0.5708311053990855,81
14,0.6103515796547848,4
4,0.2402681011499005,84
5,0.34185295490878265,72
1,0.23670441211639714,32
8,0.6485009301396634,13
82,0.0005880505144034709,60
14,0.6192413658102649,46
84,0.236592091835387,62
39,0.7707127632603687,34
99,0.9101621931718984,68
30,0.703120536831604,54
87,0.3255696196720024,77
9,0.1436126418524365,74
36,0.08938745556504679,94
56,0.5752811824600736,2
47,0.5109910848240331,71
34,0.278355753492153,80
26,0.5276228037974231,88
29,0.40117800284977634,47
42,0.5264456296386409,36
49,0.5152255229721686,91
22,0.8478821756460294,39
66,0.3166049115097451,37
41,0.29786222257861217,94
87,0.36555164483736435,80
78,0.6862624908825261,40
56,0.3363742190845368,11
79,0.5109320017364307,84
75,0.7863625764902533,15
42,0.07088691037661232,68
92,0.31499728963753015,44
62,0.3780038472542335,62
49,0.4323312655815752,87
67,0.3035866321554792,66
16,0.41837109759603797,58
43,0.9256652742101048,8
48,0.6407222951656557,54
44,0.9681840262224387,79
22,0.5253561345128928,26
69,0.9784615506068881,62
84,0.526351300198784,50
30,0.037776100070952445,8
64,0.6915590805234503,11
61,0.2320549442038159,93
21,0.5745235544741629,16
43,0.7024718967608277,53
96,0.0484462877892845,37
82,0.42435595089413103,38
32,0.49640840588315815,88
51,0.1427555110055413,58
9,0.47801844792832016,50
2,0.2882679484190638,53
45,0.5009959935322823,80
64,0.5905671803289397,58
44,0.8811979268391789,51
35,0.7951679664834452,35
26,0.5948518039685832,30
95,0.8607701237057165,92
21,0.4660728199598969,5
9,0.9031349893965288,51
75,0.39601007715858594,55
62,0.30974161580549486,58
44,0.9147072186612873,72
3,0.007015161357538657,97
93,0.5241623927226761,34
62,0.6523466750933097,57
6,0.3961955920396947,65
82,0.2166426344261908,71
37,0.6046584271536158,71
48,0.7311772924870777,67
22,0.36433215871185676,33
45,0.18785764285851603,60
75,0.6441346576621135,40
76,0.44439143891701793,27
54,0.625011631249475,2
86,0.8471871572818847,19
13,0.66221104651787,42
23,0.5683168416130822,93
27,0.2922219334444366,83
11,0.5290152966317552,61
8,0.9876292313847729,95
56,0.4119861534030127,73
6,0.6499248625246461,75
78,0.7704985828330175,5
51,0.017034765310602884,76
44,0.6089483966662108,40
11,0.6323126236682169,93
39,0.3630923497586266,64
27,0.2381992842025168,97
26,0.6907584984643789,26
22,0.32670517183719383,15
67,0.815753184972334,42
99,0.12366765591138729,35
94,0.25176739653886626,4
27,0.9786956293740521,17
21,0.10195615433409566,29
32,0.3548648350501413,79
9,0.18483096062986004,73
2,0.8986025865909786,55
4,0.08042940492855255,82
4,0.8985911484317791,86
11,0.4753358850017362,43
52,0.06428043635886083,94
75,0.9984015437742167,80
76,0.5047593974016028,22
30,0.910485082671181,72
99,0.8722215594139249,76
40,0.06444714872896273,92
67,0.6713825398426522,21
95,0.7992650890956923,44
11,0.48210636014134,96
2,0.36605402834009293,37
59,0.44037078865099977,29
27,0.16430993313862485,45
17,0.616061357123341,30
60,0.08020136080466433,71
3,0.9458572549524736,26
19,0.3645525156980003,59
16,0.866533203866179,54
49,0.6393995902371398,64
45,0.7075439852654385,97
8,0.3429537156209306,2
84,0.9111030928082153,42
13,0.7960844541146267,29
85,0.7881799959213018,20
41,0.9374961346621001,7
41,0.11438528428019934,67
66,0.1971465965282576,33
97,0.5193747401702979,28
14,0.27312374739662615,99
66,0.5994004608558913,40
13,0.7927796297010214,23
59,0.2912073716709638,18
24,0.19400202754397577,91
92,0.9769339379775698,29
98,0.24166707677679278,35
32,0.6847264902944359,41
48,0.11726162930525885,94
54,0.24860274421693895,84
27,0.6835951435047731,82
12,0.3347026760629753,18
71,0.21038942924669046,12
69,0.49125437885134304,72
36,0.3842281473652628,91
6,0.9845103529015263,66
99,0.8397130460685971,56
20,0.300469599589141,13
84,0.8635164592050006,43
17,0.5469587277490691,15
31,0.7325580351952482,79
96,0.48140838655165774,60
79,0.5750775417228217,46
48,0.3465896154573075,82
95,0.8020792968775372,90
11,0.1478658067127162,52
18,0.783664849456471,88
69,0.690133824910594,14
96,0.1223891262194321,72
92,0.39700725571819095,34
68,0.7857541216863625,85
3,0.03986782771058661,64
36,0.7801575154565803,26
70,0.8138223636826866,24
36,0.37018843906870036,34
11,0.03168401548621935,74
21,0.03581920281608897,4
67,0.5129246671551383,3
38,0.4105452894367616,26
16,0.8604436723806058,18
64,0.6802097361281597,4
5,0.9724468971070923,62
37,0.5520254519010068,30
92,0.7479305557982727,58
38,0.45329867149631675,27
28,0.3111518202516288,64
7,0.8346041949216546,64
57,0.13253898635951866,7
52,0.9830702631231858,74
58,0.8904995015507319,51
85,0.07702322784764926,35
93,0.34235602860327385,32
97,0.24458268414963424,18
63,0.6184757053211629,75
74,0.11150380861602438,8
5,0.47513755384255685,98
92,0.7018084880814733,33
30,0.319906960268323,37
32,0.842491448273502,30
10,0.7647462836384138,71
39,0.2523673090656815,72
61,0.7271620876182159,2
62,0.34796725486069424,91
38,0.04945868848800994,97
66,0.748492498585113,19
31,0.5132683037024944,44
49,0.6298890288093829,73
62,0.9345429249214866,81
96,0.16232627809671496,29
49,0.17977788827373054,29
36,0.5531797202170914,89
81,0.289595936161559,72
88,0.5902653932420097,15
80,0.48054974200248923,59
54,0.2713471597865543,46
86,0.3609613470691041,36
63,0.09490183039797662,84
35,0.9741754850128652,36
51,0.2737766328328143,60
51,0.8692657597125893,70
9,0.2291131673764225,15
84,0.04455075579809198,47
11,0.38292363583260103,62
78,0.8970901374210712,15
25,0.7582311166094867,76
55,0.2492200014798358,66
72,0.3350807199711816,28
71,0.3540833324792475,14
55,0.14006043928159007,94
98,0.5818504895437833,32
57,0.9261870184409242,98
72,0.5337212772360124,44
87,0.7062964646097818,77
34,0.34071291294379,32
39,0.07295249418414584,89
54,0.2960308863245328,80
7,0.31510302795474177,92
20,0.3342379961863615,11
24,0.7773322554573215,33
19,0.8756762035455149,24
82,0.6424157302987166,14
74,0.8945928637129045,63
80,0.41755357264936654,25
14,0.13726603002212479,9
99,0.3717855383489287,49
49,0.38205736509488364,74
94,0.8791783423705177,73
29,0.007351502725279513,39
8,0.13647360271336895,65
87,0.6592438281887042,67
18,0.5720298743397768,53
95,0.2966467838158292,23
62,0.9702928568353798,86
95,0.017071715647939634,38
85,0.15702097982367436,1
59,0.3082409519412287,48
7,0.14879751233949434,20
30,0.49805934214735115,87
21,0.37933993625423434,63
79,0.22815691037742913,8
7,0.6833551678339649,80
21,0.07048349883200256,44
38,0.6820741954668798,97
48,0.06084248243242807,78
20,0.09886786769546907,56
33,0.23461492713182808,61
17,0.32695086197664314,28
27,0.9634674600041219,37
56,0.3266899069917314,21
42,0.2658496724986348,9
93,0.4741396871589295,41
63,0.9962929383598942,23
67,0.26353038823405694,44
74,0.9156096745347752,89
91,0.12832160831498662,35
41,0.28382203415070784,52
38,0.6715189393921155,86
64,0.6673376738585354,49
14,0.6390811450969605,34
71,0.48122406557925357,9
8,0.7021564140545928,95
87,0.07336550632720573,70
30,0.7142078796118189,29
46,0.801264976134254,15
99,0.06190565271522663,84
81,0.5362733096753276,28
46,0.9035486790192615,29
6,0.955224668837433,31
26,0.6821073679806652,56
8,0.4769464737840824,51
58,0.6556008545340487,76
67,0.8767159648694345,31
52,0.5107586044201279,9
68,0.7452162278929124,97
95,0.49131104497770683,27
37,0.8800853768122922,19
38,0.5971507444182524,9
43,0.5017380337868852,5
91,0.5435987949841566,71
71,0.33002124328193916,98
16,0.3188552751561269,50
65,0.12469951562440884,73
21,0.1178330832830996,78
66,0.9980177172268768,71
3,0.5090541856487196,15
26,0.911229628691629,82
35,0.5955115367499485,87
84,0.2768347795519863,10
72,0.017077734193833738,10
66,0.9926405280301558,28
79,0.0824264962839315,47
41,0.2056348065769551,26
48,0.7691280772984543,55
41,0.7061212223589531,58
92,0.4567463762373204,75
27,0.4721257220624858,51
11,0.2840761629697307,99
21,0.6545647116449446,70
29,0.9600674780059706,81
11,0.7044696836727073,55
1,0.20714617992761464,87
49,0.2894257940772843,98
89,0.8048704484230359,3
46,0.015828812238029122,28
54,0.16329596907083022,94
23,0.5612897855229352,60
96,0.35355605261226186,39
50,0.17879611064405043,77
93,0.8263799033367359,58
33,0.8633605157079216,48
46,0.5283373028432017,93
96,0.4031296027738356,99
72,0.13479965614434053,42
93,0.9736451683485152,76
11,0.8865614269637007,80
92,0.9760159244169903,7
19,0.27577514344562515,30
69,0.7932054447998226,11
37,0.05295387617303782,90
23,0.7740213384402272,94
55,0.6806521519318111,44
7,0.07536509237423061,69
54,0.8764491676533482,65
31,0.9605803274448568,96
71,0.1387936693212658,96
28,0.07313174592048588,55
82,0.36742510744068835,88
11,0.197063404541156,47
5,0.5613076386282821,22
5,0.69135428529437,68
42,0.49624361469080447,75
11,0.16951439190305606,49
14,0.04514858336599903,40
2,0.8094316995403608,5
88,0.5070312848107168,29
48,0.3747612882272485,96
71,0.7429095848091062,62
96,0.6717054431652262,4
21,0.18348140606441787,16
10,0.9296564755306662,10
21,0.30414231652307466,9
3,0.8848079605391119,15
14,0.09985615399791559,14
66,0.5515150068137243,51
81,0.29506600409978145,23
37,0.7693732291270011,57
28,0.25508633648127743,93
63,0.3258070448970267,46
94,0.2424577799698172,49
95,0.966963938436701,65
81,0.30412248967453714,14
41,0.8915618967557962,88
35,0.9991415571136201,59
36,0.365270251257111,1
98,0.36705307581766666,59
91,0.5622042690202936,39
3,0.29824671364440525,67
84,0.9606624045205312,36
27,0.542579552318658,21
3,0.18495797040722628,46
35,0.060020820597155855,2
82,0.939519881330808,70
4,0.10031276207094442,88
67,0.20553462744299322,95
89,0.10952642325184492,69
48,0.9757538936344955,73
4,0.026487917475316647,15
79,0.10561273550894157,12
28,0.20515625457061548,79
7,0.12992574490046227,41
85,0.34583887511536293,27
9,0.9057464235516604,88
55,0.39708424482967286,45
90,0.5577736349517683,38
69,0.007464124237642755,9
21,0.00824350317521605,5
40,0.43491353942824607,7
31,0.5858544209187151,85
80,0.10484109935510622,22
99,0.606195930541019,64
66,0.4044968493194857,71
6,0.27413728863900677,17
5,0.8391319386077194,5
97,0.9730860255925486,42
14,0.4793567674060861,44
51,0.3594985231840674,61
97,0.7860675999340563,50
43,0.1965040719933877,46
33,0.8923547344601916,83
52,0.604493222153035,43
89,0.8261807989997617,92
1,0.5838623577902139,77
81,0.14545596317427045,73
83,0.8664337546760652,93
26,0.4611479771779976,50
33,0.8779327104586009,36
46,0.3544513362373275,90
20,0.28152146914548426,68
84,0.558891098050604,28
80,0.2078507522776073,17
48,0.36632284266497206,53
17,0.11148284358460148,31
45,0.8930047456096505,50
12,0.9812665691432818,78
14,0.025847453684479937,28
19,0.8043965998444295,43
6,0.028974879561342926,77
75,0.19865702200017776,82
49,0.926879196530544,50
88,0.07252332832357156,76
13,0.23597581701358628,8
92,0.30975225069159595,28
36,0.9399528355424688,55
11,0.6936333499785826,19
89,0.22958984977580565,7
76,0.6119699764748789,16
74,0.8225841422776338,85
80,0.2623495790945555,43
42,0.7490615655831169,25
61,0.11988300154001175,33
99,0.06767294071456986,94
91,0.4443929271442154,89
16,0.324471988285883,35
92,0.5499595087896497,41
1,0.3664776815252315,47
46,0.8981177662555073,53
29,0.8245342409039773,7
96,0.2716616887793901,30
20,0.9674847725926173,17
76,0.06422969545528112,28
49,0.12625988747768246,76
85,0.8897717655558611,86
67,0.5078876235716252,3
65,0.9445112562030675,93
49,0.7715430149591661,59
53,0.32586982810292464,16
96,0.11591033303251874,43
96,0.7107283823712072,8
87,0.1872629032560178,80
64,0.7965933513304374,74
59,0.5092286184064458,17
27,0.749789875177148,93
22,0.21097940714047958,25
98,0.48258587526770014,3
32,0.667892991711763,91
58,0.13246382977562698,58
26,0.804035927537949,76
54,0.8267294577681643,70
80,0.4347972896269243,21
76,0.4945830280454736,95
38,0.8837178986829226,55
24,0.0555147673054488,22
24,0.6193289721031767,48
17,0.8871561584785003,58
23,0.2273330712961088,96
12,0.9291287101956832,26
74,0.7421812138863896,51
6,0.2483188395876056,64
63,0.927668552155427,29
98,0.8761508287286119,36
41,0.864252924277538,30
47,0.8494412787314501,19
74,0.6305972444332661,11
25,0.27740106657346464,57
49,0.4233722065574167,70
75,0.29784883247020033,57
51,0.633652039256818,93
83,0.32347566358115953,48
58,0.2680038209244343,85
77,0.09349959876014902,40
49,0.0023167204210505776,78
63,0.33746202219317234,43
10,0.24759267025709109,84
19,0.1426202898458001,26
94,0.6520837610298977,90
76,0.09207921978675526,37
28,0.026504803697443013,55
30,0.70821290680121,40
84,0.4002823313851861,38
56,0.708528196683927,13
85,0.13733957931747842,39
47,0.9454092521001121,9
61,0.27993148664556666,12
30,0.9545220304412538,57
93,0.9348300168068657,14
5,0.22742898495331476,45
3,0.2374394505748445,49
76,0.21685662442440312,98
67,0.11750830848821037,65
44,0.477467142556366,87
86,0.8566490215824619,75
53,0.14799716261022688,3
81,0.9209185417942677,48
60,0.6668227324910795,9
19,0.9578426735219557,47
30,0.7372123858483056,86
21,0.90251511074692,5
9,0.006386444484838494,55
48,0.271416505676329,32
2,0.43309490933947625,57
60,0.21200738122896512,83
24,0.32342103688302914,85
6,0.6730211545401606,26
93,0.819373305105672,72
76,0.3550515118880083,81
65,0.821851957559018,19
29,0.6120255259261287,47
41,0.43159098273729324,23
63,0.5049896604101611,84
25,0.38724592737386054,53
52,0.46341130704082156,48
70,0.07149481462366936,64
92,0.8367587289799145,68
26,0.11715152296038656,52
74,0.521602411861745,75
26,0.5976116294095878,73
92,0.9688028799611255,41
96,0.14925031325187754,78
26,0.3047676751361318,53
97,0.8344315207471866,57
79,0.4421968487581567,3
45,0.5641440136929067,32
42,0.6656956404241702,22
84,0.9587293434417032,28
9,0.9665769172001869,27
3,0.4943541647224291,10
21,0.3380797679845431,91
80,0.5858383840854172,20
97,0.11799546156164042,83
13,0.9566132039124868,41
48,0.5298379804899559,24
99,0.7642146970455536,83
37,0.22408608511189865,75
80,0.3456718568816931,25
61,0.6886752888069831,82
47,0.6548529071359869,53
64,0.6362552811453592,55
39,0.5402083164107758,33
17,0.1413728975244931,66
92,0.39598591637763625,62
40,0.8618527073597986,15
25,0.44732507753187,93
64,0.8233067047224928,58
16,0.0039756902874876765,84
90,0.7917358391200146,7
43,0.9439587366156839,49
83,0.4837801974632455,45
83,0.07075093028147383,8
14,0.4479272041912006,22
71,0.48817417949560804,24
17,0.270531307587221,64
66,0.916490626243067,8
51,0.7770988660826988,9
70,0.44369173081718594,59
99,0.5309541968413927,22
82,0.7418914228767954,20
8,0.3746773591168059,10
45,0.7853161508126099,31
21,0.34656057504675053,70
81,0.6299606247077817,84
5,0.8107836082015276,71
97,0.07662002735981988,99
3,0.7963665486129583,66
15,0.3537468742945379,13
92,0.9955012759014774,41
86,0.6531088778535763,82
57,0.982486417090922,89
71,0.33459599007849217,8
8,0.20493624198454186,38
61,0.6151549618656432,41
36,0.7246455467785514,94
83,0.4233693948978745,81
48,0.054655095103757545,7
30,0.6858265400454372,84
73,0.024712470431744293,58
80,0.3516558959463266,94
17,0.40617329053135975,26
9,0.8033661902322063,75
40,0.9150845392495538,9
39,0.5042635474030468,48
67,0.429261358037342,44
21,0.18785888289922192,99
83,0.5460945497337867,47
47,0.3843324585407262,99
7,0.07803248568270515,29
82,0.02703252017302704,76
80,0.21617479548839424,85
25,0.7593419609837467,39
67,0.6448979450726892,81
22,0.606708029647343,27
8,0.37931290794421113,2
19,0.0796028382692765,22
43,0.9387540327735081,65
67,0.689418478609287,55
65,0.6867899313649782,13
6,0.15750618711594533,86
24,0.6319653842793548,69
97,0.1852240891038347,84
4,0.17451388323932426,94
83,0.3227466092314528,29
72,0.946769679436514,52
1,0.249565275616759,73
77,0.64091731851187,11
54,0.5136305187166312,45
35,0.7302193483995602,62
20,0.6503318203406702,26
60,0.3306897680246109,29
43,0.010334769210408323,83
41,0.5839310537156691,3
68,0.6117078840256519,96
87,0.676777377042181,51
28,0.028614090474099907,90
29,0.6633461503479133,65
15,0.13526122196379398,99
7,0.33904701691144146,41
1,0.9138658884763216,97
37,0.5062669149894126,99
64,0.5058288489501822,88
84,0.7657903368172274,18
4,0.6965453563659906,42
82,0.515437628552921,88
33,0.0737051965771417,75
15,0.24639557395508072,44
2,0.8841514411663114,62
61,0.7113387284415078,77
63,0.5608113943650487,3
3,0.9994907639960412,21
87,0.4337773806659103,67
26,0.9829165939872532,81
60,0.31671651716126403,54
54,0.6770874910614141,30
56,0.9829383896051851,39
37,0.41698064224353437,83
10,0.8902553516989317,24
57,0.6716265076413359,15
91,0.7044912767956631,76
20,0.18709819114617954,41
60,0.6892765582449435,32
90,0.01553839436099047,63
92,0.35118411023964535,75
46,0.5277061524014853,64
86,0.5257686040263934,11
13,0.9417583546780479,75
12,0.10316636428043491,65
6,0.4187037459697974,62
69,0.6875307553363268,66
14,0.026231788723314553,18
78,0.47630172099408874,30
51,0.1321444602379579,6
88,0.36707704315255674,70
7,0.44249061677781576,49
30,0.9824240709233236,55
62,0.32298051056081023,41
57,0.7612972400368834,86
42,0.29437945669856314,33
2,0.03740730091494948,41
70,0.24166112608954493,65
70,0.008051377224349898,44
91,0.8823658306403038,15
18,0.3182605369998296,78
7,0.9033549663059033,92
51,0.8953158602269814,98
11,0.19801402783924438,27
29,0.768082219272679,89
10,0.8739014083398888,33
38,0.6604638884577995,87
51,0.7712405425893242,49
96,0.41860812166198424,99
34,0.8437376693651479,68
87,0.8378960173250949,31
85,0.2518190418552565,63
57,0.9890917559619531,72
61,0.3793299420930719,27
86,0.5925670242118316,21
34,0.04403325299915439,75
77,0.18381047403012407,47
40,0.36876901095249814,1
29,0.28065933058005066,80
41,0.8679877512103116,60
26,0.39649166803916414,12
36,0.9135001170062167,27
31,0.3318006957685322,55
28,0.4838632046613136,12
98,0.3107602188861679,91
12,0.0698805206051697,97
78,0.9898563045502626,85
10,0.8580037983240266,69
70,0.5155540150027447,96
80,0.2929946157706951,33
48,0.4106279352603178,85
75,0.5567896654212768,56
86,0.3836860712814777,73
33,0.9178350301481429,12
56,0.6207501497292002,89
9,0.1846325691175551,9
79,0.9285955435752531,53
38,0.44674466088200493,60
52,0.297994416227355,72
64,0.6934061474498703,86
69,0.2527840498338677,67
59,0.15406453375047313,30
14,0.3995804445508211,79
57,0.1891621518536084,78
95,0.9226044723082669,38
89,0.4000274801925209,53
38,0.09982646847592769,61
28,0.5295319278732818,58
81,0.9193821376062653,10
61,0.138108297650806,54
63,0.9959574444234714,93
43,0.2112076744493404,8
91,0.3930504563628029,88
73,0.9519272706743788,78
28,0.06111538032921593,12
50,0.1680701607926819,72
70,0.5715723971089257,45
28,0.575429329527773,98
55,0.3114089291111537,31
33,0.26030051301655166,50
33,0.7082390785060847,13
45,0.6081935386928656,84
56,0.9268952157489343,26
59,0.8275963699599741,49
3,0.9101414842621642,34
35,0.3421676909449124,39
46,0.2762938140486024,98
40,0.6527121126255288,88
8,0.9036939308616838,90
51,0.7991950564678506,71
99,0.9146327419357108,44
98,0.016597729769800562,57
81,0.9097412124340004,20
17,0.8446677040642493,5
68,0.2144806448426524,18
12,0.09771744684720662,48
70,0.4517800261509921,41
94,0.3299104638738293,51
88,0.2637065155661571,64
58,0.15152718799800802,64
50,0.046243571988816456,95
51,0.16845307156913525,97
2,0.8722913829590639,73
53,0.7745990792644956,30
9,0.2547531771444699,46
37,0.6203185237756176,75
77,0.3299784993983158,93
28,0.40471417088393635,30
45,0.3293117734814123,87
68,0.34440691969340365,72
37,0.7849185147756631,22
89,0.5449724865733581,70
89,0.4927762452182535,78
79,0.8815498835628267,12
94,0.3158937043007948,3
55,0.9406776483327994,94
75,0.312843160949957,77
65,0.3759056205988792,66
50,0.24624074167615628,1
82,0.9609258779068203,87
86,0.6243558879375358,20
90,0.34711253383113294,18
8,0.28215986205526633,74
33,0.2750746308817098,8
88,0.3516422895281932,84
5,0.6659391030485379,79
22,0.04102390909674958,10
64,0.08774735986219395,37
1,0.6982306040861218,38
72,0.5377065007326984,99
81,0.8026842364617285,56
39,0.6767742539523994,33
54,0.241912516981022,90
6,0.21627329501923676,67
77,0.7469010107245354,28
62,0.48341437324445635,23
36,0.013794417200939213,49
91,0.8088600090274315,96
73,0.30271055885143816,83
10,0.5316454094579363,28
63,0.8393806264037985,60
37,0.9622873260636263,28
74,0.031329186482150884,5
61,0.22477684464360004,44
26,0.08406580401401353,72
24,0.8312206587966771,57
36,0.19044650140814923,24
46,0.8442586640256255,88
73,0.2273808050071906,14
12,0.16032406701832158,97
58,0.7579157405790409,60
85,0.12906127041289528,82
88,0.5256486785956117,12
96,0.6397528372149125,9
74,0.6177104717729401,14
47,0.17263404166913332,74
80,0.7179471958900254,13
88,0.7861189025574269,86
83,0.7522386234446348,99
33,0.38935565735908007,5
76,0.396954034878254,63
81,0.8471184676475945,91
80,0.39193616065236725,60
81,0.4738096743798115,10
54,0.9098333006788781,52
28,0.7434839276652909,6
18,0.513481103528707,32
66,0.836692004423945,44
41,0.21297979191218397,75
30,0.8142174853126237,78
26,0.3288185278872606,49
62,0.5662524984994296,4
6,0.22249462848353718,76
26,0.8727150897242844,15
61,0.3121183469131077,65
72,0.3125896665741046,20
45,0.44770081022990293,56
52,0.7568123967340561,53
96,0.948530113508642,1
39,0.06248316272561938,42
44,0.09369345208880864,42
58,0.6229592090728719,4
46,0.22438450260334664,65
36,0.7190738177308507,8
87,0.8642826456706789,76
89,0.5003625371854894,50
53,0.4309369294715273,97
99,0.5646630485583394,99
82,0.511980271703538,96
83,0.00881780088132711,5
69,0.5460628200293255,97
97,0.01656535133443171,67
95,0.8734923835678247,60
54,0.2241685291286638,12
73,0.16461887723611546,52
90,0.20420394911293893,88
56,0.004470994580803578,99
2,0.11121260805593403,15
55,0.7010437938051232,78
34,0.18511108196980663,36
19,0.6078980942717849,53
87,0.058526790253118244,32
64,0.3316469684134603,55
18,0.846310201892489,46
74,0.09891899939468973,2
47,0.6804530777222402,86
85,0.6440384618569528,58
59,0.853014332169127,9
61,0.07224798367509921,36
86,0.5618401806371051,31
74,0.9860619394632143,26
40,0.5367241758135516,15
62,0.5830452936289201,40
43,0.8647580030333297,99
49,0.14306869585103643,23
88,0.7486530948652192,48
84,0.2445299407334931,39
21,0.7792487526034323,66
65,0.6395525407318342,73
60,0.5877373148045621,90
89,0.41231168028009,6
92,0.08331742092488392,89
76,0.8337319696777645,54
8,0.8859497807151693,50
95,0.5516596020708727,18
93,0.68925818500706,25
60,0.4896823514528844,25
63,0.24665710014807185,3
2,0.44140239074814314,26
40,0.6117547565867928,64
54,0.6798644163583261,21
90,0.39961466986907945,3
79,0.7590215015028585,28
27,0.4168673713742941,37
56,0.15706828626178715,84
53,0.5293708329111854,97
75,0.27879018237083,76
52,0.075662580524122,49
59,0.8462832229705779,90
77,0.9583550145350386,6
72,0.34525504877879254,20
80,0.9432793143084134,89
58,0.9259679530977138,37
30,0.3421017458184372,33
38,0.088187646349013,77
56,0.6033671259509109,39
44,0.8008227859602419,15
46,0.6132901171556627,17
5,0.9424751784097954,81
89,0.3758140495502995,58
37,0.6412208375864031,25
22,0.6254002257114767,83
53,0.3852095758425763,94
18,0.5962282554428343,86
62,0.10785283820372615,75
50,0.8229573586942142,74
41,0.5332678156713185,6
64,0.9806485268407834,27
59,0.6083257437384828,26
73,0.5915769678995514,71
11,0.9709262507940637,59
28,0.3481976833144894,34
8,0.7281743477534223,50
4,0.48700595530034685,41
20,0.22093835520908056,40
17,0.8251945255675269,66
30,0.9202520339187322,68
13,0.626800623776058,63
28,0.7909773658386985,85
33,0.5112466069876213,59
12,0.0659593212054167,15
9,0.8938826280858535,17
16,0.8883286926689836,75
12,0.6457265747246131,23
51,0.5519569638222558,15
79,0.9130602835902688,43
17,0.14243787776218952,53
51,0.9253280382762117,50
46,0.5501380637704028,98
59,0.678645377509498,36
12,0.12816733288465965,12
50,0.5791861553224615,55
33,0.9945112104925878,71
63,0.3752520925338846,83
92,0.8528453642553744,54
14,0.06572704910608096,81
59,0.2455115348154252,36
75,0.8575830849383561,33
41,0.3650236711527236,13
65,0.8903678189948222,51
79,0.9586370952137113,84
34,0.9640338946360223,37
56,0.27117976320038795,57
17,0.27975034199840765,60
23,0.6141391074879139,28
20,0.40172874567044803,17
67,0.8825068950791483,31
19,0.0898339076193112,46
30,0.4789591870495702,55
41,0.27363094513810304,54
31,0.22135509436044176,85
34,0.9549914178067489,20
56,0.36733938590103055,78
71,0.20880367588376403,77
73,0.8439801586507412,66
79,0.5614299311854657,5
26,0.9250306824606077,30
21,0.09273830783036863,22
47,0.6662007430659258,98
62,0.9282720884505571,53
52,0.19915476917262176,96
25,0.3845424540552931,5
13,0.0008761345668429898,28
32,0.020596393501881916,78
80,0.9374968268946783,15
61,0.2966810776337828,74
33,0.7283057021445986,54
7,0.8280867855324424,81
57,0.7258139411576653,77
68,0.5357607843224296,42
91,0.4694483700568396,84
98,0.3128139020192444,74
53,0.30842834717924916,63
7,0.6521242482557861,62
93,0.48689307346967126,55
64,0.842565453614656,68
58,0.6741272184314514,80
87,0.8776320022669806,22
19,0.49444429393203704,43
28,0.3855612122270995,85
21,0.7160295346984055,92
47,0.9975644933533616,82
6,0.5708736965508711,82
84,0.3829007385687787,69
62,0.13563414397254991,53
19,0.964156782506863,91
34,0.18644237758758575,87
22,0.9739743398445198,66
62,0.8777479211890896,97
89,0.4137381992737935,18
72,0.4988683098684208,19
17,0.900539132041447,33
47,0.21884779575205748,47
49,0.8060388140177754,87
51,0.6242453307908076,14
40,0.8166211266319158,58
13,0.33183845228253706,93
32,0.5338166724193404,70
36,0.9983147834901591,23
71,0.9111338380697563,84
8,0.3288023258597442,55
48,0.6962751323357399,27
35,0.7900678477479421,96
66,0.1266552667761931,71
23,0.09984550286541871,53
50,0.1963650284241183,95
24,0.9604714299549593,9
80,0.6533803024719771,98
67,0.7329374537307569,21
27,0.4712664300613758,11
48,0.25155628790966744,53
19,0.3738843304927264,68
53,0.7785808276786186,12
88,0.15006610623375005,29
65,0.5566503946885928,54
77,0.8848021902620781,19
32,0.15343237170303814,78
7,0.5842626294622427,23
4,0.17471711371523646,41
57,0.4609294692377317,2
94,0.9767873831137568,18
17,0.1981896419116792,35
8,0.7887298575133395,77
23,0.5345867079579215,18
8,0.5310933625137038,38
48,0.4250907420979362,19
54,0.6401478633845616,41
52,0.4134447988210006,9
46,0.748625555676256,59
21,0.3336873257524162,32
8,0.3515351140484153,77
45,0.10514127072801449,60
96,0.0078380368244797,91
68,0.44226683551988966,69
69,0.2220758785139466,48
38,0.39193126520400856,86
85,0.8187796786835091,13
43,0.9940707086817816,30
63,0.11016241623848388,30
75,0.9657591877600722,2
79,0.8712168194078325,73
97,0.4448732124170961,98
64,0.17243927524167346,42
36,0.9382759017803624,66
61,0.37794093635119064,30
41,0.8775181423543195,31
40,0.9208979534950691,85
46,0.32220487746255444,95
33,0.8441419620908068,7
19,0.6284421664775355,70
60,0.4727407774717921,45
12,0.04156490808485869,94
10,0.47130823137344136,54
50,0.8982180202684203,92
20,0.4103595209231776,38
22,0.9020754356237506,46
6,0.4280475930927795,69
13,0.05050789907514874,52
63,0.82623790676733,1
54,0.43785503069723786,3
30,0.7381865863061445,10
22,0.0833498538181292,40
48,0.8710794630876741,90
65,0.4386130387811199,76
14,0.9245365246001442,22
79,0.8694304010554673,15
99,0.897479929779408,33
90,0.01616103796560575,62
54,0.26198611630475754,44
77,0.7052798160414955,88
9,0.7983913528434672,27
51,0.5699936084390063,13
80,0.3904411136787893,29
71,0.6076938896613181,90
53,0.36716939779009494,62
23,0.674668187214171,17
62,0.8534603338470964,47
43,0.15330882398760215,53
23,0.3741852486219157,1
94,0.3707550528243393,29
77,0.39773521155017655,21
98,0.054510827768259995,29
85,0.04070598528778402,62
55,0.9818162679139462,68
72,0.08884199740344456,47
61,0.6252893817697391,55
10,0.40104586180824897,13
86,0.3675629456659475,13
78,0.7798751130401029,43
6,0.8063884382142418,61
98,0.39521195497797534,48
93,0.5281250758270181,9
61,0.3213599863073183,84
24,0.33780417880756686,31
98,0.3337834494007722,21
8,0.16222682712012815,25
49,0.637416969944431,41
8,0.5730036252925285,58
17,0.4964682097748375,42
90,0.2298270751210939,2
45,0.5588319650435173,22
89,0.7607958099209207,98
83,0.04314729443900467,41
11,0.48331269886895056,43
93,0.762076198119373,71
53,0.19365412031227158,4
36,0.8590537025154692,16
18,0.5146976250092898,91
21,0.020450961671817702,73
41,0.4552834849546816,29
40,0.3505259008742089,52
61,0.33087420209006524,52
84,0.40939888995205675,71
32,0.9843012552566812,42
88,0.6049546619012804,14
22,0.22243871235405566,31
48,0.21812096206010045,63
95,0.5631548288904547,3
79,0.8037049548724428,95
9,0.5918406632314782,27
26,0.15758245172421015,30
39,0.3898055238433382,12
13,0.7215439198198738,81
72,0.6576418472843589,5
81,0.6730549344702508,7
23,0.5667002906986798,93
52,0.9959448446570123,21
13,0.16956013461567476,36
23,0.5006008716780501,70
36,0.41552247743371584,72
76,0.5424137707428244,35
38,0.3375251621831754,84
54,0.35131891303097584,15
45,0.11123365446657274,63
8,0.7460024740738002,88
81,0.15532879517206455,48
90,0.920300679555852,57
19,0.013662781279363267,93
25,0.824663972236631,77
10,0.599651879882345,82
34,0.6650809297579154,87
9,0.7952524509570227,83
29,0.21130381379699037,20
85,0.6168264846954957,26
14,0.5378505204221428,64
46,0.1959628370224421,74
11,0.4936312816644687,52
43,0.44678944678946153,46
41,0.585716657093363,31
79,0.1682775746260463,86
10,0.2936691074896298,32
41,0.19744406311615037,8
60,0.9129149629382831,67
97,0.30772502928993617,74
91,0.22397406623063365,10
94,0.5717995350811305,46
80,0.6079361358313904,12
99,0.6883187922706182,36
74,0.07203695929375609,18
10,0.20646056398452073,85
80,0.9293743418632875,66
99,0.58400590178209,16
94,0.17443586395372312,38
6,0.22725165144861814,40
86,0.7824447163750876,75
38,0.8146739782064677,73
4,0.25419559001623315,86
8,0.03262522265149248,78
97,0.4107946620889309,25
42,0.5377835131582831,32
59,0.6814034189747201,85
11,0.8514128022512292,10
24,0.8684246477077663,70
72,0.7006566783964304,83
73,0.16962890236562278,18
81,0.6302236716505413,50
88,0.5258921851703238,28
28,0.27480051808580996,46
34,0.6710703960517514,33
54,0.06989183986359937,8
82,0.4198024290889215,86
95,0.12112531491161604,93
58,0.2472440461191927,36
60,0.960524611890622,46
76,0.4298259613261649,7
84,0.24342130472468904,55
21,0.8328896669544018,74
57,0.7173812697382744,53
34,0.5119672789439149,15
24,0.8744722461183281,53
53,0.5798009452819367,16
63,0.3174314203426908,68
82,0.3379764430873916,81
35,0.8191947840456358,80
3,0.3929619640200589,48
94,0.08276756648917849,8
63,0.4772426003166026,25
86,0.1696667024886842,35
52,0.2085165266380724,21
2,0.9446947951361042,1
71,0.17964388891439398,71
3,0.8633870603894734,75
5,0.6732477670966683,53
76,0.7590206933645048,67
82,0.7141144380896558,60
70,0.18577589780019954,44
27,0.6064474688104989,62
37,0.21417675519274515,25
92,0.7644515233346819,24
69,0.6426211018902468,59
36,0.34771956581875085,88
90,0.08095431110320195,1
11,0.29322359174592516,43
47,0.5913581858150322,88
33,0.9914163228560977,71
95,0.19342898302299605,13
64,0.7083226625861182,25
70,0.35449588911580265,76
83,0.13966742690677036,11
64,0.5503826903080346,17
77,0.24317457705362033,22
13,0.5686282542176644,77
1,0.42047029715418105,68
36,0.9083012849387045,91
82,0.9450351136542261,88
47,0.19646183766529746,13
90,0.3352006916994569,79
47,0.43844238431586813,65
98,0.20578710663655886,63
55,0.7535612173192617,96
26,0.7863244787760381,51
41,0.8921150162602056,93
60,0.6332845298170086,54
76,0.08949583158920194,71
46,0.15967980824589223,39
44,0.8359511854233114,70
33,0.6160588227764384,30
87,0.6392750480177849,99
26,0.7999138682836165,78
15,0.5345002632428492,5
14,0.7913705905021019,43
39,0.6434244375744581,37
35,0.11502333933010034,81
73,0.5127732626397467,38
44,0.34416214219733277,43
38,0.1973543102438069,83
83,0.11553064756064868,18
81,0.34751681120799427,9
94,0.3647722456926099,12
27,0.115109868844955,2
79,0.23141096814348772,51
31,0.02188030150345044,16
57,0.6269564141625898,82
45,0.748074612680778,74
76,0.5554619142920133,65
91,0.1582125117882196,5
44,0.20100292357956495,12
5,0.16424288475704274,53
47,0.35057458719612133,27
39,0.9469732761951613,14
89,0.5950491091273711,59
62,0.42599742652307127,82
96,0.9857581550373735,93
50,0.086905074908323,81
12,0.8354354793167452,88
89,0.6772767108329677,23
69,0.4472740779843798,75
65,0.03094486279542008,53
59,0.2999622373281371,58
70,0.17993976475531126,41
86,0.4755839703628627,93
26,0.14733385252236864,87
58,0.7554562198536525,14
64,0.010475831768019583,6
72,0.4012131635935353,31
39,0.7846643139473966,98
17,0.7088134368830857,63
52,0.12230002452369271,31
2,0.5417830869810204,27
76,0.7873924821050193,47
34,0.29656819984621996,28
59,0.7140657187251126,1
16,0.5808889293403712,85
49,0.2996541316359831,91
2,0.19406523784982277,46
5,0.38901460026203316,38
2,0.5576341697463629,50
79,0.4905574737976911,20
13,0.8507056252337939,52
22,0.75507308152152,22
27,0.21465805636729685,57
41,0.928720456436491,49
44,0.8148891388340455,33
11,0.5884874928726631,92
55,0.21974443913757302,62
19,0.44258919201996183,42
82,0.3638268815814,41
1,0.7843850798097087,98
81,0.0206591379758696,20
91,0.2283515065933336,26
62,0.13139985909692342,25
34,0.9495471044658158,5
83,0.3103058417386122,88
97,0.6147255262204824,12
33,0.971794253473797,12
60,0.0894065752156109,1
56,0.7905241744654274,68
97,0.0992278083281527,2
99,0.8118698457266236,6
7,0.09749064529889317,74
80,0.9738841901494055,16
34,0.48014606280840955,11
92,0.9181881620968604,78
29,0.9927871803946715,98
49,0.5760148716906045,96
18,0.5579470732041311,36
77,0.17312764223395716,1
15,0.6289306808863677,12
69,0.5977985425963065,40
50,0.0007926726799050154,91
3,0.44624022758555537,59
74,0.9685894356434557,50
4,0.9782098171055902,2
22,0.3368277832333816,24
70,0.5362950972006385,40
36,0.8259717299945626,64
63,0.9787484869310407,52
12,0.153594421711151,75
86,0.2766520947870681,14
56,0.6766133069148612,33
72,0.2886751821567123,2
7,0.3561224180283896,15
93,0.9997997373927108,64
58,0.06388243946661865,49
70,0.6813095113229951,22
25,0.8217826578426783,48
8,0.5048433765366453,93
75,0.7901698131440117,40
12,0.09250860889444379,36
94,0.6192392673965237,30
35,0.6654505102250146,18
46,0.0195199593619525,12
79,0.0068240535678629755,19
6,0.3675894504147429,66
19,0.2704222409797321,6
69,0.23704581200397445,92
96,0.08340124220555623,19
71,0.018773987596697017,17
2,0.7532931921218959,54
6,0.03554614708201109,30
38,0.19591666382429052,27
60,0.735588576915165,87
39,0.6419042245984016,11
73,0.0863231699569812,52
48,0.5120399599797453,83
9,0.7970644951433938,19
51,0.2623048131947404,73
60,0.8305501647464079,9
11,0.8646083735420543,9
45,0.9163196550133117,12
25,0.9145762412378311,44
25,0.810093178757518,63
44,0.7002530974689996,13
20,0.4074006604935668,66
96,0.7397992969476742,78
15,0.9522564764422727,2
5,0.25616047378757445,36
43,0.26190635522300465,91
99,0.8775669417956771,99
67,0.05302721522235598,78
71,0.7203497554162842,45
36,0.5807039333608061,84
47,0.9771720547128728,7
61,0.23270720558730362,45
11,0.5066726481959594,99
98,0.37370278574089033,29
25,0.2099829570670656,94
35,0.656084784875604,38
94,0.7153640326277749,89
71,0.0409303421010736,46
1,0.6997330038975059,95
1,0.32180779755394806,60
31,0.20619606004180469,5
28,0.6536742728782222,79
45,0.12265806574632199,75
73,0.4906255698442372,43
60,0.18946494344936016,45
46,0.6838219570464679,54
26,0.7137220428458501,74
73,0.6951278811451181,15
11,0.4759016301476573,79
98,0.41445999640806286,86
23,0.8265949269729795,46
7,0.3363016463120445,35
81,0.6166890126311741,3
70,0.48340867325909775,93
33,0.7867075657081619,14
15,0.3838172632814649,77
30,0.00483631449246269,81
45,0.02797036353966953,23
22,0.30882523799910233,4
87,0.7570487412801773,29
9,0.46323206247924553,39
20,0.9119935513495987,61
95,0.41104260069407716,25
97,0.33020589476800444,60
69,0.013919908071809206,78
90,0.5313059339921494,75
16,0.2343221644218738,68
25,0.005773549328756844,52
7,0.4654550404730661,87
82,0.861349590937573,62
84,0.7830405969620289,68
7,0.6841729403426844,2
35,0.13572261117373807,67
49,0.9063875675699739,32
24,0.593068264319005,69
69,0.5413065851348989,16
48,0.8316061122656871,99
92,0.4057514745904245,55
55,0.3777521268760293,6
45,0.4702083204225085,35
62,0.8045581961291669,84
63,0.1975653655133638,77
86,0.20902286589405494,75
19,0.7333200342579762,9
78,0.1455582544552505,90
21,0.3423915074760919,24
58,0.5241409043210165,51
83,0.0837870918716116,49
30,0.14221255576208847,35
19,0.2649954825048927,97
60,0.7357562278396795,40
93,0.2868788847889914,69
78,0.44921091674953617,99
27,0.6629660222563198,49
92,0.1966376255122959,90
79,0.9245718973594027,45
62,0.6514953619089724,36
74,0.4909887392607518,74
11,0.8670540680362911,57
15,0.056548242566417106,99
33,0.19544808151260562,82
70,0.0061347628827695955,50
29,0.6715850742308552,41
48,0.8392043386055916,49
62,0.8226119071279168,24
82,0.8092534221547494,91
12,0.18776802282805793,94
23,0.037515092776696846,6
99,0.7552320207509599,23
94,0.36397624919711535,23
15,0.7500587115390144,71
90,0.5151378776211164,82
35,0.8348571282913929,87
85,0.2442232933611086,13
18,0.9991263929821296,85
18,0.8692883629302463,98
82,0.5895630564139321,79
8,0.985634375755882,54
84,0.20661632257906648,41
88,0.8549993012308218,80
7,0.6491661147854024,74
42,0.6155921584541529,57
88,0.12990317935603424,72
25,0.812064374628862,20
88,0.8412601815591804,99
26,0.33626836589000586,9
63,0.3853454016998784,37
6,0.7934233024875981,62
81,0.3834972877672832,35
11,0.8273973222795556,23
46,0.017038257679054203,24
85,0.8995150983341956,66
50,0.22689376541054862,18
44,0.863288668193947,27
90,0.2715556416966135,88
22,0.34243856735995504,3
9,0.7899029783653704,16
22,0.21676567537366054,71
8,0.16225275248238746,39
80,0.7231121375922973,39
3,0.5248313512192652,88
50,0.007459133771886783,56
17,0.47763748240650483,77
7,0.8248363633094578,94
45,0.5448742529271705,31
46,0.2906620218857805,88
82,0.17362657754809463,6
20,0.3087615848853391,75
91,0.17452657709112573,77
32,0.6388165803413246,47
80,0.42746797804230297,60
50,0.7781939544756009,62
85,0.4909986359940455,27
57,0.96035698298105,16
88,0.8822863869309746,5
82,0.09900956045036613,13
76,0.40954508764300335,32
73,0.24128738619160106,62
30,0.1951408089579999,44
49,0.8548996661864133,56
93,0.12380686223193338,48
16,0.215043707930206,18
58,0.3059700983606204,52
93,0.5966468401424893,14
27,0.874663325458981,51
42,0.14133617131504594,11
67,0.350861681150171,1
12,0.6563313708150432,83
97,0.4197134310866154,37
88,0.5704100777666126,61
77,0.3764850351598963,84
14,0.42406518863914855,35
80,0.17776989645149344,31
1,0.7155075925506759,77
26,0.5089805017925754,35
1,0.6787866359556747,95
46,0.4811391350707954,85
94,0.5557096340694623,55
43,0.6004931385440415,23
33,0.08120658717112683,8
9,0.3909724500715771,65
7,0.5195717025354791,74
5,0.4217683346095453,55
90,0.02871199409572489,92
27,0.9484793467105531,34
34,0.22438395245258858,44
89,0.544632173632285,90
74,0.7855345946863911,87
46,0.7708054762046239,97
91,0.27236468772898337,43
91,0.7372796550820415,35
51,0.9776379331030313,44
37,0.6962250433041753,5
48,0.541516712218775,89
77,0.23891290952954114,83
61,0.5687627259790112,79
35,0.8899018002533737,21
31,0.5414813017622602,68
88,0.7986690933863374,16
5,0.36105893354509533,86
5,0.4065662015761662,96
35,0.761379987931629,65
89,0.3164019661049552,29
47,0.32824446814514663,35
57,0.16627412521569052,71
70,0.3481495463715314,55
51,0.6136926979116339,59
34,0.30321418812077583,34
49,0.006893679340700398,57
45,0.3762306206831868,89
76,0.7939429376140515,86
69,0.4548045939824853,71
16,0.006143234934242403,69
56,0.8829386535118583,42
42,0.4516385950886722,56
54,0.79266949002409,1
32,0.6762994012953748,19
57,0.6497919405793458,94
97,0.00869306691891103,33
45,0.704052699872501,79
96,0.4441066433509059,23
89,0.7741311921794795,96
79,0.8104512900065945,61
79,0.3135871647146017,82
42,0.3207012452044412,73
26,0.2564448550343569,11
24,0.5883874304286443,80
48,0.8647217361257971,9
24,0.8123503000211388,64
45,0.2770410061006424,31
87,0.4554204477665461,19
14,0.37135594959313944,92
94,0.9077254283728613,59
44,0.1462611401157924,80
75,0.4932975829225862,61
75,0.3193561307751527,18
32,0.7902220248000694,78
33,0.5216052566527194,16
26,0.24776772801436597,26
94,0.9648823524232731,18
39,0.7624311821434876,53
85,0.625327720572937,10
31,0.3418253442167385,98
33,0.3089146083627168,47
81,0.1520342743654869,29
67,0.5590714867294551,26
19,0.26346875372540857,69
81,0.14436574056376694,23
16,0.09431331774155793,18
87,0.5671322376987254,21
70,0.10399713635992269,80
28,0.40057177395908306,66
30,0.26631837754545096,67
58,0.6185362697008585,84
46,0.8842720906290314,12
28,0.3469466217626055,16
53,0.1514501523565257,97
3,0.14768823122539232,76
95,0.6681599308598432,78
83,0.5358912882861232,22
55,0.016275780340654245,17
60,0.9737190331229855,78
45,0.6244679769891962,29
37,0.6072838238164288,82
40,0.4421738075672621,31
70,0.881681429726695,91
35,0.20588807072885296,96
19,0.9836013141009321,1
25,0.1682643546371183,73
17,0.5403173198855121,23
35,0.998770892888497,94
21,0.5061813390928168,26
60,0.2840633545533098,95
52,0.6859424487914719,85
96,0.06677976140922925,12
11,0.4691476295566639,73
94,0.921298864457007,70
13,0.3511974173292929,66
72,0.8880865293870744,13
46,0.31327890623507626,59
89,0.5098772422057007,34
28,0.9408513254772916,50
82,0.5068272027205564,19
51,0.9579347529410056,83
11,0.05834275988318649,30
13,0.623631788018933,19
74,0.741234893725753,33
29,0.8069081160450239,24
24,0.37929355785432717,14
56,0.40940818254609523,39
92,0.4716970942269093,72
35,0.08085115364128015,31
67,0.9805888315376781,43
73,0.6863319402440949,73
66,0.8636456371022897,66
61,0.9557546919233507,9
91,0.7889652753586038,80
56,0.7079364730973555,13
6,0.6744605712429238,17
12,0.13331453906948987,91
6,0.45958654749808314,23
77,0.2783900944326947,83
71,0.6759359374684025,78
52,0.5835478340015772,73
61,0.736329015891319,29
92,0.40778684314656144,95
15,0.8246706123244426,81
67,0.297601320826801,82
34,0.8165424421327073,29
89,0.16522092763716512,8
22,0.9764159172995759,7
57,0.7323678236662172,8
34,0.21159491778844586,97
42,0.3694651272991102,10
36,0.41685965364933486,87
48,0.9279001047922499,11
97,0.6481269220017938,40
84,0.9129663102996701,67
32,0.5721600019042197,69
50,0.8701807992984132,22
82,0.8826533395484876,8
75,0.5436919424599711,25
4,0.0676655954066131,98
86,0.001807246314237121,91
94,0.01248634413443972,50
31,0.01745634676758545,96
1,0.3018071331988378,22
17,0.2693495873250229,95
48,0.8754257064682939,22
11,0.43576331758109255,77
72,0.4557387825921716,66
59,0.5995600979387238,86
40,0.8061720629992514,6
56,0.06181632042355667,44
48,0.44726144088802255,14
34,0.8518513190690553,22
12,0.24940204494207296,54
79,0.7723450559215347,63
92,0.9440241791785318,43
87,0.9971454565714597,11
16,0.14615971837370234,98
38,0.9231734172135608,13
72,0.07608529050751922,96
45,0.9852985372928156,35
16,0.7713279584582847,32
9,0.48641246366868485,5
27,0.054794219481263506,68
75,0.25575957299881147,95
91,0.6559659416530929,34
81,0.28505546586908115,24
84,0.00599728965050339,26
23,0.1384919730620856,5
63,0.032443663194418715,49
81,0.5426546837599675,79
12,0.3733985171900962,4
4,0.16601187873009338,4
15,0.6550217148833188,6
33,0.808219198048184,28
5,0.3963348459653504,81
88,0.061890587915174655,65
96,0.11399772128695018,15
92,0.9967255564649262,37
27,0.2756168565367163,57
23,0.0914054581904109,33
69,0.9454170888160177,32
50,0.2818602593789027,22
15,0.7141312557422552,96
33,0.32676456470179294,54
84,0.20625259725211675,51
58,0.8457332106655443,47
58,0.7539241816721185,53
23,0.4653013557583764,41
75,0.05918996641944074,45
6,0.4570343274357921,71
51,0.5701296101007494,68
2,0.9917501306303543,45
71,0.27242980286289786,12
64,0.0994142225522906,11
41,0.10228386447236881,71
89,0.07120353140441094,71
65,0.470953690675442,56
72,0.3618512983220672,88
78,0.20424733566504172,36
31,0.4906623475557529,28
49,0.5163026323795509,27
80,0.6335882898564928,5
54,0.29065813698572796,48
72,0.3126749778150193,20
83,0.048702567358288595,52
49,0.13695964089443635,88
67,0.43424096624960307,91
34,0.21329631556602047,57
86,0.3351420149126363,59
38,0.7413014541766452,53
15,0.6737371535410867,83
97,0.0626733828423165,17
50,0.17894277208380882,83
48,0.7704255586216667,31
94,0.3890752425955336,31
20,0.06780182931267198,7
96,0.11070405223949997,91
56,0.3319929363020665,87
24,0.9541963650371924,77
5,0.4900355279296894,87
5,0.7274693918000503,83
65,0.5607248877082865,56
46,0.6511169370936003,67
82,0.5181274241851443,68
39,0.8763600065785306,16
67,0.27600878044985233,40
92,0.4314517511532834,4
12,0.38039022917802046,18
38,0.4193420154897527,59
44,0.2832332942338768,2
31,0.2927939970037162,11
72,0.016252736609325247,20
41,0.6643479381389364,72
25,0.3855021412329144,51
27,0.7121604381942271,42
22,0.06523723278211857,32
95,0.026212357232366146,61
29,0.47509175198211084,20
50,0.20245295198451296,96
75,0.34151048930421846,13
64,0.5821995655615483,14
6,0.07715793476696442,92
92,0.10388392335653407,53
72,0.610933693851139,30
79,0.7561444637385603,94
16,0.49181878781616906,64
74,0.48210555479497486,53
54,0.023170779084840887,46
97,0.8794563712781501,76
24,0.3438297457518371,13
49,0.8175659293683649,83
57,0.43717691816959203,20
4,0.9787078744754387,73
96,0.02408985119665774,53
28,0.4834620103131414,75
60,0.879855049118226,29
84,0.5190374127132029,69
42,0.6203642448519112,60
18,0.9967076809178563,42
65,0.9290545994185503,23
11,0.24359322689875362,75
94,0.5092739687091687,66
21,0.3763458440903512,34
17,0.841151354294079,10
26,0.460084729902801,19
59,0.9093173494862636,46
24,0.23528981161408558,59
64,0.9311156341530622,35
42,0.19694217759592847,98
88,0.918922460418463,7
14,0.6636879297808053,70
12,0.40310285677817237,23
52,0.19658511874530726,93
1,0.37033158638320285,28
55,0.8734370431381128,51
4,0.12745740381745585,99
41,0.3890800952991199,60
13,0.1009599008327372,29
92,0.8234056593125781,90
89,0.9749895414510628,96
36,0.8265359745129607,42
51,0.6894577110013578,15
11,0.8667139818014524,59
96,0.3984495090421927,79
12,0.7861271489745307,33
80,0.12283335183182942,69
57,0.7795095848013178,21
90,0.9099802931067709,92
23,0.08353679070753883,51
45,0.5381498137483837,79
84,0.43217607074614683,47
25,0.24251884329865214,7
57,0.8036883701452167,45
60,0.47141915724844086,11
14,0.2528384131038416,47
99,0.8619615471817083,95
21,0.24465835844913952,30
94,0.27982356513538664,96
32,0.0024653552143295565,55
82,0.033300219603364045,93
8,0.8134882676124481,26
98,0.2711200992393097,43
69,0.08235322469713224,10
5,0.8848919034555484,85
40,0.18043919765372418,8
23,0.6899638774557997,22
61,0.5544132568819115,9
13,0.7797386682584713,37
35,0.7442404268439825,27
4,0.9786697742032252,99
33,0.9205024292985302,56
90,0.624678508526088,38
46,0.11963089394549753,5
93,0.39856171072600644,69
4,0.3449465230062434,13
15,0.22415850211333643,31
84,0.750726651646396,54
80,0.12510046307403944,95
21,0.08318646200201496,45
51,0.7944489140295221,25
9,0.10639665180420343,21
23,0.4645409404279738,5
76,0.8155629799889991,8
62,0.5551091268034103,72
79,0.09230694484403845,93
67,0.22742511177431135,99
19,0.07113009675865001,87
84,0.7358411625860104,96
83,0.2937357945807798,21
58,0.5211254558457636,45
31,0.21913480944262453,16
94,0.45459377723108174,33
4,0.2818354651021634,47
70,0.6173378942302481,65
57,0.03266558332599556,63
98,0.8668714144898143,17
88,0.5380691747970517,51
20,0.1194192340269371,20
26,0.45113707651025303,70
1,0.6199366070869502,12
70,0.17585581574294984,54
32,0.7959818916061242,7
21,0.9956279328574421,12
60,0.36064760579067323,78
98,0.5724038824113777,61
14,0.5234346343647711,50
72,0.03410623027931814,80
16,0.6829635763192465,58
39,0.5538582248805896,61
84,0.6285329756943373,59
70,0.05562529337786415,86
32,0.7041829607907666,15
9,0.04620848777588127,91
55,0.5722025408911787,59
93,0.17240881929051288,29
52,0.7957748070728491,22
80,0.34732307466374013,6
35,0.5749385643805883,19
91,0.7962914948210325,54
83,0.6433145708528708,96
26,0.6490551202646782,73
49,0.23931377705082468,93
66,0.7051578285328937,21
46,0.32233951860310295,94
13,0.15476737474156388,93
25,0.12179720334460498,17
20,0.5034243909781962,73
99,0.41155869453912763,40
80,0.4764465306328086,85
70,0.5217471548381221,54
18,0.7747588109906947,11
77,0.6456736046820644,36
8,0.14545520271178558,75
3,0.9087540570613373,37
48,0.4232129972552596,65
3,0.20895344823743278,9
55,0.7380445888024357,90
43,0.05040143880957382,68
23,0.8580154285257543,40
85,0.7873717545030752,77
35,0.9397811294909278,13
50,0.32062897098156407,62
25,0.23435661178641887,84
58,0.5404756181604901,11
96,0.5312054565630158,68
38,0.05182972661869778,26
42,0.755966297588805,81
17,0.922848656858074,4
32,0.21913053904448432,69
77,0.07798566103279159,43
2,0.29217462454930654,63
47,0.48702811916203337,36
31,0.3386503170511769,65
61,0.6628623662470285,84
99,0.19316822350508223,54
56,0.549537384259244,74
20,0.061456528035374824,48
38,0.9840313418038932,10
23,0.5207867478607229,17
59,0.36307498596690957,42
9,0.06438334848653615,16
59,0.21691228279548236,92
32,0.7526306857633475,46
47,0.6937695344528177,22
77,0.47861421236511614,30
78,0.7710461057648389,20
2,0.9488250178702673,16
33,0.8231393388680767,88
73,0.17707069744357873,9
45,0.8310676201564392,71
6,0.5149985507058087,2
70,0.7436141075187779,43
30,0.7433739749302185,36
22,0.9102232362313252,61
45,0.5334583324877349,28
29,0.15377474536126357,39
5,0.0802589549240017,57
29,0.37006803264727994,80
32,0.7783286252899964,54
32,0.8576960684184887,85
74,0.282679052002363,9
3,0.40692107774445807,63
82,0.19237682132943112,83
72,0.3245313202147879,89
98,0.8739714311074576,19
26,0.5549482976370848,19
64,0.2990214441290082,75
97,0.3989364805527925,21
38,0.14257091582718928,81
80,0.9887087855742768,16
64,0.7696033791351393,65
23,0.8560858721360627,6
44,0.9865786050595537,45
69,0.8042149952904295,26
56,0.2123519815834205,67
49,0.25361873005827906,59
23,0.9992318945581031,22
23,0.4756326936086821,11
2,0.21598220337100582,74
25,0.21816975651724946,27
61,0.1928622614533435,24
89,0.5038763877095098,21
3,0.8418216328968386,26
61,0.10378123243651327,46
58,0.03471603296524295,29
55,0.8990757162991473,39
14,0.007862346494912575,38
99,0.08051621643649243,66
2,0.7173806990121352,4
64,0.025295303500853183,99
62,0.3567391259643472,60
24,0.6418827886086985,68
92,0.8193688854731248,55
83,0.7284577520304771,14
10,0.3709431056260243,11
24,0.5083570190772123,81
30,0.8083936364629856,61
32,0.47428742165739235,60
16,0.1338227307400326,75
17,0.2767442797592322,76
25,0.5142011526889052,4
5,0.03752705063479855,94
9,0.8123250994264748,45
16,0.9293948138652183,55
3,0.5815879298293656,59
91,0.8775266986875501,44
37,0.5133591088005087,48
16,0.4067507137783336,2
16,0.09508141521570446,67
37,0.08234072405995119,4
30,0.534604375789279,53
66,0.3230025029519946,62
33,0.04983116408777677,68
24,0.937316665567923,38
43,0.6715768004683597,62
22,0.7739160272477424,27
54,0.9072508803582038,11
79,0.4883431053354107,51
79,0.8482595179109854,50
55,0.8636220867930818,81
75,0.010720317229653942,70
1,0.29457187922308326,60
67,0.9049429864019659,79
93,0.3039966801733488,13
11,0.8148392641410386,56
28,0.17137258848452908,64
95,0.652601510388407,2
32,0.8097980124654884,56
96,0.13240656328371947,78
15,0.8508215606942748,62
74,0.11448547527536568,75
91,0.44287885714909214,35
42,0.32930109468430113,84
5,0.7716787354966819,24
64,0.8250197133085574,22
82,0.013274336399925257,82
19,0.24601660345316578,91
60,0.7689583250177617,73
50,0.25222447307469575,19
55,0.892217091141246,22
82,0.27590980549702304,38
55,0.7370074739760969,68
84,0.28602769752886703,79
53,0.7128359333228341,96
67,0.9395116521390997,85
41,0.21876868667668503,17
14,0.8409381356781058,24
63,0.4421386227843467,3
61,0.763841515217497,33
79,0.5582609171193251,6
2,0.3152190079241459,80
95,0.803456929182733,71
78,0.9957080422914801,47
47,0.6233667043800165,83
79,0.17803629898079432,51
65,0.11016017044900384,94
72,0.8237902635748071,46
3,0.8135634315383394,24
88,0.92832134407768,92
75,0.037887740627755795,48
25,0.17865021490022437,32
5,0.49587861256003585,18
57,0.5466635724202019,94
18,0.180952144302018,10
71,0.44356895054769463,92
86,0.038850585718872344,10
74,0.09178580071628806,58
65,0.34219228810603997,17
80,0.5388558674664389,14
94,0.23033834845576617,10
52,0.3544133529094723,96
81,0.9680196476819681,76
39,0.16376156521931506,51
50,0.8123088146320869,75
87,0.9385346168052211,56
4,0.21681183060988318,30
44,0.10048182568077668,26
42,0.8885851265388902,86
1,0.35596281968730725,93
74,0.09501783628459581,80
21,0.06349400342215872,53
65,0.8131552749044744,72
61,0.564419259284757,36
79,0.6111142756544907,30
13,0.3558665068910316,58
4,0.11341271315443513,25
56,0.38313747953807686,85
59,0.6140305241283477,8
5,0.1218537358545494,16
68,0.7726975367728167,62
3,0.06151335934868751,82
23,0.2501330796334489,18
24,0.6646192029502458,75
89,0.91397976334601,35
58,0.5163603281543765,43
43,0.04920475108826694,42
61,0.512119322582078,58
37,0.4932908506136898,15
78,0.3302478099475037,5
57,0.5315713193121874,64
74,0.6572311207965423,48
6,0.5688280851644215,1
80,0.882112106139583,75
25,0.7604415814377341,54
18,0.5442202104368979,47
82,0.42914307860928846,74
67,0.3434026781084125,9
21,0.7326992038006865,51
58,0.833387454683799,87
78,0.862843298979041,23
55,0.42152113239813094,71
68,0.6272426091834017,72
42,0.8472103994994409,78
24,0.1919684123535207,10
21,0.1872570530401555,21
13,0.8477536676995356,55
90,0.27619634355904366,82
4,0.892365284619254,82
39,0.8527402950160337,93
69,0.16880847398266252,82
11,0.6813263567608481,30
14,0.22639356005962274,18
53,0.28989106679846277,20
44,0.4731908677972144,57
57,0.5909123643792097,8
95,0.13951552410074575,26
7,0.4874038823443799,62
94,0.5987666449875381,5
75,0.9605300450292623,63
13,0.7063724263311119,25
58,0.6751066065765634,79
32,0.10288391519879547,21
81,0.4401078579069758,16
81,0.9746521073765126,6
40,0.2622225063963135,9
98,0.592074052823515,90
26,0.8296009796169173,9
81,0.7614244609400446,83
55,0.9565569953149112,78
72,0.6512385792634846,59
24,0.18868179337157165,13
70,0.20271940369353636,89
14,0.35077699913592075,13
19,0.15193074343480173,89
28,0.92179601598168,52
83,0.6597626385990832,85
5,0.08971417059914721,79
88,0.5026193157167615,33
52,0.8196641641621685,99
96,0.22240201928453784,82
98,0.7092622701294079,87
7,0.5569546525397779,89
62,0.8459768945977214,34
11,0.3425080655685325,20
79,0.13220643679626376,94
34,0.5568562491475537,17
46,0.11400520539558268,58
53,0.8527104454422288,79
86,0.983575226473363,76
38,0.7632836440765636,62
81,0.25397502871190814,76
24,0.09662195566384124,75
19,0.8725755695050138,47
96,0.3516043706489559,15
34,0.47932892485546963,65
31,0.49271271806669037,26
79,0.754397910469997,61
39,0.5759883179119222,17
18,0.8756154207951982,78
95,0.4685861378005747,41
93,0.9919576602487186,86
90,0.8120033956908607,48
48,0.9911075613432456,29
64,0.6379419425491413,38
52,0.7093936557158835,31
53,0.378859326713216,34
2,0.29439312871586587,32
18,0.7232742399708609,94
51,0.5898925984818868,61
20,0.7318216795237483,18
91,0.5596323028803013,47
90,0.19549161866518738,6
66,0.6991199188260351,69
50,0.6542452472898456,78
46,0.5340329579591033,86
86,0.9148400098145458,78
45,0.32629779835398265,52
62,0.6780347782275299,59
83,0.9556488493236195,73
96,0.02868992737967513,48
44,0.7455117957967979,13
6,0.02932092804987252,65
29,0.3008108037628898,98
98,0.8951524402362068,45
94,0.444845201023093,59
62,0.7668246593358161,19
91,0.2950946056539636,6
23,0.8103531104124071,35
28,0.6660017985676903,75
49,0.08885099362813698,84
49,0.7427683975685522,55
48,0.5097069181412733,29
5,0.24793495815893118,97
21,0.2674654734469327,68
45,0.19328027681430926,49
67,0.3733438999266151,83
84,0.6921540647045054,33
8,0.39691901741788893,13
64,0.6350289980101782,64
8,0.6330729853791002,43
47,0.022024930613753213,16
28,0.57200972837754,56
85,0.6399895790493257,6
12,0.40425488579058544,28
74,0.16899853537852028,92
73,0.08657545100068309,75
51,0.5720413610006754,20
10,0.4041775465193168,42
14,0.283591847986266,49
21,0.7095647500105763,41
95,0.570288758730027,3
4,0.6697950223692392,48
18,0.12390638815179156,88
52,0.4598802735585591,74
30,0.16478574260790002,41
42,0.11748544548252204,87
45,0.19003649192644523,4
84,0.6515628191346007,23
84,0.49022574859796253,99
90,0.9740016303170022,59
77,0.8868854122721388,2
24,0.6160187920501361,80
5,0.7736068938469425,24
96,0.065881272787635,60
29,0.14495480406465744,5
83,0.5917048194700553,98
66,0.6862952050022106,56
25,0.7053908087739438,47
51,0.8304670714457588,87
22,0.5754431818174625,85
97,0.12119217231890211,51
13,0.7954782689893652,3
93,0.5558378638336238,39
86,0.1387126198223977,80
7,0.24391405831094282,97
1,0.8931625283402307,25
55,0.08437279518998653,37
91,0.4498344804124147,31
11,0.804743530033597,40
18,0.5175530999156757,50
39,0.2598066056243916,81
96,0.6645637237601469,18
39,0.6587347183569896,71
63,0.11839695237394221,63
3,0.8839259732853142,27
54,0.21660498403461015,25
99,0.2571275083276593,72
99,0.08061603908286441,99
8,0.7525786702030519,67
51,0.8532963147136018,50
31,0.6710983430921937,47
44,0.4170470065613001,38
72,0.5490691511153466,81
78,0.5270907516173694,93
40,0.7326073935101685,67
20,0.6687511117285302,88
69,0.9425262418970827,17
72,0.2660026783800714,2
21,0.0764130024853823,75
32,0.5426617268243301,35
44,0.6918907520684026,44
83,0.0023744965868411905,41
5,0.9231124908450654,61
15,0.700745949448799,18
57,0.754692785044432,39
7,0.07280857550911957,76
96,0.4994101707103209,99
15,0.4619244139913832,32
5,0.6693795845864106,61
23,0.45907715162921636,66
45,0.36425327004811703,80
8,0.024772688159422573,26
67,0.37494856958632483,87
68,0.19420025503976857,43
18,0.6803477800645621,80
6,0.6816681822776288,3
15,0.7589504487084847,50
76,0.9999058167939908,67
75,0.5455468282700932,23
85,0.15469511212500187,29
81,0.34263107889414013,61
62,0.7417799312246639,76
10,0.33063554753661584,74
15,0.09140143542298784,90
41,0.10048440056245034,94
21,0.21480451989496718,96
56,0.0022875299662783455,56
57,0.49984398654590156,33
81,0.45746796428901126,77
77,0.48628941219328214,6
26,0.8108161185381295,97
22,0.9577350759552319,40
61,0.18746837195752675,55
94,0.592003208849311,99
45,0.7103466614446337,52
63,0.733991483952151,76
11,0.5109282211864373,63
71,0.2693111509056181,68
49,0.42488514018370793,9
89,0.5815820952311296,36
5,0.5787791671590912,60
67,0.32000484723007805,53
53,0.1303079824501594,64
19,0.17166476100789607,6
6,0.699370537691122,94
43,0.3813471618462282,31
8,0.5623629344040133,26
8,0.7901811573090199,61
54,0.5324163952245863,86
3,0.0026117680421084977,94
14,0.7099049170602934,50
95,0.05098058255887172,73
55,0.8187703093724332,61
3,0.2690283545351977,93
61,0.9745183337901516,62
17,0.999794627048581,12
90,0.9556276843675504,5
71,0.5229581500795832,19
92,0.17393295485194327,99
18,0.4067455688002364,1
45,0.16507992861846543,38
83,0.8926631733994124,17
8,0.2987942684312258,73
36,0.5536018683310971,98
74,0.1735565886875553,98
43,0.6638501931070071,5
10,0.04013312769838895,95
86,0.594202140507765,41
81,0.238514251975684,6
64,0.35369643637203163,26
89,0.18984351212224082,52
53,0.00011034229228013004,6
4,0.8610446985113335,64
98,0.5419734824561836,11
71,0.13964254639534457,35
84,0.03988717234696182,51
71,0.8070160340402515,61
3,0.9950493124143294,22
80,0.6389065576503397,20
18,0.05451329187281029,25
68,0.24361239344159968,26
43,0.4997783709167133,29
5,0.20218458650382853,64
24,0.1317339556050926,17
10,0.7061553572991891,57
87,0.5448900269127728,55
46,0.6434442980660495,8
67,0.7643586131227583,21
33,0.8810790056094486,76
98,0.8688017848074819,66
74,0.8549968958861386,38
98,0.6425032520296585,16
24,0.815081763245104,21
93,0.9682796483541992,1
77,0.5774885605816564,97
74,0.4270383430288226,55
88,0.8116042021762658,74
6,0.21342590283673768,22
25,0.21477658394430377,53
72,0.14566859957063005,54
19,0.5572350770480379,26
78,0.5186723797708152,4
65,0.5512480806715893,31
83,0.4832965116558169,20
54,0.5477584031384681,87
47,0.1899639334205817,82
64,0.30820820065852317,85
88,0.8833106567431304,69
10,0.3475783250929355,83
26,0.009812331386019668,33
89,0.514223249712073,6
34,0.07684898308812071,71
33,0.7613994650974467,6
52,0.5541055392530706,26
50,0.2838172657531419,90
34,0.27263276737306263,44
70,0.9428884950712167,9
74,0.8855393857220808,25
65,0.11715054226845067,16
16,0.7026594339689534,42
5,0.5173236221762656,40
24,0.4569227278700442,37
20,0.20067294508918387,21
4,0.6711474556368618,58
90,0.6443549110291736,15
78,0.8870695175826379,36
91,0.7352445619594935,19
74,0.535826118098405,70
31,0.42316244040365236,7
18,0.5959589066578933,67
10,0.2028649879979556,23
60,0.036126028591201065,50
78,0.17968956651117163,14
19,0.1383329333397374,54
96,0.9670978046884229,13
40,0.2501044466065542,16
22,0.9221404834523771,94
75,0.6952357949559587,51
93,0.1660885803057316,83
98,0.9034505982968754,65
14,0.45455720325237026,32
85,0.05239991557691126,50
31,0.6218903433751529,40
6,0.4410368686487801,81
21,0.12269517010972686,37
79,0.926496434372651,35
99,0.15367290971902714,22
53,0.23899768209713723,86
89,0.1129881806814158,59
82,0.6277981443508382,34
88,0.28222432696437094,96
36,0.035883990159661816,67
48,0.7403254378723191,25
75,0.5344909656801037,40
86,0.6570118692758612,53
54,0.8735504849263895,11
51,0.8998028678943465,44
48,0.35008840812125697,48
2,0.5098913700185382,2
39,0.4387409064117558,9
13,0.13721814586447367,44
97,0.401046452847847,5
40,0.21853799678697117,38
76,0.49394967553294333,34
19,0.31754822597875365,61
31,0.8694693859170425,79
30,0.3580016242264623,72
93,0.5690099357227588,65
88,0.06122777910710331,36
16,0.028370495305796717,24
1,0.6816739948798529,34
13,0.1750460958511405,59
70,0.6911983017384661,77
22,0.1292115066756766,14
85,0.5346352277153946,25
31,0.7731284202209281,27
43,0.542076010585817,63
75,0.6168451285661847,71
70,0.9015677452107087,42
21,0.5171136262026222,66
15,0.5723583513780511,53
49,0.0425584835449444,42
16,0.8991388358135886,65
4,0.09158238825435205,1
57,0.15696012461192543,84
19,0.9638894433195654,57
8,0.9219820779416936,45
4,0.07348416967046867,25
28,0.9167647684795264,96
25,0.5794210366630868,65
12,0.5305908661018525,4
51,0.9057137024238093,2
37,0.786738299897767,79
53,0.9749707439598543,70
39,0.9022628856928535,27
54,0.766028463224186,72
84,0.7554417205384083,93
91,0.4792666438205452,79
91,0.8862716253272325,74
15,0.913660745321157,29
70,0.8389350626233103,24
49,0.08924544639099619,54
12,0.008243328396641214,63
47,0.5471811856649357,66
87,0.10725242746817354,12
66,0.6871324612625891,21
47,0.008861398969779,68
86,0.5108769419149778,43
22,0.5575067899842131,45
38,0.28110604544292006,36
48,0.7976839852358302,21
96,0.875518920934292,2
68,0.168074363406988,34
63,0.8546181649833622,48
84,0.4350794173800291,71
61,0.36369279746094463,37
38,0.08107221033580714,42
28,0.49819123695931167,86
31,0.623474623426546,46
61,0.35312426623362747,39
97,0.790587939201576,12
93,0.5697919277932475,78
53,0.6984112513246661,33
6,0.8594967896479363,71
64,0.7745038058688877,80
32,0.7697245452331758,67
47,0.7935602556032637,90
53,0.6645566188876456,27
56,0.3017786312339503,6
34,0.22751673421435203,20
39,0.01729964918869442,95
54,0.04187463446203121,92
50,0.003125924836959726,71
64,0.8753702982251627,56
54,0.16823572728021763,96
11,0.7228390167872216,82
80,0.3161101569638167,15
6,0.15583670668792882,56
60,0.3584437990018009,62
75,0.34248647181727776,48
97,0.03082649146902061,50
23,0.2665078655650637,98
51,0.2677355539731565,34
79,0.27442871579945416,33
93,0.5343516032701757,45
3,0.47319846689535283,58
40,0.8230984693748941,5
80,0.6486129455752311,89
3,0.23840521482107946,34
71,0.12449790239226366,96
8,0.016830692243106515,50
81,0.9629564935042263,88
44,0.8684669736321512,83
97,0.4468334473811657,94
65,0.934297353590667,82
35,0.2841575389422343,40
54,0.7376165184532643,77
62,0.5198876549739991,97
78,0.44873084879981173,50
97,0.33027546411743325,17
86,0.530111585843867,40
52,0.4600057951164127,4
33,0.9594046044860605,51
70,0.19941906575235835,98
61,0.4034220016009714,45
99,0.4077064219622808,62
65,0.8320214980629121,28
44,0.47426323346512034,27
29,0.3642844692534255,19
55,0.9177616971542096,34
23,0.15051937133125792,38
34,0.948825877199709,61
56,0.1389414299413273,7
83,0.5700728239387305,84
81,0.11674990715048794,86
8,0.18012985286823424,93
50,0.31300840336684455,78
18,0.5164084876266966,64
48,0.20940387020270468,98
23,0.07372077046302483,56
50,0.822017980893825,15
58,0.8934127852076422,67
33,0.26178405057105425,62
99,0.6839933702847911,95
73,0.5470072711591636,26
28,0.0027187102392307594,79
68,0.1174687964883444,42
69,0.5285118810840168,27
68,0.9246378265016033,44
90,0.8547483972753578,44
90,0.15129678847800077,79
27,0.3067235748077105,7
88,0.770996861267056,14
89,0.06067122855466778,84
42,0.9224906419735327,10
50,0.1448377885001686,50
54,0.003032475222998987,74
40,0.16051139234790412,90
20,0.4700185869056209,24
41,0.20819605348713977,91
50,0.6423044229465881,33
58,0.551187189478216,80
92,0.7947960334311653,14
64,0.793395579184247,36
4,0.7074016445143938,5
32,0.4452007618612792,41
22,0.08054085026509905,44
3,0.7631895400119381,85
71,0.9572821062883355,36
12,0.2328439535390362,99
75,0.8648186869769142,75
84,0.5583910047334314,79
36,0.5490772949805397,27
27,0.5597674207199244,33
21,0.8565089047632678,87
91,0.41428952957681,62
2,0.10811175249631055,5
24,0.22031096982358345,24
69,0.9233409237995689,57
60,0.27946812890857464,13
70,0.3954537214228313,40
36,0.7671697828816646,21
36,0.45096192652739897,5
23,0.006649744889211884,50
63,0.04233741588789475,47
76,0.4581918782675143,85
83,0.21260473262712187,1
86,0.8131799397444079,29
63,0.9236866482636906,72
54,0.15977629100012603,82
3,0.7202626189508176,91
15,0.7504015829543507,93
54,0.8963607521896676,65
39,0.33410259545626675,97
11,0.9299388191863117,52
45,0.13057044010411833,85
68,0.020538544244414147,95
80,0.1378678709992277,62
29,0.9496974635045612,35
40,0.1938848530452455,73
84,0.7607532956877233,43
58,0.6437877214343036,10
91,0.06359788841484915,84
51,0.19408071826539797,69
64,0.9163885193228836,97
49,0.6111973686766535,96
11,0.07943370274807282,52
6,0.34566377517504,79
18,0.7058173266852793,47
72,0.6030928903850201,87
25,0.7572320278670598,11
6,0.7725904028186026,46
11,0.29893105853195834,85
26,0.9119993112951433,29
24,0.32311305749568475,50
21,0.08208416209973346,81
66,0.6557149780360617,99
4,0.6829032180981514,42
18,0.13990614754079378,1
30,0.9235829864539634,25
50,0.6236496721765085,29
72,0.8116478449182439,88
89,0.5884588661682777,65
14,0.9601521101915866,58
85,0.4096998200551849,1
57,0.3149059703159772,55
26,0.9336491197682748,24
18,0.8568784818323405,75
76,0.8496163783656981,82
12,0.7292252742353551,40
59,0.4884491982624537,84
87,0.2177011825911188,84
27,0.40823977491804386,5
28,0.40112496374802753,43
28,0.30479698427225177,48
16,0.18752822522718382,9
33,0.562889381965657,76
35,0.5448945804747036,38
40,0.7603084941396475,17
77,0.40799173968740987,35
55,0.6474775328688165,20
7,0.9922745528695006,54
80,0.2331259456225968,65
82,0.5686357546163087,57
85,0.5993563977872546,82
75,0.785532145193663,92
69,0.11342494587641239,50
47,0.6025357715184799,51
23,0.8213488723718039,78
94,0.9650549005673973,64
6,0.5151805367931835,89
17,0.8603180506071608,92
47,0.9685379346389235,15
1,0.8663723682805988,90
2,0.9277649785627187,49
31,0.10368891411728809,38
13,0.6384872367951533,18
65,0.45822798348205884,18
41,0.02056901355285501,90
58,0.09079753174449257,48
73,0.844663384906571,87
14,0.37429353762318596,16
31,0.3814331314936672,93
25,0.5301740052905306,80
44,0.8143431210894191,70
97,0.3826520529978519,92
90,0.7498584385995765,94
59,0.7463327266590407,29
10,0.42692312056078063,7
5,0.35049640280105654,59
88,0.5803832185167728,23
28,0.58019844965206,96
48,0.31099469842488336,69
19,0.9329343979505899,69
39,0.28338608867610504,31
86,0.2158992485595056,70
28,0.5884949140806582,84
44,0.8524613525742095,73
47,0.5746855742864206,48
83,0.4962392943615598,80
78,0.4531387546004787,11
64,0.562019286606243,89
78,0.23562344743639385,94
59,0.3428378115466879,51
99,0.2858078002650407,3
38,0.2712905290010099,26
67,0.2580876245642879,7
97,0.8081675414831344,93
15,0.4143778551043473,59
81,0.23878761442789143,12
58,0.27337593480417866,86
10,0.9216428568351955,42
85,0.6690205185588473,51
8,0.4735868719572385,2
51,0.9838085229232915,20
45,0.33759834204717165,85
46,0.6870974366041056,93
98,0.6461833567114256,75
76,0.744944574137883,38
73,0.8489395813498337,30
11,0.38505762193706305,85
27,0.15121825278660428,24
87,0.647535894764727,5
71,0.9567229598468118,35
91,0.0882305802965676,32
66,0.7688989768820954,7
42,0.8252493000451342,21
85,0.9303852481273828,99
58,0.554391240081238,23
78,0.7386673433258869,14
76,0.1491477007756561,29
49,0.7288078470843288,35
40,0.8001018434777233,77
25,0.5336275296313028,89
82,0.1679865698677503,46
84,0.10917045912951862,60
49,0.2544406720454917,78
46,0.8911828593233083,14
73,0.7320778965259652,45
83,0.8863941329422534,29
67,0.762380339143481,97
51,0.5045773551327658,54
35,0.26493841380838234,40
48,0.3982500497469591,53
53,0.22661674996723868,94
66,0.09976708671235568,20
44,0.5483855674773072,99
38,0.2949552962003501,56
86,0.548499066782151,19
3,0.3380007911991627,59
29,0.19035718056786888,11
55,0.2577763193117468,97
50,0.5942260747122937,69
3,0.23519752589888288,2
61,0.7532012126637503,64
78,0.6694522493976125,65
38,0.41771025832581943,39
63,0.08421437506555862,65
3,0.26895404401275735,16
3,0.48891143580568586,21
27,0.990225656872986,58
82,0.6447641926076085,98
56,0.46411752547171603,78
61,0.13470066860379648,24
23,0.28814448954346317,91
39,0.6163725185670572,87
89,0.36091644627637387,56
38,0.8993488667218427,87
10,0.7490021713004076,23
40,0.2527277982371453,55
97,0.7080257008459571,8
6,0.5351969980959053,12
23,0.3576589520680007,9
37,0.7299169133136223,13
91,0.9368052869276974,25
1,0.5474300434798263,43
86,0.007211776894386568,78
27,0.4627856149734948,68
28,0.12736056680297414,78
97,0.08486587069979701,47
52,0.5974030826042162,23
66,0.2950470191680742,89
84,0.9539873710495946,24
8,0.6414868909765586,92
39,0.4540564086848832,68
37,0.5577572271364812,41
83,0.5116058537741778,26
47,0.8498505852451815,61
25,0.5485824626871378,90
59,0.7865812378384224,78
99,0.3425216968141678,16
83,0.6794590223253906,77
36,0.9671240293548176,51
3,0.009930903216487486,9
7,0.7420961626552148,48
89,0.2351107679449509,36
32,0.5584140932085937,33
63,0.4192961969080068,10
94,0.04139643630924694,87
87,0.8863840395242452,69
72,0.02424654055386055,40
53,0.6093454822981937,4
27,0.9237655447204642,83
88,0.7621338479346169,30
66,0.7789303914592529,36
86,0.27371186329512975,49
67,0.36285939174910875,47
56,0.7983572260963333,66
79,0.9258300147124249,92
95,0.16919628613916626,15
67,0.5430998159781544,76
89,0.7910205028548991,10
22,0.42664404762120023,74
94,0.8609921770986054,79
11,0.6351134871586531,86
69,0.7230914487400886,89
96,0.41175526731591217,15
11,0.9665693634454239,98
45,0.7959412499149099,46
22,0.05322241153473173,57
44,0.8316584533519954,97
87,0.7136192253933032,3
71,0.0867728814908435,12
93,0.6151335776203734,64
52,0.9717523963945321,32
36,0.22232189849286765,58
40,0.26014490837438364,92
67,0.39601395242075976,14
75,0.5836999058546766,95
39,0.22768261679781132,14
6,0.30666477385115276,95
45,0.26496290382807475,72
3,0.45429565361476587,9
32,0.154184172454627,85
28,0.9715772417982547,50
61,0.48211636111677714,43
50,0.28769203203284766,32
71,0.8665314577718684,17
2,0.42629975003738474,52
57,0.8195794924213654,34
87,0.06489009566242188,47
93,0.16574283108256394,86
44,0.1523173448722115,87
53,0.04324039406039626,91
97,0.06647161295318282,56
33,0.261954950890427,78
85,0.9743311470518514,95
54,0.7477559307666476,25
52,0.11611320639295075,40
12,0.39993170231037667,22
38,0.10422669958307607,13
42,0.7976793199315393,30
29,0.6430536745343296,98
67,0.6996266108918721,34
5,0.6006909077972606,77
33,0.4002804502344035,64
65,0.7736812714686019,5
42,0.8981043842189096,83
50,0.8533452824562004,69
91,0.8593116697639037,94
79,0.2931796157894354,86
78,0.11276724896755808,54
17,0.1158553298281626,71
24,0.529965044849055,90
11,0.9218328285337195,14
3,0.4631407313407804,58
16,0.984615430924973,39
5,0.04372798248231846,47
8,0.8191999865908942,7
94,0.12624443335077595,90
88,0.2414426069116109,56
11,0.4326647526811096,72
13,0.9805299656672825,24
87,0.9938882113901849,52
39,0.02990061527348209,37
68,0.948019892243439,46
24,0.7211898091183827,35
63,0.927985059167533,43
92,0.13337868284166543,95
85,0.9703642041437041,66
45,0.46488845994529915,24
93,0.3073237267790778,20
50,0.2956939471534429,87
49,0.04464358668617374,98
17,0.5897637694410892,80
8,0.7705035131998798,70
76,0.5444038781252291,51
10,0.5048479250720077,51
79,0.07338342419577382,6
96,0.46428892734373195,44
29,0.10114942468530197,10
12,0.13019120731529255,45
56,0.23273032451515285,16
13,0.4959180820353052,1
31,0.5958697348624463,26
27,0.888714338448597,80
16,0.6499944040762565,47
31,0.20930017208296792,13
1,0.02093474345004076,87
26,0.2746107479794345,37
13,0.6823194493486572,82
89,0.5800504313992182,70
65,0.3261594482535898,47
47,0.5598718032109541,59
28,0.9020450894508837,48
37,0.6511416356647162,21
91,0.36751221206638995,15
35,0.13392387044671583,62
24,0.6368895300228238,53
62,0.15467150324712897,57
99,0.5146911227822419,66
28,0.020049226554693655,41
19,0.06051937811756736,26
21,0.08803914457071482,59
4,0.06967738290551051,70
91,0.50855006773703,42
16,0.47869388962718395,23
87,0.64428319894166,90
28,0.2615116521834566,31
9,0.3228829807028937,45
39,0.5028710320992769,12
79,0.9323482873616038,63
17,0.1284172830793483,41
2,0.24981803758922794,93
54,0.24137173167236525,78
84,0.5421811475760234,19
7,0.21282240105468808,78
28,0.9989107264714053,90
98,0.3617636474973889,20
20,0.5201040579506837,48
17,0.4627155176175638,86
59,0.12393740263035635,63
57,0.6580378265355544,32
84,0.7558525846546813,11
6,0.5134256894959679,79
49,0.4873848286401139,79
81,0.6355660466169241,93
26,0.6973043408583479,46
45,0.8444516256977458,26
81,0.06981010437890578,11
51,0.3829118384613266,79
26,0.9452618838530616,46
46,0.4149851913746042,39
59,0.5048482595541692,4
69,0.028325103921885142,97
10,0.9033129399654299,34
70,0.9092789715297294,72
8,0.8769756158930109,10
42,0.22995888937976272,24
73,0.6460477282230372,42
59,0.9838837337093816,82
60,0.040039142622047,6
67,0.6883601787302434,45
65,0.720444957604409,8
16,0.36048566223000567,71
79,0.6225928853469292,58
21,0.9330830239969464,14
91,0.12525621444306145,11
2,0.4126922811994115,86
16,0.4185802016501966,6
43,0.05007217267870623,4
44,0.7376973200894987,8
19,0.24564167061024256,26
75,0.8987429836565117,40
67,0.8516919856218587,38
32,0.3688717698243158,38
28,0.2120080194947468,77
3,0.332389101816159,10
61,0.1867262502701219,20
29,0.2674417959494513,54
9,0.41125185591106417,48
50,0.33065820885007147,88
5,0.3798511308125947,95
27,0.23229881786913287,98
19,0.12917624016410267,16
78,0.8352644139632123,71
23,0.016334634987912433,61
30,0.2636988829131154,13
78,0.5651900829015494,12
91,0.17126667174211552,79
43,0.0866751017850601,57
84,0.3728318633329595,10
98,0.7781084492093783,70
76,0.5584177646535902,66
44,0.44138020075684914,21
56,0.28090186059422895,30
42,0.07731628517085232,66
98,0.3796828836640824,76
75,0.9115965930322356,14
13,0.7946915284208285,41
44,0.5362215033280994,74
4,0.9238039858055095,58
74,0.36969138318059147,3
25,0.7639413882924105,48
30,0.4065067906702077,20
81,0.17709270749653172,4
21,0.1904544623937794,48
49,0.13785617426743768,36
55,0.8907084152585243,67
71,0.9712280892862942,69
16,0.6060807487021693,21
65,0.00046768773643146577,90
42,0.3114798989267977,51
22,0.43840957472315834,67
39,0.780660071042287,83
12,0.8677323893526132,96
58,0.5329691342830647,81
25,0.41016605407075324,49
74,0.43768207146369,16
35,0.9549503735387737,3
4,0.8466356802594642,68
52,0.983398579769748,99
61,0.6898983426327083,53
22,0.05381667250747557,87
46,0.13802259143183127,17
63,0.013641584069074009,72
40,0.4213749579026106,8
53,0.5860475295171685,50
79,0.47308946223325177,20
12,0.14568463212264904,5
93,0.20160558982300747,47
47,0.3455600009944164,63
6,0.9347772510639423,10
62,0.21733924024090523,93
47,0.11486237352834505,80
67,0.7926688262393181,68
57,0.9743555800864042,30
48,0.14852602332267373,78
68,0.4447748385628463,54
82,0.21269487345856564,15
19,0.2781858727151628,31
75,0.5076473154371345,78
70,0.03320340372289721,89
8,0.574840636591675,84
86,0.27422615915185455,66
14,0.8040237391481929,25
90,0.3091318041081408,56
84,0.745856196983833,79
36,0.7896344105133651,84
46,0.26659908482144534,25
55,0.8146363152860777,95
36,0.8864385996720218,90
56,0.5247719147290621,96
72,0.6469821363076305,42
95,0.10365278312550785,6
90,0.5232628774390707,84
50,0.7965842693231261,50
26,0.23565441871941195,49
50,0.37405637801486213,64
7,0.6668336039238165,99
76,0.4307822453282111,30
66,0.4662101253182105,44
64,0.715025193287676,60
63,0.9873435157344221,16
6,0.525962633326063,81
87,0.07312093025366662,86
89,0.10116046352222174,92
41,0.5316520351336467,85
63,0.4108395112119225,69
8,0.43723571405650086,75
83,0.6908976326148472,15
50,0.9900901995831973,52
72,0.6069034074401266,69
92,0.40000334074603217,60
36,0.3343024654857575,73
65,0.5482188614738744,67
50,0.8492426385873298,86
51,0.8217039074164711,76
15,0.2320779069642389,75
19,0.691312450456843,68
48,0.6164897551715047,86
47,0.9104785412849046,98
53,0.6880989854088477,56
69,0.990655091050198,66
33,0.4133900505174216,66
27,0.8979181770169218,76
39,0.39039046310549463,1
27,0.9824907957354256,27
83,0.08602841126278227,98
93,0.6985889671802092,77
44,0.9181795435608956,12
82,0.6594535612373907,18
9,0.625878453485689,57
4,0.5269850422002423,48
22,0.01626601915513959,14
58,0.18508682038639712,88
61,0.7318369264608736,74
42,0.8369842565045379,56
78,0.46078878228829867,29
4,0.4100183876867777,51
66,0.10392150516841248,61
13,0.023705742982548905,45
53,0.2714158719273083,72
60,0.1754317692485241,27
