Date,AAPL,IBM,MSFT,GOOG
2010-01-04,26.782711029052734,99.29934692382812,24.5250186920166,312.20477294921875
2010-01-05,26.829010009765625,98.09979248046875,24.532941818237305,310.8299255371094
2010-01-06,26.402259826660156,97.46253204345703,24.38237762451172,302.9942932128906
2010-01-07,26.35346031188965,97.12516021728516,24.128808975219727,295.94073486328125
2010-01-08,26.528663635253906,98.09979248046875,24.29521369934082,299.8859558105469
2010-01-11,26.294639587402344,97.07268524169922,23.98617935180664,299.4326477050781
2010-01-12,25.99553680419922,97.8448715209961,23.827693939208984,294.13751220703125
2010-01-13,26.36221694946289,97.63496398925781,24.049570083618164,292.4488220214844
2010-01-14,26.209537506103516,99.19438934326172,24.532941818237305,293.82366943359375
2010-01-15,25.771528244018555,98.79702758789062,24.453693389892578,288.91705322265625
2010-01-19,26.911611557006836,100.56632995605469,24.64388084411621,292.71282958984375
2010-01-20,26.49738311767578,97.64997863769531,24.23974609375,289.1213073730469
2010-01-21,26.03934097290039,96.71286010742188,23.780155181884766,290.4014892578125
2010-01-22,24.747817993164062,94.0888442993164,22.94812774658203,273.9780578613281
2010-01-25,25.413599014282227,94.5536880493164,23.233394622802734,268.99176025390625
2010-01-26,25.77277374267578,94.27627563476562,23.37602424621582,270.1972351074219
2010-01-27,26.015560150146484,94.71110534667969,23.510740280151367,270.037841796875
2010-01-28,24.9405460357666,92.77684783935547,23.106603622436523,266.14739990234375
2010-01-29,24.035734176635742,91.75723266601562,22.330047607421875,263.98052978515625
2010-02-01,24.369871139526367,93.4665756225586,22.512296676635742,265.5147705078125
2010-02-02,24.511295318603516,94.11133575439453,22.551925659179688,264.5683288574219
2010-02-03,24.933032989501953,94.20881652832031,22.686628341674805,269.40020751953125
2010-02-04,24.034486770629883,92.21456909179688,22.06062889099121,262.40643310546875
2010-02-05,24.461227416992188,92.60440063476562,22.203266143798828,264.65301513671875
2010-02-08,24.293537139892578,91.78357696533203,21.965539932250977,265.73895263671875
2010-02-09,24.552589416503906,92.78512573242188,22.19533920288086,267.2184143066406
2010-02-10,24.418684005737305,92.48390197753906,22.17949104309082,266.22711181640625
2010-02-11,24.862957000732422,93.17675018310547,22.282506942749023,267.198486328125
2010-02-12,25.07695770263672,93.38005065917969,22.131946563720703,265.5646057128906
2010-02-16,25.45490264892578,94.30636596679688,22.569808959960938,269.6393127441406
2010-02-17,25.348527908325195,95.13470458984375,22.760879516601562,268.10009765625
2010-02-18,25.396085739135742,96.24925231933594,23.063396453857422,270.5957336425781
2010-02-19,25.2383975982666,95.7823486328125,22.9041690826416,269.3703308105469
2010-02-22,25.081958770751953,95.52628326416016,22.872325897216797,270.38653564453125
2010-02-23,24.661466598510742,95.23260498046875,22.553882598876953,266.53594970703125
2010-02-24,25.11199951171875,96.08358001708984,22.7927188873291,264.74267578125
2010-02-25,25.279693603515625,95.6919937133789,22.76883316040039,262.2320861816406
2010-02-26,25.607582092285156,95.75975799560547,22.82456398010254,262.4164123535156
2010-03-01,26.154476165771484,96.82160186767578,23.103206634521484,265.35040283203125
2010-03-02,26.13695526123047,95.9555435180664,22.657377243041992,269.519775390625
2010-03-03,26.197019577026367,95.54885864257812,22.657377243041992,271.6418151855469
2010-03-04,26.369726181030273,95.42839813232422,22.7927188873291,276.259521484375
2010-03-05,27.400941848754883,95.82755279541016,22.760879516601562,281.0515441894531
2010-03-08,27.41720199584961,95.1949462890625,22.7927188873291,280.1897888183594
2010-03-09,27.910287857055664,94.54733276367188,22.928054809570312,279.0490417480469
2010-03-10,28.138050079345703,94.60005187988281,23.063396453857422,287.148681640625
2010-03-11,28.220651626586914,96.09110260009766,23.230581283569336,289.48492431640625
2010-03-12,28.35831642150879,96.34715270996094,23.302227020263672,288.68792724609375
2010-03-15,28.012908935546875,96.26433563232422,23.318153381347656,280.5384826660156
2010-03-16,28.089248657226562,96.8968734741211,23.381845474243164,281.5447082519531
2010-03-17,28.047943115234375,96.21159362792969,23.588829040527344,281.7240295410156
2010-03-18,28.114274978637695,96.6784896850586,23.572908401489258,282.1424560546875
2010-03-19,27.813920974731445,96.1739501953125,23.55698585510254,278.95440673828125
2010-03-22,28.12679100036621,96.37724304199219,23.56494903564453,277.7090759277344
2010-03-23,28.578577041625977,97.42401885986328,23.787858963012695,273.4749450683594
2010-03-24,28.70496940612793,96.79145812988281,23.604753494262695,277.6243896484375
2010-03-25,28.36456298828125,97.3261489868164,23.891361236572266,280.3890380859375
2010-03-26,28.89644432067871,97.3411865234375,23.612712860107422,280.2944030761719
2010-03-29,29.08291244506836,96.83662414550781,23.55698585510254,280.1748352050781
2010-03-30,29.515914916992188,96.97216796875,23.700286865234375,282.296875
2010-03-31,29.409555435180664,96.58060455322266,23.318153381347656,282.5011291503906
2010-04-01,29.530935287475586,96.58060455322266,23.214651107788086,283.3379821777344
2010-04-05,29.8463077545166,97.40897369384766,23.302227020263672,284.4388427734375
2010-04-06,29.977712631225586,97.09268951416016,23.342039108276367,283.049072265625
2010-04-07,30.110366821289062,96.75379180908203,23.36591339111328,280.7178039550781
2010-04-08,30.029022216796875,96.0986328125,23.8197078704834,282.6854248046875
2010-04-09,30.25929069519043,96.96463775634766,24.15407371520996,282.05279541015625
2010-04-12,30.321866989135742,96.66341400146484,24.138147354125977,285.295654296875
2010-04-13,30.339387893676758,97.16797637939453,24.241641998291016,292.2894287109375
2010-04-14,30.74736976623535,98.83979034423828,24.536211013793945,293.4002685546875
2010-04-15,31.151594161987305,98.56867980957031,24.576011657714844,296.53851318359375
2010-04-16,30.96137237548828,98.37289428710938,24.416793823242188,274.04779052734375
2010-04-19,30.920074462890625,99.57776641845703,24.711347579956055,274.02288818359375
2010-04-20,30.609708786010742,97.66500854492188,24.966106414794922,276.4836730957031
2010-04-21,32.44061279296875,97.13784790039062,24.94222068786621,276.11505126953125
2010-04-22,33.347923278808594,97.24329376220703,24.989990234375,272.5085754394531
2010-04-23,33.893558502197266,97.89094543457031,24.647668838500977,271.4774475097656
2010-04-26,33.72711181640625,98.44819641113281,24.76707649230957,264.8273620605469
2010-04-27,32.79352569580078,97.00984954833984,24.560089111328125,263.54217529296875
2010-04-28,32.73845291137695,97.97377014160156,24.60785484313965,263.60693359375
2010-04-29,33.61949920654297,98.244873046875,24.679506301879883,265.0066833496094
2010-04-30,32.67463302612305,97.14540100097656,24.313295364379883,261.8684387207031
2010-05-03,33.33290100097656,97.59720611572266,24.568050384521484,264.3092956542969
2010-05-04,32.373023986816406,96.48270416259766,23.98689079284668,252.2395477294922
2010-05-05,32.0363883972168,95.98567199707031,23.76397705078125,253.92820739746094
2010-05-06,30.817445755004883,93.79814910888672,23.071359634399414,248.40391540527344
2010-05-07,29.517173767089844,92.42057037353516,22.458351135253906,245.6492462158203
2010-05-10,31.786081314086914,95.5769271850586,23.039514541625977,259.85101318359375
2010-05-11,32.10272216796875,96.04621887207031,22.991741180419922,253.5745391845703
2010-05-12,32.799774169921875,100.42882537841797,23.437572479248047,251.75137329101562
2010-05-13,32.33297348022461,99.52049255371094,23.278348922729492,254.4861297607422
2010-05-14,31.764812469482422,99.30101013183594,23.031553268432617,252.8173828125
2010-05-17,31.814878463745117,98.73333740234375,23.039514541625977,253.03656005859375
2010-05-18,31.58209991455078,98.3624267578125,22.87157440185547,248.25448608398438
2010-05-19,31.07900619506836,97.5373764038086,22.58367156982422,246.29183959960938
2010-05-20,29.754945755004883,93.70731353759766,21.68001365661621,236.61810302734375
2010-05-21,30.32561683654785,94.93354034423828,21.464086532592773,235.1436309814453
2010-05-24,30.88127326965332,94.19934844970703,21.008264541625977,237.6890869140625
2010-05-25,30.688547134399414,94.25232696533203,20.84832000732422,237.64425659179688
2010-05-26,30.54962921142578,93.27588653564453,20.000627517700195,236.8472442626953
2010-05-27,31.705989837646484,95.66775512695312,20.79233741760254,244.3142547607422
2010-05-28,32.147762298583984,94.81243896484375,20.632396697998047,241.90826416015625
2010-06-01,32.64208221435547,94.11605834960938,20.704370498657227,240.28436279296875
2010-06-02,33.032554626464844,96.4398422241211,21.160207748413086,245.76382446289062
2010-06-03,32.92866516113281,96.85614013671875,21.480083465576172,251.85598754882812
2010-06-04,32.03262710571289,94.82759094238281,20.624401092529297,248.4288330078125
2010-06-07,31.404388427734375,93.95710754394531,20.22454833984375,241.8534698486328
2010-06-08,31.202909469604492,93.64676666259766,20.080604553222656,241.48484802246094
2010-06-09,30.435762405395508,93.78303527832031,19.824697494506836,236.12493896484375
2010-06-10,31.35057830810547,96.64419555664062,19.992631912231445,242.59568786621094
2010-06-11,31.726016998291016,97.22705078125,20.520435333251953,243.33790588378906
2010-06-14,31.822383880615234,97.26488494873047,20.392486572265625,240.6928253173828
2010-06-15,32.49942398071289,98.2413101196289,21.256168365478516,248.065185546875
2010-06-16,33.44554138183594,98.66519927978516,21.04824447631836,249.69906616210938
2010-06-17,34.02371597290039,99.14204406738281,21.088232040405273,249.10629272460938
2010-06-18,34.29902648925781,98.51380920410156,21.144210815429688,249.0813751220703
2010-06-21,33.81096267700195,98.89226531982422,20.752355575561523,243.3677978515625
2010-06-22,34.27151107788086,97.87041473388672,20.60840606689453,242.2171173095703
2010-06-23,33.91107940673828,98.4835205078125,20.240541458129883,240.1249542236328
2010-06-24,33.664554595947266,97.03021240234375,19.992631912231445,236.66293334960938
2010-06-25,33.376705169677734,96.2203140258789,19.616771697998047,235.4574432373047
2010-06-28,33.57693862915039,97.62821197509766,19.440837860107422,235.1585693359375
2010-06-29,32.05891036987305,94.68376159667969,18.641138076782227,226.28184509277344
2010-06-30,31.478233337402344,93.46511840820312,18.401220321655273,221.64422607421875
2010-07-01,31.096527099609375,92.77632141113281,18.52118492126465,218.92442321777344
2010-07-02,30.9038028717041,92.23889923095703,18.60914421081543,217.45989990234375
2010-07-06,31.115297317504883,93.44996643066406,19.048980712890625,217.22080993652344
2010-07-07,32.37178039550781,96.1294937133789,19.432842254638672,224.25941467285156
2010-07-08,32.299198150634766,96.86370086669922,19.52080535888672,227.42755126953125
2010-07-09,32.49066925048828,96.85614013671875,19.408845901489258,232.87213134765625
2010-07-12,32.199073791503906,97.3935546875,19.856687545776367,237.0265655517578
2010-07-13,31.51201057434082,98.76358032226562,20.09659767150879,243.6865997314453
2010-07-14,31.62841033935547,98.94524383544922,20.344505310058594,244.7526092529297
2010-07-15,31.46821403503418,98.94524383544922,20.400482177734375,246.0876007080078
2010-07-16,31.274246215820312,96.90911865234375,19.904666900634766,228.9468536376953
2010-07-19,30.733610153198242,98.2413101196289,20.17656707763672,232.21958923339844
2010-07-20,31.523283004760742,95.78888702392578,20.376495361328125,239.89581298828125
2010-07-21,31.817384719848633,94.81999969482422,20.08860206604004,237.8584442138672
2010-07-22,32.41556930541992,96.48523712158203,20.664382934570312,241.4998016357422
2010-07-23,32.53070831298828,97.17406463623047,20.640396118164062,244.114990234375
2010-07-26,32.4481201171875,97.19676971435547,20.872310638427734,243.57203674316406
2010-07-27,33.04882049560547,97.36326599121094,20.9202938079834,245.39520263671875
2010-07-28,32.658363342285156,97.2118911743164,20.752355575561523,241.27066040039062
2010-07-29,32.301700592041016,96.90156555175781,20.816333770751953,241.58946228027344
2010-07-30,32.194061279296875,97.18917083740234,20.640396118164062,241.5197296142578
2010-08-02,32.76974105834961,98.97553253173828,21.05624008178711,244.28933715820312
2010-08-03,32.77974319458008,98.68032836914062,20.9202938079834,244.00042724609375
2010-08-04,32.91115951538086,99.36155700683594,20.576416015625,252.21463012695312
2010-08-05,32.7509765625,99.78546905517578,20.288530349731445,253.101318359375
2010-08-06,32.54948043823242,98.99433898925781,20.432472229003906,249.176025390625
2010-08-09,32.757225036621094,100.4092025756836,20.480453491210938,251.7314453125
2010-08-10,32.46439743041992,100.28748321533203,20.048608779907227,250.9145050048828
2010-08-11,31.31052589416504,98.75852966308594,19.880680084228516,244.9518585205078
2010-08-12,31.51076316833496,97.59471130371094,19.584787368774414,245.0863494873047
2010-08-13,31.174118041992188,97.26760864257812,19.512813568115234,242.2669219970703
2010-08-16,30.991405487060547,97.1915283203125,19.59278106689453,241.88833618164062
2010-08-17,31.53329849243164,97.70880126953125,19.866132736206055,244.34413146972656
2010-08-18,31.670948028564453,98.42382049560547,19.95456886291504,240.1747589111328
2010-08-19,31.2717342376709,98.05110168457031,19.649057388305664,233.11123657226562
2010-08-20,31.2417049407959,96.98616027832031,19.480226516723633,230.14735412597656
2010-08-23,30.761125564575195,96.2026596069336,19.520429611206055,231.16851806640625
2010-08-24,30.02652359008789,95.0083999633789,19.327476501464844,224.85220336914062
2010-08-25,30.396961212158203,95.28982543945312,19.37570571899414,226.46116638183594
2010-08-26,30.07032012939453,93.39575958251953,19.15060043334961,224.64796447753906
2010-08-27,30.23802375793457,94.87906646728516,19.23903465270996,228.5583038330078
2010-08-30,30.348154067993164,93.86737823486328,19.005882263183594,225.49977111816406
2010-08-31,30.423248291015625,93.66200256347656,18.86920738220215,224.1697540283203
2010-09-01,31.32805061340332,95.6701889038086,19.214916229248047,229.30551147460938
2010-09-02,31.558311462402344,95.11490631103516,19.247074127197266,230.72518920898438
2010-09-03,32.38429260253906,97.0470199584961,19.528465270996094,234.2718963623047
2010-09-07,32.26415252685547,95.8071060180664,19.263153076171875,231.33290100097656
2010-09-08,32.90365982055664,95.90599060058594,19.23903465270996,234.41136169433594
2010-09-09,32.922420501708984,96.11898803710938,19.303348541259766,237.20091247558594
2010-09-10,32.964969635009766,97.35889434814453,19.17471694946289,237.1809844970703
2010-09-13,33.41925811767578,98.59120178222656,20.187721252441406,240.2345428466797
2010-09-14,33.546905517578125,98.01307678222656,20.12340545654297,239.31797790527344
2010-09-15,33.817222595214844,98.45426177978516,20.195762634277344,239.42259216308594
2010-09-16,34.61190414428711,98.63682556152344,20.364599227905273,239.63180541992188
2010-09-17,34.461727142333984,99.03238677978516,20.276161193847656,244.1598358154297
2010-09-20,35.445396423339844,100.24947357177734,20.444992065429688,253.19097900390625
2010-09-21,35.51296615600586,100.39396667480469,20.219877243041992,255.77130126953125
2010-09-22,36.01104736328125,100.84276580810547,19.785734176635742,257.03656005859375
2010-09-23,36.157470703125,100.1581802368164,19.641019821166992,255.78126525878906
2010-09-24,36.582977294921875,102.01422119140625,19.922407150268555,262.6604919433594
2010-09-27,36.43780517578125,102.42497253417969,19.882211685180664,264.21466064453125
2010-09-28,35.8996696472168,102.60755157470703,19.842016220092773,262.6007080078125
2010-09-29,35.9634895324707,103.05632781982422,19.697290420532227,262.8597412109375
2010-09-30,35.51046371459961,102.0370101928711,19.68926239013672,261.9132995605469
2010-10-01,35.35652542114258,103.17806243896484,19.600818634033203,261.82861328125
2010-10-04,34.87095260620117,102.88139343261719,19.22295570373535,260.19970703125
2010-10-05,36.159969329833984,104.714599609375,19.576705932617188,268.11004638671875
2010-10-06,36.19127655029297,104.85154724121094,19.641019821166992,266.17730712890625
2010-10-07,36.19501876831055,105.52093505859375,19.721418380737305,264.0154113769531
2010-10-08,36.8019905090332,105.61981964111328,19.753576278686523,267.1735534667969
2010-10-11,36.963417053222656,106.23596954345703,19.769651412963867,268.4139099121094
2010-10-12,37.36138153076172,106.3804931640625,19.96261215209961,269.68414306640625
2010-10-13,37.56163024902344,106.77605438232422,20.372631072998047,270.6355895996094
2010-10-14,37.833187103271484,107.63562774658203,20.284196853637695,269.45501708984375
2010-10-15,39.38876724243164,107.3008804321289,20.53343391418457,299.6020202636719
2010-10-18,39.79674530029297,108.64730072021484,20.758544921875,307.70166015625
2010-10-19,38.731746673583984,104.99608612060547,20.17967987060547,302.7801208496094
2010-10-20,38.861907958984375,105.78714752197266,20.3485164642334,302.8548278808594
2010-10-21,38.735504150390625,106.36529541015625,20.43695068359375,304.8523254394531
2010-10-22,38.47895431518555,106.24359893798828,20.404788970947266,305.121337890625
2010-10-25,38.650413513183594,106.37286376953125,20.252038955688477,307.0989074707031
2010-10-26,38.55154037475586,107.00426483154297,20.822851181030273,308.1449890136719
2010-10-27,38.52399826049805,107.5823745727539,20.943450927734375,307.083984375
2010-10-28,38.199867248535156,107.17921447753906,21.128366470336914,308.1350402832031
2010-10-29,37.66673278808594,109.2330322265625,21.441913604736328,305.7041320800781
2010-11-01,38.06721878051758,109.02003479003906,21.667024612426758,306.3517150878906
2010-11-02,38.715476989746094,109.41556549072266,22.020782470703125,306.6506042480469
2010-11-03,39.1459846496582,109.66659545898438,21.73134422302246,308.9320373535156
2010-11-04,39.830535888671875,111.65958404541016,21.81978416442871,310.96942138671875
2010-11-05,39.687870025634766,111.75847625732422,21.586627960205078,311.3728942871094
2010-11-08,39.87434387207031,111.90362548828125,21.554471969604492,312.2147521972656
2010-11-09,39.55646896362305,111.65914154052734,21.667024612426758,311.2433776855469
2010-11-10,39.800498962402344,111.97242736816406,21.65899085998535,310.2770080566406
2010-11-11,39.62779235839844,111.1166763305664,21.4499568939209,307.442626953125
2010-11-12,38.54902648925781,109.82543182373047,21.12032699584961,300.5185852050781
2010-11-15,38.42513656616211,109.7490005493164,21.06404685974121,296.6231689453125
2010-11-16,37.74308395385742,108.67933654785156,20.87799835205078,290.7701110839844
2010-11-17,37.60665512084961,108.45777130126953,20.683856964111328,290.6854248046875
2010-11-18,38.59908676147461,110.29911804199219,20.902265548706055,297.1661376953125
2010-11-19,38.3863525390625,110.82633972167969,20.78093147277832,294.3118591308594
2010-11-22,39.216064453125,111.08610534667969,20.813283920288086,294.506103515625
2010-11-23,38.63663864135742,109.39756774902344,20.319852828979492,290.41644287109375
2010-11-24,39.39628601074219,111.40702056884766,20.522077560424805,296.3741149902344
2010-11-26,39.42129898071289,109.94764709472656,20.425004959106445,293.8984069824219
2010-11-29,39.65533447265625,109.17596435546875,20.47354507446289,289.9681396484375
2010-11-30,38.93949890136719,108.0833969116211,20.4330997467041,276.8174133300781
2010-12-01,39.596519470214844,110.33736419677734,21.06404685974121,281.12127685546875
2010-12-02,39.815521240234375,110.92562103271484,21.751628875732422,284.84234619140625
2010-12-03,39.72665786743164,111.07848358154297,21.856781005859375,285.4301452636719
2010-12-06,40.065818786621094,110.78047180175781,21.711170196533203,288.1001281738281
2010-12-07,39.82303237915039,110.03933715820312,21.735445022583008,292.4737243652344
2010-12-08,40.17344284057617,110.77283477783203,22.026653289794922,294.1673889160156
2010-12-09,40.01700973510742,110.25328063964844,21.905319213867188,294.6455993652344
2010-12-10,40.117122650146484,110.6506118774414,22.115633010864258,294.999267578125
2010-12-13,40.256038665771484,110.23800659179688,22.042831420898438,296.19976806640625
2010-12-14,40.08333206176758,111.4146957397461,22.342130661010742,296.34423828125
2010-12-15,40.092098236083984,110.57417297363281,22.528179168701172,294.0478515625
2010-12-16,40.20347213745117,110.44429016113281,22.641427993774414,294.7502136230469
2010-12-17,40.123382568359375,110.7881088256836,22.568622589111328,294.2969055175781
2010-12-20,40.3236198425293,110.41371154785156,22.495826721191406,296.4189453125
2010-12-21,40.572654724121094,111.35353088378906,22.706134796142578,300.40899658203125
2010-12-22,40.69280242919922,111.51396179199219,22.803205490112305,301.6144714355469
2010-12-23,40.49756622314453,111.4681625366211,22.892183303833008,300.98681640625
2010-12-27,40.63274002075195,111.04789733886719,22.706134796142578,300.0652770996094
2010-12-28,40.73159408569336,111.33062744140625,22.657608032226562,298.34173583984375
2010-12-29,40.70908737182617,111.94947814941406,22.6252498626709,299.37786865234375
2010-12-30,40.50508499145508,112.06407928466797,22.528179168701172,298.3118591308594
2010-12-31,40.3674201965332,112.13285827636719,22.57671546936035,295.8759765625
2011-01-03,41.244693756103516,112.68299102783203,22.633337020874023,301.0466003417969
2011-01-04,41.459957122802734,112.80524444580078,22.72231674194336,299.9357604980469
2011-01-05,41.79910659790039,112.35443115234375,22.64951515197754,303.3977966308594
2011-01-06,41.76530838012695,113.5845947265625,23.31281852722168,305.6045227050781
2011-01-07,42.064414978027344,113.02680969238281,23.134862899780273,307.06903076171875
2011-01-10,42.85658645629883,112.80524444580078,22.82747459411621,305.95819091796875
2011-01-11,42.75522232055664,112.53015899658203,22.73849868774414,306.8548278808594
2011-01-12,43.10313415527344,113.92076873779297,23.094423294067383,307.2832336425781
2011-01-13,43.26081466674805,113.7068099975586,22.803205490112305,307.1935729980469
2011-01-14,43.61122512817383,114.60841369628906,22.892183303833008,310.9245910644531
2011-01-18,42.63133239746094,115.10504150390625,23.18339729309082,318.6207275390625
2011-01-19,42.40481948852539,118.95588684082031,23.029699325561523,314.6954345703125
2011-01-20,41.6338996887207,119.03993225097656,22.93263053894043,312.2147521972656
2011-01-21,40.888023376464844,118.81072998046875,22.665699005126953,304.77264404296875
2011-01-24,42.230857849121094,121.96625518798828,22.95690155029297,304.3990478515625
2011-01-25,42.725189208984375,123.34918975830078,23.01352310180664,308.79754638671875
2011-01-26,43.03180694580078,123.04353332519531,23.280467987060547,307.0989074707031
2011-01-27,42.95170974731445,123.0665054321289,23.353267669677734,307.2433776855469
2011-01-28,42.061912536621094,121.64535522460938,22.44728660583496,299.37286376953125
2011-01-31,42.46488952636719,123.7770767211914,22.431110382080078,299.0590515136719
2011-02-01,43.179466247558594,124.968994140625,22.641427993774414,304.3791198730469
2011-02-02,43.09061813354492,124.77037048339844,22.600984573364258,304.8573303222656
2011-02-03,42.98048782348633,124.9460678100586,22.36639976501465,303.9357604980469
2011-02-04,43.363433837890625,125.30523681640625,22.463464736938477,304.3492126464844
2011-02-07,44.03672409057617,125.9317626953125,22.811296463012695,305.998046875
2011-02-08,44.45221710205078,127.37382507324219,22.876007080078125,308.035400390625
2011-02-09,44.82265090942383,126.29991149902344,22.6252498626709,307.0989074707031
2011-02-10,44.36962127685547,125.870361328125,22.24506187438965,307.06903076171875
2011-02-11,44.6587028503418,125.68629455566406,22.042831420898438,311.083984375
2011-02-14,44.950294494628906,125.20301055908203,22.026653289794922,312.90216064453125
2011-02-15,45.04041290283203,124.91148376464844,21.937143325805664,310.9096374511719
2011-02-16,45.44462585449219,125.3410415649414,21.9859676361084,310.9444885253906
2011-02-17,44.840179443359375,125.98542785644531,22.14057159423828,311.4625549316406
2011-02-18,43.87153625488281,126.44566345214844,22.01851463317871,313.8635559082031
2011-02-22,42.37602615356445,124.22877502441406,21.63608169555664,303.9656677246094
2011-02-23,42.87786865234375,122.87105560302734,21.63608169555664,304.5185852050781
2011-02-24,42.910404205322266,123.32364654541016,21.78254508972168,303.27325439453125
2011-02-25,43.5711784362793,124.48194122314453,21.603534698486328,303.8809814453125
2011-02-28,44.203182220458984,124.17512512207031,21.627944946289062,305.5547180175781
2011-03-01,43.71510696411133,122.70997619628906,21.28619384765625,299.25830078125
2011-03-02,44.06676483154297,122.85575866699219,21.221097946166992,299.27325439453125
2011-03-03,44.99787139892578,125.40240478515625,21.318740844726562,303.6418762207031
2011-03-04,45.052921295166016,124.13673400878906,21.11531639099121,299.1885681152344
2011-03-07,44.47223663330078,122.67931365966797,20.928165435791016,294.7253112792969
2011-03-08,44.52229690551758,124.48194122314453,21.082775115966797,295.049072265625
2011-03-09,44.110565185546875,127.22806549072266,21.066499710083008,294.78009033203125
2011-03-10,43.38470458984375,124.28247833251953,20.675928115844727,289.0664978027344
2011-03-11,44.05049514770508,124.59698486328125,20.895618438720703,287.2781982421875
2011-03-14,44.24696350097656,123.7992172241211,20.903764724731445,283.9307556152344
2011-03-15,43.229530334472656,121.98125457763672,20.659648895263672,283.716552734375
2011-03-16,41.299766540527344,117.3634033203125,20.171436309814453,277.50982666015625
2011-03-17,41.879188537597656,118.26856994628906,20.16329574584961,279.6318664550781
2011-03-18,41.382362365722656,119.58032989501953,20.179576873779297,279.482421875
2011-03-21,42.46237564086914,120.95333862304688,20.610836029052734,287.1736145019531
2011-03-22,42.70016098022461,121.19884490966797,20.586414337158203,287.5820617675781
2011-03-23,42.44861602783203,122.37246704101562,20.781705856323242,289.9930419921875
2011-03-24,43.171966552734375,122.7636489868164,21.00140380859375,292.3492126464844
2011-03-25,43.994178771972656,124.40522003173828,20.8467960357666,288.7875671386719
2011-03-28,43.856510162353516,123.7839126586914,20.675928115844727,286.6057434082031
2011-03-29,43.92158889770508,124.94216918945312,20.741016387939453,289.7788391113281
2011-03-30,43.630008697509766,125.49449157714844,20.83866310119629,289.8336181640625
2011-03-31,43.61498260498047,125.08792877197266,20.659648895263672,292.2844543457031
2011-04-01,43.12065505981445,126.00843811035156,20.732881546020508,294.7950439453125
2011-04-04,42.698917388916016,125.99308776855469,20.789836883544922,292.74273681640625
2011-04-05,42.41106414794922,125.79365539550781,20.976993560791016,283.4824523925781
2011-04-06,42.304691314697266,125.83203125,21.27805519104004,286.0179443359375
2011-04-07,42.309688568115234,126.0927963256836,21.318740844726562,288.91705322265625
2011-04-08,41.93175506591797,125.83967590332031,21.21296501159668,288.00048828125
2011-04-11,41.398624420166016,125.76292419433594,21.139732360839844,287.6069641113281
2011-04-12,41.59885787963867,125.22598266601562,20.863073348999023,284.2395935058594
2011-04-13,42.065670013427734,125.76292419433594,20.854938507080078,287.06402587890625
2011-04-14,41.60136032104492,126.54537200927734,20.684059143066406,288.1748352050781
2011-04-15,40.98063278198242,127.49658203125,20.643373489379883,264.359130859375
2011-04-18,41.530033111572266,127.28947448730469,20.407407760620117,262.4363098144531
2011-04-19,42.28217315673828,126.87521362304688,20.464365005493164,259.7912292480469
2011-04-20,42.851600646972656,126.3766098022461,20.960718154907227,261.8833923339844
2011-04-21,43.8890495300293,129.08444213867188,20.765432357788086,261.569580078125
2011-04-25,44.17814636230469,128.6165313720703,20.83866310119629,261.544677734375
2011-04-26,43.85401916503906,129.2455291748047,21.310604095458984,265.4151611328125
2011-04-27,43.820220947265625,130.68760681152344,21.4652042388916,267.8759460449219
2011-04-28,43.39471435546875,131.0020751953125,21.733720779418945,267.98052978515625
2011-04-29,43.817726135253906,130.8487091064453,21.09090805053711,271.0340881347656
2011-05-02,43.335906982421875,132.0530242919922,20.879348754882812,268.2744445800781
2011-05-03,43.576194763183594,132.60531616210938,21.00140380859375,265.9481506347656
2011-05-04,43.747642517089844,130.87940979003906,21.204830169677734,266.8946228027344
2011-05-05,43.39471435546875,129.2224578857422,20.985126495361328,266.137451171875
2011-05-06,43.38346481323242,130.1317138671875,21.050220489501953,266.6505432128906
2011-05-09,43.5010986328125,130.29351806640625,21.017681121826172,267.8360900878906
2011-05-10,43.73262405395508,131.27976989746094,20.88748550415039,270.3167724609375
2011-05-11,43.454795837402344,130.60171508789062,20.63524627685547,266.7252502441406
2011-05-12,43.37220001220703,132.71287536621094,20.60268783569336,266.5260009765625
2011-05-13,42.6125602722168,130.92532348632812,20.36672019958496,263.7862548828125
2011-05-16,41.71150207519531,130.10861206054688,19.992422103881836,258.2420349121094
2011-05-17,42.06691360473633,131.37222290039062,20.0825138092041,264.23956298828125
2011-05-18,42.53371810913086,131.32598876953125,20.22174644470215,263.915771484375
2011-05-19,42.61630630493164,131.44154357910156,20.246318817138672,264.6330871582031
2011-05-20,41.9517822265625,131.11029052734375,20.057947158813477,261.03656005859375
2011-05-23,41.849151611328125,129.6462860107422,19.795856475830078,258.22711181640625
2011-05-24,41.57257843017578,129.43824768066406,19.779478073120117,258.162353515625
2011-05-25,42.14700698852539,129.25331115722656,19.812240600585938,258.8647155761719
2011-05-26,41.924251556396484,128.81410217285156,20.205364227294922,258.09759521484375
2011-05-27,42.22584533691406,129.06069946289062,20.279085159301758,259.4774169921875
2011-05-31,43.52988815307617,130.16249084472656,20.483835220336914,263.5222473144531
2011-06-01,43.23954391479492,128.33644104003906,20.008806228637695,261.8186340332031
2011-06-02,43.31337356567383,127.97428131103516,19.836807250976562,263.0440368652344
2011-06-03,42.98048782348633,127.17295837402344,19.58291244506836,260.5633544921875
2011-06-06,42.304691314697266,126.94175720214844,19.664806365966797,259.55712890625
2011-06-07,41.5538215637207,126.12503814697266,19.70576286315918,258.5458984375
2011-06-08,41.57883834838867,126.62586975097656,19.607481002807617,258.6156311035156
2011-06-09,41.4849853515625,127.0111312866211,19.623863220214844,257.40020751953125
2011-06-10,40.78540802001953,125.73207092285156,19.41910171508789,253.80368041992188
2011-06-13,40.87300491333008,125.724365234375,19.689380645751953,251.422607421875
2011-06-14,41.6038703918457,126.45635223388672,19.836807250976562,253.23580932617188
2011-06-15,40.891788482666016,125.0771484375,19.443675994873047,250.5359344482422
2011-06-16,40.69280242919922,125.339111328125,19.656618118286133,249.25074768066406
2011-06-17,40.07958221435547,126.70291900634766,19.869569778442383,241.60440063476562
2011-06-20,39.46135711669922,127.1498031616211,20.041566848754883,241.38522338867188
2011-06-21,40.7103157043457,128.0744171142578,20.279085159301758,245.5795135498047
2011-06-22,40.373687744140625,127.65830993652344,20.18898582458496,242.59568786621094
2011-06-23,41.45244216918945,127.99737548828125,20.172607421875,239.21336364746094
2011-06-24,40.84172821044922,127.18836212158203,19.90233039855957,236.5533447265625
2011-06-27,41.5538215637207,129.15316772460938,20.639455795288086,240.49855041503906
2011-06-28,41.956790924072266,130.99468994140625,21.130870819091797,245.90328979492188
2011-06-29,41.804107666015625,131.4030303955078,20.983444213867188,247.85597229003906
2011-06-30,42.008094787597656,132.18125915527344,21.294673919677734,252.24452209472656
2011-07-01,42.95796585083008,134.4850616455078,21.311052322387695,259.54217529296875
2011-07-05,43.730106353759766,135.1708526611328,21.319246292114258,265.2258605957031
2011-07-06,44.02170944213867,136.92759704589844,21.5649471282959,266.680419921875
2011-07-07,44.702518463134766,135.97988891601562,21.92532730102539,272.2794189453125
2011-07-08,45.01663589477539,135.98757934570312,22.04817771911621,265.001708984375
2011-07-11,44.30203628540039,134.83180236816406,21.810659408569336,262.655517578125
2011-07-12,44.270751953125,134.10752868652344,21.736949920654297,266.0079345703125
2011-07-13,44.80513000488281,134.31556701660156,21.810659408569336,268.125
2011-07-14,44.77384567260742,134.2462158203125,21.67961311340332,263.4823913574219
2011-07-15,45.66864776611328,135.255615234375,21.93351173400879,297.6941833496094
2011-07-18,46.77995300292969,135.05520629882812,21.77789878845215,296.3591613769531
2011-07-19,47.16164779663086,142.7064208984375,22.55597496032715,300.14996337890625
2011-07-20,48.41936492919922,141.50445556640625,22.162841796875,296.56341552734375
2011-07-21,48.468196868896484,142.4675750732422,22.195598602294922,302.3616638183594
2011-07-22,49.220314025878906,142.683349609375,22.547780990600586,307.960693359375
2011-07-25,49.87108612060547,141.54298400878906,22.859010696411133,308.33428955078125
2011-07-26,50.48556137084961,140.9496612548828,22.998249053955078,310.0976867675781
2011-07-27,49.1314582824707,139.73228454589844,22.383975982666016,302.47625732421875
2011-07-28,49.03511428833008,140.0790557861328,22.703397750854492,304.32928466796875
2011-07-29,48.86739730834961,140.11752319335938,22.441308975219727,300.71783447265625
2011-08-01,49.652069091796875,139.26998901367188,22.334836959838867,302.2520751953125
2011-08-02,48.67092514038086,137.18959045410156,21.949892044067383,295.0939025878906
2011-08-03,49.12895965576172,137.79058837890625,22.04817771911621,299.4625549316406
2011-08-04,47.22671890258789,132.12725830078125,21.24553108215332,287.68170166015625
2011-08-05,46.75741958618164,133.28309631347656,21.03258514404297,288.4388732910156
2011-08-08,44.203182220458984,128.63217163085938,20.04974937438965,271.9905090332031
2011-08-09,46.80623245239258,132.02940368652344,20.950679779052734,285.6343688964844
2011-08-10,45.51470947265625,125.7843246459961,19.820423126220703,273.47991943359375
2011-08-11,46.7674446105957,129.02684020996094,20.631263732910156,280.01544189453125
2011-08-12,47.179168701171875,130.16444396972656,20.557552337646484,280.8323669433594
2011-08-15,47.98262023925781,133.8712158203125,20.89335060119629,277.5745849609375
2011-08-16,47.61593246459961,132.51695251464844,20.893352508544922,268.4936218261719
2011-08-17,47.61092758178711,132.7026824951172,20.810935974121094,265.57952880859375
2011-08-18,45.810062408447266,126.78260040283203,20.332895278930664,251.49732971191406
2011-08-19,44.55609130859375,121.91500091552734,19.8218936920166,244.54339599609375
2011-08-22,44.60740280151367,123.0293197631836,19.76420021057129,248.1548614501953
2011-08-23,46.754920959472656,127.16181182861328,20.37410545349121,258.4412841796875
2011-08-24,47.07779312133789,129.05003356933594,20.5224666595459,260.6679382324219
2011-08-25,46.76993942260742,128.13687133789062,20.25047492980957,259.04901123046875
2011-08-26,48.00389862060547,130.89186096191406,20.810935974121094,262.4462890625
2011-08-29,48.8035774230957,133.58489990234375,21.297204971313477,268.5334777832031
2011-08-30,48.80607986450195,133.49977111816406,21.618642807006836,269.3404541015625
2011-08-31,48.16032791137695,133.03546142578125,21.923595428466797,269.469970703125
2011-09-01,47.68476867675781,131.812744140625,21.602161407470703,265.2557678222656
2011-09-02,46.81122970581055,129.2202911376953,21.264236450195312,261.4400634765625
2011-09-06,47.52332305908203,127.77317810058594,21.025224685668945,260.1150207519531
2011-09-07,48.04768753051758,129.4756622314453,21.429075241088867,266.0179138183594
2011-09-08,48.073970794677734,127.88150787353516,21.610403060913086,266.4811706542969
2011-09-09,47.24049377441406,124.87887573242188,21.21479034423828,261.4450378417969
2011-09-12,47.54835891723633,125.69145965576172,21.338417053222656,264.0701904296875
2011-09-13,48.1340446472168,126.47307586669922,21.462047576904297,263.7713317871094
2011-09-14,48.719730377197266,129.4215087890625,21.84117889404297,265.04156494140625
2011-09-15,49.17776107788086,131.62704467773438,22.24502944946289,270.2669677734375
2011-09-16,50.12138366699219,133.8712158203125,22.35218048095703,272.31927490234375
2011-09-19,51.51426315307617,133.97955322265625,22.42635154724121,272.3143005371094
2011-09-20,51.74203109741211,135.20999145507812,22.236793518066406,272.29437255859375
2011-09-21,51.578086853027344,133.89447021484375,21.42083740234375,268.59326171875
2011-09-22,50.28656768798828,130.48939514160156,20.654338836669922,259.35784912109375
2011-09-23,50.59693145751953,131.04661560058594,20.654338836669922,261.7738037109375
2011-09-26,50.45552062988281,135.0474853515625,20.967527389526367,264.951904296875
2011-09-27,49.966182708740234,137.5238800048828,21.157094955444336,268.6629943847656
2011-09-28,49.684608459472656,137.40000915527344,21.082910537719727,263.4325866699219
2011-09-29,48.87866973876953,138.65370178222656,20.97577476501465,262.7651062011719
2011-09-30,47.7210578918457,135.32611083984375,20.514225006103516,256.558349609375
2011-10-03,46.88007736206055,134.10336303710938,20.217510223388672,246.83480834960938
2011-10-04,46.61725616455078,135.22549438476562,20.88511085510254,250.0128936767578
2011-10-05,47.336856842041016,136.8583984375,21.338417053222656,251.4076690673828
2011-10-06,47.22671890258789,140.60389709472656,21.70930290222168,256.39398193359375
2011-10-07,46.27935791015625,141.14553833007812,21.63512420654297,256.59820556640625
2011-10-10,48.65840530395508,144.41903686523438,22.203824996948242,267.58203125
2011-10-11,50.09510040283203,143.1653289794922,22.253276824951172,270.5758056640625
2011-10-12,50.33286666870117,144.03207397460938,22.220304489135742,273.22589111328125
2011-10-13,51.11378860473633,144.57379150390625,22.401628494262695,278.4512939453125
2011-10-14,52.812042236328125,147.44488525390625,22.475807189941406,294.7352600097656
2011-10-17,52.56049728393555,144.39581298828125,22.236793518066406,290.1175537109375
2011-10-18,52.842079162597656,138.4447784423828,22.508769989013672,294.1524353027344
2011-10-19,49.88610076904297,137.2762451171875,22.36042022705078,289.2657470703125
2011-10-20,49.471866607666016,137.16786193847656,22.28624153137207,290.7452087402344
2011-10-21,49.16649627685547,140.5574493408203,22.385143280029297,294.1424865722656
2011-10-24,50.78089141845703,141.03721618652344,22.409873962402344,297.0964050292969
2011-10-25,49.77972412109375,139.5746307373047,22.096675872802734,290.4911804199219
2011-10-26,50.13388442993164,140.82058715820312,21.91535186767578,292.0602722167969
2011-10-27,50.645748138427734,143.8463592529297,22.459320068359375,298.2171936035156
2011-10-28,50.678279876708984,145.06134033203125,22.236793518066406,298.949462890625
2011-10-31,50.65701675415039,142.87899780273438,21.948322296142578,295.2134704589844
2011-11-01,49.62204360961914,140.3407440185547,21.42083740234375,288.2445983886719
2011-11-02,49.73466873168945,142.32957458496094,21.43731689453125,291.31805419921875
2011-11-03,50.44300842285156,144.94525146484375,21.865903854370117,297.6343994140625
2011-11-04,50.08884811401367,144.2332763671875,21.63512420654297,296.9569396972656
2011-11-07,50.0250129699707,144.9607391357422,22.08843421936035,303.0291748046875
2011-11-08,50.838470458984375,145.4890899658203,22.385143280029297,305.02667236328125
2011-11-09,49.468116760253906,141.596435546875,21.593917846679688,299.35296630859375
2011-11-10,48.20912170410156,142.45884704589844,21.65985107421875,296.4289245605469
2011-11-11,48.1340446472168,145.59011840820312,22.179094314575195,303.03912353515625
2011-11-14,47.4632682800293,145.5667724609375,22.055463790893555,305.3554382324219
2011-11-15,48.66090393066406,146.654541015625,22.204938888549805,307.1288146972656
2011-11-16,48.15281677246094,144.9995880126953,21.648571014404297,304.59332275390625
2011-11-17,47.23173522949219,144.30807495117188,21.208459854125977,299.3131103515625
2011-11-18,46.92262268066406,143.9273681640625,21.009157180786133,296.32928466796875
2011-11-21,46.18050765991211,141.00588989257812,20.760038375854492,289.38531494140625
2011-11-22,47.119102478027344,140.87384033203125,20.585657119750977,288.91705322265625
2011-11-23,45.92770767211914,138.26318359375,20.319927215576172,283.99053955078125
2011-11-25,45.49968719482422,137.5716552734375,20.178760528564453,280.4488220214844
2011-11-28,47.07030487060547,141.57308959960938,20.65208625793457,292.99676513671875
2011-11-29,46.704856872558594,140.58636474609375,20.627180099487305,290.3765869140625
2011-11-30,47.83118438720703,146.0718231201172,21.24167251586914,298.57586669921875
2011-12-01,48.548274993896484,147.1984100341797,20.9925479888916,305.739013671875
2011-12-02,48.7697868347168,147.3616180419922,20.942729949951172,309.0216979980469
2011-12-05,49.18402862548828,148.27842712402344,21.341320037841797,311.6568298339844
2011-12-06,48.92622375488281,149.91012573242188,21.30810546875,310.7203369140625
2011-12-07,48.693443298339844,150.7725067138672,21.25827980041504,310.53106689453125
2011-12-08,48.88992691040039,148.8533935546875,21.092195510864258,306.874755859375
2011-12-09,49.26036071777344,151.16880798339844,21.341320037841797,312.5385437011719
2011-12-12,49.0376091003418,149.31956481933594,21.183544158935547,311.5273132324219
2011-12-13,48.65840530395508,148.51930236816406,21.39114761352539,311.6468811035156
2011-12-14,47.57964324951172,146.63121032714844,21.24997901916504,307.8809814453125
2011-12-15,47.42319869995117,145.6678009033203,21.22506332397461,308.6132507324219
2011-12-16,47.68351364135742,142.6298065185547,21.590438842773438,311.8112487792969
2011-12-19,47.832435607910156,142.10145568847656,21.200151443481445,309.75396728515625
2011-12-20,49.55195999145508,145.48130798339844,21.615358352661133,314.0080261230469
2011-12-21,49.61452865600586,140.9981231689453,21.39114761352539,311.74151611328125
2011-12-22,49.87733840942383,141.44100952148438,21.43266487121582,313.6742858886719
2011-12-23,50.47554397583008,143.54661560058594,21.615358352661133,315.3878479003906
2011-12-27,50.876014709472656,143.70205688476562,21.623653411865234,318.9295654296875
2011-12-28,50.38919448852539,142.9561309814453,21.44097137451172,318.6556091308594
2011-12-29,50.69956588745117,144.65769958496094,21.6070499420166,320.00054931640625
2011-12-30,50.684539794921875,142.8707275390625,21.557222366333008,321.7440185546875
2012-01-03,51.46420669555664,144.7509307861328,22.22985076904297,331.46258544921875
2012-01-04,51.74077606201172,144.16043090820312,22.75300407409668,332.8922424316406
2012-01-05,52.3151969909668,143.47671508789062,22.985517501831055,328.2745361328125
2012-01-06,52.86210250854492,141.82952880859375,23.342588424682617,323.79632568359375
2012-01-09,52.77824783325195,141.09136962890625,23.035341262817383,310.0677795410156
2012-01-10,52.96721267700195,140.87384033203125,23.118383407592773,310.4065246582031
2012-01-11,52.880863189697266,141.6585693359375,23.01873207092285,311.8112487792969
2012-01-12,52.735694885253906,140.28335571289062,23.25124168395996,313.6443786621094
2012-01-13,52.5379753112793,139.2033233642578,23.45884132385254,311.32806396484375
2012-01-17,53.149932861328125,139.85598754882812,23.467147827148438,313.1163635253906
2012-01-18,53.70182800292969,140.68734741210938,23.44223976135254,315.2732849121094
2012-01-19,53.53163528442383,140.25997924804688,23.350893020629883,318.5908508300781
2012-01-20,52.59928512573242,146.4758758544922,24.671228408813477,291.90087890625
2012-01-23,53.48907470703125,147.61021423339844,24.687837600708008,291.666748046875
2012-01-24,52.61305618286133,149.1253662109375,24.363977432250977,289.3803405761719
2012-01-25,55.89815902709961,148.96994018554688,24.546674728393555,283.68170166015625
2012-01-26,55.644107818603516,148.38719177246094,24.496841430664062,282.9892883300781
2012-01-27,55.975765228271484,147.983154296875,24.272640228271484,288.9071044921875
2012-01-30,56.6928596496582,149.5682373046875,24.588191986083984,287.7663879394531
2012-01-31,57.12710189819336,149.6459197998047,24.52175521850586,288.97186279296875
2012-02-01,57.090816497802734,149.66143798828125,24.820701599121094,289.33050537109375
2012-02-02,56.9569206237793,148.81459045410156,24.870534896850586,291.4625244140625
2012-02-03,57.52758026123047,150.4539794921875,25.111347198486328,297.05157470703125
2012-02-06,58.064456939697266,149.81683349609375,25.0781307220459,303.4077453613281
2012-02-07,58.67267990112305,150.2286834716797,25.20269012451172,302.2520751953125
2012-02-08,59.65508270263672,150.50161743164062,25.460111618041992,303.7863464355469
2012-02-09,61.718746185302734,150.64207458496094,25.55145835876465,304.58831787109375
2012-02-10,61.75004959106445,150.08827209472656,25.327247619628906,301.8236999511719
2012-02-13,62.89888000488281,150.24423217773438,25.393680572509766,304.9569396972656
2012-02-14,63.75739669799805,149.93222045898438,25.28502082824707,303.74151611328125
2012-02-15,62.28190612792969,149.9556121826172,25.117841720581055,301.64935302734375
2012-02-16,62.85006332397461,150.55624389648438,26.154327392578125,302.1275634765625
2012-02-17,62.83880615234375,150.86827087402344,26.12088966369629,301.1910705566406
2012-02-21,64.43194580078125,150.8448486328125,26.27970314025879,305.85357666015625
2012-02-22,64.2054443359375,151.21923828125,26.137605667114258,302.83489990234375
2012-02-23,64.62464904785156,154.13641357421875,26.221193313598633,301.9233093261719
2012-02-24,65.3780517578125,154.2534942626953,26.31313133239746,303.8112487792969
2012-02-27,65.79728698730469,154.07406616210938,26.204469680786133,303.517333984375
2012-02-28,67.00495910644531,154.42507934570312,26.639127731323242,308.0403747558594
2012-02-29,67.88475036621094,153.45001220703125,26.530467987060547,307.97064208984375
2012-03-01,68.13880920410156,154.07406616210938,26.990190505981445,310.03790283203125
2012-03-02,68.22763061523438,155.0724334716797,26.814661026000977,309.4650573730469
2012-03-05,66.723388671875,156.51547241210938,26.580615997314453,305.9781188964844
2012-03-06,66.36044311523438,153.86349487304688,26.3800048828125,301.3504638671875
2012-03-07,66.41426086425781,154.2612762451172,26.614051818847656,302.26702880859375
2012-03-08,67.82844543457031,155.8524627685547,26.756149291992188,302.4364013671875
2012-03-09,68.22640991210938,156.48423767089844,26.73942756652832,299.0042724609375
2012-03-12,69.0811538696289,156.78062438964844,26.781221389770508,301.4450988769531
2012-03-13,71.09600830078125,158.94906616210938,27.307825088500977,307.7365417480469
2012-03-14,73.78417205810547,159.68223571777344,27.391408920288086,306.8448791503906
2012-03-15,73.28107452392578,160.6806640625,27.45827865600586,309.4052734375
2012-03-16,73.28233337402344,160.68849182128906,27.249309539794922,311.35296630859375
2012-03-19,75.2258529663086,160.46226501464844,26.914962768554688,315.8062744140625
2012-03-20,75.8340835571289,159.315673828125,26.73942756652832,315.56219482421875
2012-03-21,75.40106964111328,159.6588592529297,26.672557830810547,318.7950744628906
2012-03-22,75.00560760498047,160.2828826904297,26.747787475585938,321.8187561035156
2012-03-23,74.59387969970703,160.27508544921875,26.756149291992188,320.09521484375
2012-03-26,75.96172332763672,162.06129455566406,27.240949630737305,323.4526062011719
2012-03-27,76.90032196044922,161.60110473632812,27.182435989379883,322.30194091796875
2012-03-28,77.29329681396484,161.68690490722656,26.906604766845703,326.6556091308594
2012-03-29,76.32215118408203,162.45127868652344,26.848094940185547,322.99432373046875
2012-03-30,75.03187561035156,162.74769592285156,26.965112686157227,319.4227294921875
2012-04-02,77.41969299316406,163.38731384277344,26.990190505981445,322.2521057128906
2012-04-03,78.75751495361328,163.41065979003906,26.6976375579834,320.1101379394531
2012-04-04,78.1305160522461,160.71971130371094,26.08745574951172,316.38909912109375
2012-04-05,79.30314636230469,160.26731872558594,26.34657096862793,314.9793701171875
2012-04-09,79.62226867675781,159.85385131835938,25.995506286621094,314.2421569824219
2012-04-10,78.64739227294922,157.8180694580078,25.468904495239258,312.25958251953125
2012-04-11,78.36705017089844,158.01307678222656,25.368608474731445,316.7925720214844
2012-04-12,77.93779754638672,160.15032958984375,25.895206451416016,324.28948974609375
2012-04-13,75.74272155761719,158.18466186523438,25.753108978271484,311.1337890625
2012-04-16,72.60152435302734,158.12228393554688,25.97878646850586,301.90338134765625
2012-04-17,76.30210876464844,161.81167602539062,26.27970314025879,303.6468505859375
2012-04-18,76.13192749023438,156.1020965576172,26.02893829345703,302.5908203125
2012-04-19,73.516357421875,155.6184844970703,25.920278549194336,298.5310363769531
2012-04-20,71.70674896240234,155.6886749267578,27.09885597229004,296.9170837402344
2012-04-23,71.54654693603516,154.92422485351562,26.848094940185547,297.6842041015625
2012-04-24,70.11737823486328,156.00067138671875,26.680917739868164,299.5123596191406
2012-04-25,76.33968353271484,158.78529357910156,26.914962768554688,303.7215881347656
2012-04-26,76.05183410644531,160.3530731201172,26.839738845825195,306.5858459472656
2012-04-27,75.46363830566406,161.31248474121094,26.73107147216797,306.3417663574219
2012-04-30,73.08335876464844,161.52310180664062,26.76450538635254,301.2956848144531
2012-05-01,72.8518295288086,162.24066162109375,26.756149291992188,301.0864562988281
2012-05-02,73.33364868164062,162.28749084472656,26.580615997314453,302.4961853027344
2012-05-03,72.81303405761719,161.6479034423828,26.547178268432617,304.369140625
2012-05-04,70.73931884765625,159.89291381835938,25.895206451416016,297.3703918457031
2012-05-07,71.26872253417969,158.92568969726562,25.61936378479004,302.640625
2012-05-08,71.10603332519531,157.81346130371094,25.493986129760742,305.2508544921875
2012-05-09,71.23118591308594,157.61764526367188,25.711313247680664,303.4376525878906
2012-05-10,71.39888000488281,157.12416076660156,25.694595336914062,305.6842346191406
2012-05-11,70.92206573486328,157.5706024169922,26.0456600189209,301.4849548339844
2012-05-14,69.85955047607422,156.215576171875,25.64444351196289,300.87225341796875
2012-05-15,69.22756958007812,155.90225219726562,25.417272567749023,304.4139709472656
2012-05-16,68.34027862548828,156.44268798828125,25.156457901000977,313.29071044921875
2012-05-17,66.34292602539062,155.00146484375,25.00501251220703,310.3616943359375
2012-05-18,66.37545776367188,153.42710876464844,24.626401901245117,299.0789794921875
2012-05-21,70.24250793457031,154.89968872070312,25.030254364013672,305.90838623046875
2012-05-22,69.703125,154.1634063720703,25.03866195678711,299.2782287597656
2012-05-23,71.40386199951172,153.61512756347656,24.491785049438477,303.5920715332031
2012-05-24,70.74810791015625,153.5916290283203,24.458133697509766,300.702880859375
2012-05-25,70.36891174316406,152.1895294189453,24.449716567993164,294.6605529785156
2012-05-29,71.6178970336914,153.88140869140625,24.87039566040039,296.060302734375
2012-05-30,72.48139190673828,152.3697052001953,24.685298919677734,293.0166931152344
2012-05-31,72.30117797851562,151.09295654296875,24.559099197387695,289.345458984375
2012-06-01,70.20621490478516,148.10086059570312,23.936498641967773,284.4239196777344
2012-06-04,70.61917877197266,147.6779022216797,24.020631790161133,288.2146911621094
2012-06-05,70.43649291992188,148.1948699951172,23.98697853088379,284.1399841308594
2012-06-06,71.51649475097656,151.9467315673828,24.693710327148438,289.20098876953125
2012-06-07,71.5490493774414,152.2992401123047,24.59275245666504,288.0353698730469
2012-06-08,72.62529754638672,152.8474884033203,24.946121215820312,289.1412353515625
2012-06-11,71.480224609375,150.78750610351562,24.315099716186523,283.18853759765625
2012-06-12,72.10470581054688,152.38536071777344,24.643230438232422,281.494873046875
2012-06-13,71.60411834716797,151.24960327148438,24.50861358642578,279.49737548828125
2012-06-14,71.52527618408203,152.81619262695312,24.685298919677734,278.4811706542969
2012-06-15,71.85063934326172,155.9492645263672,25.257413864135742,281.20098876953125
2012-06-18,73.30860900878906,155.31484985351562,25.105979919433594,284.3591613769531
2012-06-19,73.51261901855469,155.81607055664062,25.829544067382812,289.67919921875
2012-06-20,73.3036117553711,155.69859313964844,26.023052215576172,287.6767272949219
2012-06-21,72.2936782836914,151.47679138183594,25.358381271362305,281.5496826171875
2012-06-22,72.84807586669922,151.71961975097656,25.829544067382812,284.6729736328125
2012-06-25,71.43016815185547,151.0616455078125,25.131216049194336,279.3031005859375
2012-06-26,71.58785247802734,150.34886169433594,25.257413864135742,281.2856750488281
2012-06-27,71.89696502685547,151.17127990722656,25.383621215820312,283.5870361328125
2012-06-28,71.21488189697266,149.91807556152344,25.164873123168945,281.1013488769531
2012-06-29,73.08584594726562,153.19215393066406,25.73699188232422,288.9519348144531
2012-07-02,74.15210723876953,153.387939453125,25.711755752563477,289.15118408203125
2012-07-03,75.01435852050781,153.46627807617188,25.880022048950195,292.81744384765625
2012-07-05,76.33216857910156,152.9649658203125,25.829544067382812,296.84735107421875
2012-07-06,75.8240737915039,149.9259033203125,25.400447845458984,291.8959045410156
2012-07-09,76.82649993896484,148.56300354003906,25.240591049194336,291.9108581542969
2012-07-10,76.11566925048828,145.89207458496094,25.02184295654297,289.7638854980469
2012-07-11,75.64261627197266,145.10093688964844,24.651641845703125,284.52850341796875
2012-07-12,74.95054626464844,143.4091033935547,24.087934494018555,284.1748352050781
2012-07-13,75.7101821899414,145.69622802734375,24.72736358642578,287.1835632324219
2012-07-16,75.95297241210938,144.74066162109375,24.76943588256836,286.3865661621094
2012-07-17,75.95670318603516,143.84771728515625,24.95453453063965,287.2881774902344
2012-07-18,75.87162017822266,147.45077514648438,25.61920166015625,289.295654296875
2012-07-19,76.88030242919922,153.00416564941406,25.804302215576172,295.42266845703125
2012-07-20,75.62633514404297,150.74050903320312,25.341550827026367,304.26953125
2012-07-23,75.56752014160156,149.47158813476562,24.634817123413086,306.60577392578125
2012-07-24,75.20333862304688,149.08779907226562,24.525442123413086,302.6506042480469
2012-07-25,71.95577239990234,149.66738891601562,24.25621223449707,302.85980224609375
2012-07-26,71.94451904296875,151.91543579101562,24.533845901489258,305.5347900390625
2012-07-27,73.23102569580078,153.82655334472656,25.03866195678711,316.2944641113281
2012-07-30,74.46623229980469,154.05374145507812,24.937700271606445,314.96942138671875
2012-07-31,76.4347915649414,153.50546264648438,24.7946720123291,315.30316162109375
2012-08-01,75.94046020507812,152.87881469726562,24.74419403076172,315.1587219238281
2012-08-02,76.06310272216797,152.30703735351562,24.559099197387695,313.2010498046875
2012-08-03,77.05301666259766,155.49493408203125,25.030254364013672,319.4675598144531
2012-08-06,77.91029357910156,155.68289184570312,25.198528289794922,320.20977783203125
2012-08-07,77.70503997802734,156.5993194580078,25.459346771240234,319.07403564453125
2012-08-08,77.57362365722656,156.56002807617188,25.51823616027832,319.9158630371094
2012-08-09,78.01602172851562,156.08023071289062,25.661272048950195,319.97564697265625
2012-08-10,78.13793182373047,156.76454162597656,25.593963623046875,319.8013000488281
2012-08-13,79.18111419677734,156.5442657470703,25.5687198638916,328.7726745605469
2012-08-14,79.3935317993164,155.97796630859375,25.517906188964844,333.08154296875
2012-08-15,79.28543853759766,156.06446838378906,25.577190399169922,332.52362060546875
2012-08-16,79.97795867919922,157.98385620117188,26.068410873413086,335.1786804199219
2012-08-17,81.457275390625,158.28271484375,26.1700382232666,337.3056945800781
2012-08-20,83.59892272949219,157.71632385253906,26.034530639648438,336.5086975097656
2012-08-21,82.45645141601562,156.2611083984375,26.08534812927246,333.50494384765625
2012-08-22,84.06647491455078,155.1598663330078,25.865148544311523,337.32562255859375
2012-08-23,83.2822036743164,153.94061279296875,25.628005981445312,337.1363220214844
2012-08-24,83.35636138916016,155.56890869140625,25.882083892822266,338.04791259765625
2012-08-27,84.92239379882812,153.9327392578125,25.9921817779541,333.3604736328125
2012-08-28,84.8117904663086,153.28770446777344,25.941368103027344,337.3605041503906
2012-08-29,84.64462280273438,153.45291137695312,25.958303451538086,342.72039794921875
2012-08-30,83.43804168701172,152.10777282714844,25.678821563720703,339.5672302246094
2012-08-31,83.61024475097656,153.27197265625,26.10228729248047,341.2658386230469
2012-09-04,84.8331527709961,153.0281219482422,25.73810577392578,339.2484130859375
2012-09-05,84.23741149902344,153.42144775390625,25.73810577392578,339.0890197753906
2012-09-06,84.99652862548828,156.6151123046875,26.55115509033203,348.3941345214844
2012-09-07,85.5206527709961,156.9296875,26.21238899230957,351.75653076171875
2012-09-10,83.29603576660156,158.07034301757812,26.017597198486328,349.0765686035156
2012-09-11,83.02580261230469,159.89529418945312,26.076871871948242,344.8025817871094
2012-09-12,84.1821060180664,160.28858947753906,26.068410873413086,344.1500549316406
2012-09-13,85.83988189697266,162.325927734375,26.20391273498535,351.70172119140625
2012-09-14,86.88304138183594,162.67984008789062,26.432588577270508,353.51495361328125
2012-09-17,87.95137023925781,162.94735717773438,26.432588577270508,353.66436767578125
2012-09-18,88.2190933227539,162.8843994140625,26.407180786132812,357.79888916015625
2012-09-19,88.24298095703125,162.38096618652344,26.297073364257812,362.39166259765625
2012-09-20,87.81564331054688,162.184326171875,26.635848999023438,362.70050048828125
2012-09-21,87.99034118652344,162.02700805664062,26.4156494140625,365.6245422363281
2012-09-24,86.82145690917969,161.48422241210938,26.068410873413086,373.2908020019531
2012-09-25,84.65342712402344,161.24038696289062,25.73810577392578,373.18121337890625
2012-09-26,83.60269165039062,160.46949768066406,25.55177879333496,375.3232116699219
2012-09-27,85.6312484741211,161.97195434570312,25.543312072753906,376.8375244140625
2012-09-28,83.84400177001953,163.18333435058594,25.204538345336914,375.84124755859375
2012-10-01,82.87499237060547,165.55892944335938,24.975866317749023,379.4676513671875
2012-10-02,83.11629486083984,165.06332397460938,25.11985206604004,377.08160400390625
2012-10-03,84.39073944091797,165.59039306640625,25.28923797607422,379.8263244628906
2012-10-04,83.80630493164062,165.49595642089844,25.433210372924805,382.5909423828125
2012-10-05,82.02033996582031,165.65330505371094,25.280765533447266,382.3916931152344
2012-10-08,80.20795440673828,165.04759216308594,25.221479415893555,377.5050048828125
2012-10-09,79.91637420654297,163.60812377929688,24.798017501831055,370.65570068359375
2012-10-10,80.55233764648438,161.9011688232422,24.543943405151367,370.8898010253906
2012-10-11,78.94232940673828,161.85394287109375,24.518531799316406,374.3368835449219
2012-10-12,79.14468383789062,163.45863342285156,24.730260848999023,370.9844665527344
2012-10-15,79.77937316894531,164.34750366210938,24.992813110351562,369.10650634765625
2012-10-16,81.6684341430664,165.975830078125,24.975866317749023,370.9595642089844
2012-10-17,81.01736450195312,157.81861877441406,25.060562133789062,376.33441162109375
2012-10-18,79.512939453125,153.35848999023438,24.98433494567871,346.2023620605469
2012-10-19,76.6473388671875,152.09991455078125,24.2559814453125,339.62200927734375
2012-10-22,79.68762969970703,152.9180145263672,23.713947296142578,338.0678405761719
2012-10-23,77.0897445678711,150.44015502929688,23.75629997253418,338.9046936035156
2012-10-24,77.52587127685547,150.02322387695312,23.629257202148438,337.3854064941406
2012-10-25,76.60962677001953,150.7154541015625,23.612319946289062,337.6145324707031
2012-10-26,75.913330078125,152.02914428710938,23.891803741455078,336.3144226074219
2012-10-31,74.82239532470703,153.020263671875,24.171287536621094,338.8797912597656
2012-11-01,74.9757080078125,155.08119201660156,25.001279830932617,342.51116943359375
2012-11-02,72.4947280883789,152.1549835205078,24.98433494567871,342.6755676269531
2012-11-05,73.47758483886719,152.71353149414062,25.094438552856445,340.204833984375
2012-11-06,73.25508880615234,153.44503784179688,25.28923797607422,339.587158203125
2012-11-07,70.45219421386719,151.02745056152344,24.628633499145508,332.31439208984375
2012-11-08,67.89545440673828,150.1899871826172,24.399967193603516,324.9270935058594
2012-11-09,69.0708999633789,149.82652282714844,24.416900634765625,330.27703857421875
2012-11-12,68.53683471679688,149.51841735839844,23.900270462036133,331.7066955566406
2012-11-13,68.5456771850586,148.78367614746094,23.131778717041016,328.2944641113281
2012-11-14,67.78558349609375,146.5636444091797,22.91830062866211,325.0566101074219
2012-11-15,66.36392211914062,146.83226013183594,22.764604568481445,322.4214782714844
2012-11-16,66.62401580810547,147.6934051513672,22.645061492919922,322.3816223144531
2012-11-19,71.42816162109375,150.3875274658203,22.82437515258789,332.85736083984375
2012-11-20,70.81957244873047,149.47894287109375,22.80729866027832,333.73406982421875
2012-11-21,70.9193344116211,150.340087890625,23.01223373413086,331.6917419433594
2012-11-23,72.15668487548828,152.86831665039062,23.65264320373535,332.7378234863281
2012-11-26,74.43309783935547,152.3863983154297,23.387943267822266,329.3405456542969
2012-11-27,73.83335876464844,151.08277893066406,23.12323570251465,334.1026916503906
2012-11-28,73.60105895996094,151.67532348632812,23.36232566833496,340.5585021972656
2012-11-29,74.41163635253906,151.31976318359375,23.01223373413086,344.6531677246094
2012-11-30,73.8965072631836,150.16627502441406,22.730457305908203,347.88104248046875
2012-12-03,74.01139831542969,149.70016479492188,22.568208694458008,346.3268737792969
2012-12-04,72.70588684082031,149.60537719726562,22.516979217529297,344.2247619628906
2012-12-05,68.02676391601562,149.04443359375,22.773143768310547,342.6257629394531
2012-12-06,69.09362030029297,149.87396240234375,22.82437515258789,344.2745666503906
2012-12-07,67.32728576660156,151.65164184570312,22.593830108642578,340.8274841308594
2012-12-10,66.89421081542969,152.1809539794922,23.003690719604492,341.43023681640625
2012-12-11,68.3550033569336,153.42922973632812,23.32817268371582,347.1388244628906
2012-12-12,68.05327606201172,152.441650390625,23.25986099243164,347.4775695800781
2012-12-13,66.87779998779297,151.6832275390625,23.14885139465332,350.0379638671875
2012-12-14,64.3652572631836,151.50148010253906,22.892688751220703,349.6693420410156
2012-12-17,65.50662994384766,152.97100830078125,23.140316009521484,359.0442199707031
2012-12-18,67.40934753417969,154.60641479492188,23.533105850219727,359.18865966796875
2012-12-19,66.45103454589844,154.12448120117188,23.319625854492188,358.7104797363281
2012-12-20,65.87277221679688,153.87957763671875,23.63557243347168,359.8312683105469
2012-12-21,65.56978607177734,152.81300354003906,23.43917465209961,356.47882080078125
2012-12-24,65.67579650878906,152.0071258544922,23.106159210205078,353.4252624511719
2012-12-26,64.7705307006836,151.65164184570312,22.935379028320312,353.1114501953125
2012-12-27,65.03062438964844,152.25205993652344,23.020763397216797,351.8262634277344
2012-12-28,64.33999633789062,149.9766845703125,22.670679092407227,348.697998046875
2012-12-31,67.19093322753906,151.3355712890625,22.80729866027832,352.3692321777344
2013-01-02,69.31964111328125,155.12786865234375,23.584339141845703,360.27459716796875
2013-01-03,68.44467163085938,154.2745819091797,23.26839828491211,360.48382568359375
2013-01-04,66.53816223144531,153.2633056640625,22.832916259765625,367.60711669921875
2013-01-07,66.1467514038086,152.59173583984375,22.790224075317383,366.0031433105469
2013-01-08,66.32478332519531,152.37844848632812,22.670679092407227,365.28082275390625
2013-01-09,65.2882080078125,151.9439239501953,22.798757553100586,367.68182373046875
2013-01-10,66.0975112915039,152.3863983154297,22.593830108642578,369.3555603027344
2013-01-11,65.69222259521484,153.62673950195312,22.909767150878906,368.61334228515625
2013-01-14,63.35014724731445,152.1809539794922,22.961000442504883,360.27459716796875
2013-01-15,61.35145568847656,152.08615112304688,23.23424530029297,361.1114807128906
2013-01-16,63.898101806640625,152.15724182128906,23.089080810546875,356.2596435546875
2013-01-17,63.467559814453125,152.99468994140625,23.26839828491211,354.3318786621094
2013-01-18,63.12919616699219,153.6425323486328,23.26839828491211,350.9396057128906
2013-01-22,63.7314338684082,154.91453552246094,23.18301010131836,350.1226501464844
2013-01-23,64.8980712890625,161.74063110351562,23.575796127319336,369.36553955078125
2013-01-24,56.87937927246094,161.50363159179688,23.592872619628906,375.6968078613281
2013-01-25,55.53852844238281,161.93812561035156,23.806346893310547,375.42779541015625
2013-01-28,56.7947998046875,161.90650939941406,23.831966400146484,373.9632873535156
2013-01-29,57.86042022705078,161.0927276611328,23.9173526763916,375.43280029296875
2013-01-30,57.67860794067383,160.7925567626953,23.780729293823242,375.50750732421875
2013-01-31,57.50942611694336,160.43707275390625,23.43917465209961,376.43402099609375
2013-02-01,57.2733268737793,162.1040496826172,23.849042892456055,386.35186767578125
2013-02-04,55.84660339355469,161.005859375,23.430635452270508,378.0928039550781
2013-02-05,57.806129455566406,160.21585083007812,23.48187255859375,381.4402770996094
2013-02-06,57.74425506591797,159.4859161376953,23.345243453979492,383.6470031738281
2013-02-07,59.461219787597656,158.47039794921875,23.29401397705078,385.5299377441406
2013-02-08,60.319698333740234,160.009521484375,23.524566650390625,391.2186279296875
2013-02-11,60.94832992553711,158.80360412597656,23.78927230834961,389.7491149902344
2013-02-12,59.42058563232422,158.70838928222656,23.806346893310547,388.892333984375
2013-02-13,59.30755615234375,158.748046875,23.934431076049805,389.9682922363281
2013-02-14,59.25422286987305,158.3989715576172,23.942968368530273,392.4390563964844
2013-02-15,58.437644958496094,159.4541473388672,23.9173526763916,394.9645690917969
2013-02-19,58.41606521606445,158.93057250976562,24.149808883666992,401.91851806640625
2013-02-20,57.0013542175293,158.12918090820312,23.994840621948242,394.7503662109375
2013-02-21,56.64704132080078,157.35169982910156,23.667678833007812,396.2796325683594
2013-02-22,57.25025177001953,159.54147338867188,23.900135040283203,398.3618469238281
2013-02-25,56.2330322265625,156.7011260986328,23.564363479614258,393.9085388183594
2013-02-26,57.01658630371094,157.9943389892578,23.564363479614258,393.5897216796875
2013-02-27,56.45781326293945,160.52525329589844,23.943180084228516,398.3966979980469
2013-02-28,56.05525588989258,159.33514404296875,23.9345703125,399.10406494140625
2013-03-01,54.66719055175781,160.98538208007812,24.0637149810791,401.5897521972656
2013-03-04,53.34391403198242,162.7943115234375,24.23590660095215,409.2161560058594
2013-03-05,54.75227737426758,163.85748291015625,24.408096313476562,417.7342224121094
2013-03-06,54.05636215209961,165.3251953125,24.184249877929688,414.1376953125
2013-03-07,54.68117141723633,166.1503448486328,24.227296829223633,414.74542236328125
2013-03-08,54.82593536376953,166.9119873046875,24.106767654418945,414.20745849609375
2013-03-11,55.6069450378418,166.6739501953125,23.994840621948242,415.8512878417969
2013-03-12,54.40813064575195,167.046875,24.029273986816406,412.2597351074219
2013-03-13,54.397972106933594,168.24484252929688,24.03788948059082,411.1140441894531
2013-03-14,54.92500305175781,171.21212768554688,24.227296829223633,409.236083984375
2013-03-15,56.34224319458008,170.5139617919922,24.14120101928711,405.6296081542969
2013-03-18,57.873802185058594,169.15725708007812,24.19285774230957,402.3867492675781
2013-03-19,57.717594146728516,169.33973693847656,24.261735916137695,404.1451721191406
2013-03-20,57.41153335571289,170.62503051757812,24.382272720336914,405.8338317871094
2013-03-21,57.49409103393555,168.40357971191406,24.20146942138672,404.1152648925781
2013-03-22,58.65989685058594,168.26077270507812,24.32200050354004,403.6420593261719
2013-03-25,58.871971130371094,167.19760131835938,24.244510650634766,403.30828857421875
2013-03-26,58.56209182739258,168.48287963867188,24.244510650634766,404.693115234375
2013-03-27,57.41153335571289,167.3166046142578,24.42531394958496,399.8313293457031
2013-03-28,56.21525192260742,169.2286376953125,24.631942749023438,395.6121520996094
2013-04-01,54.46908950805664,168.49876403808594,24.631942749023438,399.0990905761719
2013-04-02,54.58083724975586,170.0696563720703,24.79552459716797,405.001953125
2013-04-03,54.86022186279297,168.72091674804688,24.588897705078125,401.5947265625
2013-04-04,54.317955017089844,167.6498565673828,24.623334884643555,396.0505065917969
2013-04-05,53.74395751953125,166.14242553710938,24.70943260192871,390.0629577636719
2013-04-08,54.126197814941406,166.0709991455078,24.614728927612305,385.978271484375
2013-04-09,54.22398376464844,165.99166870117188,25.492902755737305,387.3730163574219
2013-04-10,55.33011245727539,168.197265625,26.069744110107422,393.6146240234375
2013-04-11,55.15739059448242,168.92715454101562,24.916059494018555,393.71923828125
2013-04-12,54.58211135864258,167.70535278320312,24.78692054748535,393.54986572265625
2013-04-15,53.31851577758789,166.0233917236328,24.700822830200195,389.5050354003906
2013-04-16,54.1300048828125,168.197265625,24.941892623901367,395.20367431640625
2013-04-17,51.15325927734375,166.34869384765625,24.82135772705078,389.8188781738281
2013-04-18,49.788082122802734,164.34934997558594,24.78692054748535,381.52496337890625
2013-04-19,49.59505081176758,150.74282836914062,25.63064956665039,398.4415283203125
2013-04-22,50.62877655029297,149.02117919921875,26.543270111083984,398.56109619140625
2013-04-23,51.57615661621094,152.0201873779297,26.345251083374023,402.4415588378906
2013-04-24,51.4910774230957,152.0995330810547,27.343957901000977,405.2061767578125
2013-04-25,51.86188888549805,153.87667846679688,27.49892807006836,403.039306640625
2013-04-26,52.98198699951172,154.16233825683594,27.369783401489258,399.2136535644531
2013-04-29,54.622745513916016,158.00228881835938,28.075767517089844,408.0007019042969
2013-04-30,56.23048400878906,160.69187927246094,28.49764060974121,410.74542236328125
2013-05-01,55.78727722167969,158.38314819335938,28.170473098754883,408.68316650390625
2013-05-02,56.578460693359375,160.57284545898438,28.549299240112305,413.2560119628906
2013-05-03,57.14485168457031,162.25482177734375,28.83341407775879,421.28094482421875
2013-05-06,58.50749588012695,160.88226318359375,29.057260513305664,429.1663818359375
2013-05-07,58.247154235839844,161.5566864013672,28.678438186645508,427.0144348144531
2013-05-08,58.90498352050781,163.26243591308594,28.40293312072754,435.183837890625
2013-05-09,58.391082763671875,162.00302124023438,28.118812561035156,434.1128234863281
2013-05-10,57.90532684326172,162.98345947265625,28.14464569091797,438.47149658203125
2013-05-13,58.13158416748047,161.3892822265625,28.43737030029297,437.1265563964844
2013-05-14,56.74074935913086,161.9791259765625,29.07027244567871,441.8936767578125
2013-05-15,54.82194519042969,162.0668182373047,29.347713470458984,456.23492431640625
2013-05-16,55.55443572998047,163.1588134765625,29.54712677001953,450.24737548828125
2013-05-17,55.38568878173828,166.14793395996094,30.232040405273438,452.8924560546875
2013-05-20,56.621856689453125,165.4783935546875,30.414125442504883,452.56866455078125
2013-05-21,56.20384216308594,166.3153076171875,30.214702606201172,451.79156494140625
2013-05-22,56.419883728027344,164.9921417236328,30.006629943847656,443.0493469238281
2013-05-23,56.5208740234375,164.33058166503906,29.60781478881836,439.7467346191406
2013-05-24,56.9056510925293,163.9798583984375,29.711856842041016,435.0293884277344
2013-05-28,56.4313850402832,165.6218719482422,30.362098693847656,438.98956298828125
2013-05-29,56.88008117675781,165.73345947265625,30.240713119506836,432.53375244140625
2013-05-30,57.72763442993164,166.88128662109375,30.370758056640625,433.7541809082031
2013-05-31,57.49113082885742,165.8131561279297,30.2580509185791,433.98333740234375
2013-06-03,57.617698669433594,166.55447387695312,30.856287002563477,432.1950378417969
2013-06-04,57.43744659423828,164.3544921875,30.33608627319336,427.9459533691406
2013-06-05,56.900535583496094,161.6044921875,30.154016494750977,428.2448425292969
2013-06-06,56.05043411254883,162.44943237304688,30.310081481933594,430.7055969238281
2013-06-07,56.47868728637695,164.48202514648438,30.92563819885254,438.2224426269531
2013-06-10,56.10540771484375,163.42185974121094,30.752235412597656,443.4478454589844
2013-06-11,55.94049072265625,162.59288024902344,30.20604705810547,438.2622985839844
2013-06-12,55.2489013671875,160.37693786621094,30.344757080078125,434.3619079589844
2013-06-13,55.73085403442383,162.42544555664062,30.10199737548828,436.8625183105469
2013-06-14,54.97534942626953,161.17404174804688,29.82456398010254,435.8861999511719
2013-06-17,55.22462844848633,161.84356689453125,30.344757080078125,441.47027587890625
2013-06-18,55.19523239135742,163.30227661132812,30.327415466308594,448.62841796875
2013-06-19,54.07410430908203,160.96681213378906,29.989286422729492,448.6583251953125
2013-06-20,53.28664779663086,157.30810546875,29.035602569580078,440.71807861328125
2013-06-21,52.85968780517578,155.80157470703125,28.844850540161133,438.8201904296875
2013-06-24,51.4586067199707,154.27114868164062,29.235000610351562,433.27099609375
2013-06-25,51.47011184692383,155.4189453125,29.191652297973633,431.4826965332031
2013-06-26,50.88719177246094,155.32330322265625,29.781200408935547,435.19378662109375
2013-06-27,50.33877182006836,155.95298767089844,30.01529884338379,436.89739990234375
2013-06-28,50.69032287597656,152.33416748046875,29.945938110351562,438.5412292480469
2013-07-01,52.31254196166992,152.4696807861328,29.789886474609375,442.2822265625
2013-07-02,53.4975700378418,152.6450958251953,29.425743103027344,439.50762939453125
2013-07-03,53.79287338256836,154.0399932861328,29.486431121826172,441.5599365234375
2013-07-05,53.36079025268555,155.3790740966797,29.659833908081055,445.0767517089844
2013-07-08,53.05782699584961,155.4189453125,29.76386833190918,450.8550720214844
2013-07-09,53.99101638793945,152.48561096191406,29.781200408935547,450.9298095703125
2013-07-10,53.783931732177734,153.24281311035156,30.084653854370117,451.30340576171875
2013-07-11,54.62252426147461,153.68125915527344,30.942977905273438,458.40179443359375
2013-07-12,54.52281951904297,153.0994110107422,30.92563819885254,459.7766418457031
2013-07-15,54.641700744628906,154.63780212402344,31.359127044677734,460.6184997558594
2013-07-16,54.99452209472656,154.5182647705078,31.44583511352539,458.0879821777344
2013-07-17,55.00857925415039,155.07626342773438,30.986331939697266,457.5599670410156
2013-07-18,55.193946838378906,157.8182373046875,30.72623062133789,453.6396484375
2013-07-19,54.32338333129883,154.27114868164062,27.223581314086914,446.6259460449219
2013-07-22,54.49723815917969,154.70953369140625,27.7524471282959,453.64959716796875
2013-07-23,53.561492919921875,155.4189453125,27.587717056274414,450.2124938964844
2013-07-24,56.312503814697266,156.71824645996094,27.709095001220703,449.76416015625
2013-07-25,56.0555419921875,157.2044677734375,27.21491050720215,442.19256591796875
2013-07-26,56.373870849609375,157.30810546875,27.41431999206543,441.0219421386719
2013-07-29,57.24313735961914,156.39939880371094,27.344955444335938,439.4877014160156
2013-07-30,57.95005798339844,156.2399444580078,27.613725662231445,443.7965393066406
2013-07-31,57.84906768798828,155.46676635742188,27.605056762695312,442.21746826171875
2013-08-01,58.37959289550781,156.0805206298828,27.457666397094727,450.4217224121094
2013-08-02,59.128700256347656,155.56243896484375,27.64840316772461,451.5923156738281
2013-08-05,60.01203918457031,155.8334503173828,27.483680725097656,450.81024169921875
2013-08-06,59.475135803222656,152.238525390625,27.379642486572266,446.6109924316406
2013-08-07,59.44061279296875,151.0529022216797,27.795793533325195,443.66204833984375
2013-08-08,59.322235107421875,150.54824829101562,28.51540184020996,444.6632995605469
2013-08-09,58.47808837890625,150.46014404296875,28.350671768188477,443.54248046875
2013-08-12,60.13933181762695,151.47747802734375,28.498056411743164,441.1016540527344
2013-08-13,62.997291564941406,150.9407501220703,28.14008903503418,438.9795837402344
2013-08-14,64.14640045166016,150.22775268554688,28.24485969543457,433.28094482421875
2013-08-15,64.0704574584961,148.83387756347656,27.75592041015625,428.22491455078125
2013-08-16,64.63922119140625,148.47340393066406,27.764652252197266,426.85504150390625
2013-08-19,65.33538818359375,147.58419799804688,27.406681060791016,431.2087097167969
2013-08-20,64.47711181640625,147.84854125976562,27.607498168945312,431.0941467285156
2013-08-21,64.64309692382812,148.08889770507812,27.598770141601562,433.0418395996094
2013-08-22,64.7203140258789,148.3532257080078,28.279783248901367,435.2236633300781
2013-08-23,64.47067260742188,148.53746032714844,30.340303421020508,433.480224609375
2013-08-26,64.72159576416016,147.99278259277344,29.816442489624023,431.57733154296875
2013-08-27,62.87118148803711,146.39056396484375,29.039386749267578,423.4876708984375
2013-08-28,63.16842269897461,145.9259490966797,28.82984161376953,422.6906433105469
2013-08-29,63.27138900756836,146.3104705810547,29.292583465576172,426.1177978515625
2013-08-30,62.694908142089844,146.0140380859375,29.1616153717041,421.8687438964844
2013-09-03,62.86988067626953,147.36790466308594,27.834503173828125,428.58355712890625
2013-09-04,64.17084503173828,146.70301818847656,27.240793228149414,434.18756103515625
2013-09-05,63.73075485229492,147.52008056640625,27.26698875427246,438.13775634765625
2013-09-06,64.11036682128906,146.6229248046875,27.19713592529297,438.147705078125
2013-09-09,65.13336944580078,148.18502807617188,27.642417907714844,442.3669128417969
2013-09-10,63.64970397949219,149.48280334472656,28.279783248901367,442.6757507324219
2013-09-11,60.184383392333984,152.7672576904297,28.585369110107422,446.42169189453125
2013-09-12,60.8251953125,152.79127502441406,28.54171371459961,444.862548828125
2013-09-13,59.82278823852539,153.94480895996094,28.838571548461914,442.875
2013-09-16,57.92090606689453,154.72988891601562,28.63775634765625,442.2224426269531
2013-09-17,58.59004592895508,153.93682861328125,28.751258850097656,441.4005126953125
2013-09-18,59.79447937011719,155.74728393554688,29.091764450073242,449.973388671875
2013-09-19,60.77500534057617,154.92213439941406,29.37116050720215,447.5176086425781
2013-09-20,60.145790100097656,152.22250366210938,28.629026412963867,449.8687744140625
2013-09-23,63.13498306274414,152.9995574951172,28.585369110107422,441.59478759765625
2013-09-24,62.93680191040039,152.1824188232422,28.332170486450195,441.76416015625
2013-09-25,61.962711334228516,151.7818603515625,28.384557723999023,436.97711181640625
2013-09-26,62.56622314453125,152.38270568847656,28.611562728881836,437.4453430175781
2013-09-27,62.119693756103516,149.73912048339844,29.04810905456543,436.5586853027344
2013-09-30,61.34762954711914,148.34521484375,29.05684471130371,436.319580078125
2013-10-01,62.79012680053711,149.3065185546875,29.31877899169922,441.8438720703125
2013-10-02,62.996002197265625,148.16897583007812,29.615629196166992,442.3370056152344
2013-10-03,62.20463562011719,147.2877960205078,29.563251495361328,436.40924072265625
2013-10-04,62.15573501586914,147.48007202148438,29.58070182800293,434.54620361328125
2013-10-07,62.76310348510742,145.80577087402344,29.074312210083008,431.2535705566406
2013-10-08,61.88679504394531,143.17025756835938,28.821107864379883,425.2410888671875
2013-10-09,62.61383056640625,145.2530517578125,28.873497009277344,426.3320007324219
2013-10-10,63.00628662109375,148.01678466796875,29.475934982299805,432.4989013671875
2013-10-11,63.41421127319336,149.13031005859375,29.79898452758789,434.36688232421875
2013-10-14,63.8298454284668,149.77923583984375,30.078380584716797,436.419189453125
2013-10-15,64.16954803466797,147.92869567871094,30.113304138183594,439.3581848144531
2013-10-16,64.48225402832031,149.58694458007812,30.244264602661133,447.3382568359375
2013-10-17,64.91845703125,140.0540008544922,30.488739013671875,442.7355041503906
2013-10-18,65.48336029052734,139.2128448486328,30.523656845092773,503.8165588378906
2013-10-21,67.08800506591797,138.4758758544922,30.54984474182129,499.7767028808594
2013-10-22,66.8962631225586,140.16616821289062,30.191875457763672,501.61981201171875
2013-10-23,67.55123138427734,140.80703735351562,29.475934982299805,513.7792358398438
2013-10-24,68.445556640625,142.43321228027344,29.441007614135742,510.86016845703125
2013-10-25,67.6799087524414,141.6721649169922,31.195945739746094,505.7044982910156
2013-10-28,68.1843490600586,142.0727081298828,31.05624771118164,505.6048583984375
2013-10-29,66.48577880859375,145.8939208984375,31.01259422302246,516.1851806640625
2013-10-30,67.54352569580078,144.3157501220703,31.030057907104492,513.2860717773438
2013-10-31,67.26043701171875,143.56272888183594,30.916555404663086,513.3657836914062
2013-11-01,66.9168472290039,143.5787353515625,31.021326065063477,511.6023864746094
2013-11-04,67.78156280517578,144.4119110107422,31.379301071166992,511.1391296386719
2013-11-05,67.61429595947266,142.47325134277344,31.990468978881836,508.8526916503906
2013-11-06,67.42272186279297,144.31759643554688,33.33504104614258,509.46539306640625
2013-11-07,66.33165740966797,144.969970703125,32.7413330078125,502.093017578125
2013-11-08,67.37612915039062,144.96192932128906,32.98581314086914,506.1179504394531
2013-11-11,67.1806869506836,147.2895050048828,32.81991958618164,503.4081115722656
2013-11-12,67.30493927001953,147.4425506591797,32.619102478027344,504.0008850097656
2013-11-13,67.38516998291016,147.82911682128906,33.31758499145508,514.3072509765625
2013-11-14,68.35980987548828,146.74989318847656,33.195350646972656,515.6820678710938
2013-11-15,67.94951629638672,147.5391845703125,33.03818893432617,514.8502197265625
2013-11-18,67.1263427734375,148.57003784179688,32.47941207885742,513.8489379882812
2013-11-19,67.24542236328125,149.19827270507812,32.32106018066406,510.6858215332031
2013-11-20,66.65650177001953,149.14991760253906,32.62017059326172,509.2462158203125
2013-11-21,67.45121002197266,148.29623413085938,32.901668548583984,515.104248046875
2013-11-22,67.27777099609375,146.0169677734375,33.05121612548828,514.018310546875
2013-11-25,67.78771209716797,144.1162567138672,33.11281967163086,521.0121459960938
2013-11-26,69.03800964355469,142.80349731445312,32.85769271850586,527.2288208007812
2013-11-27,70.66366577148438,144.14039611816406,33.07762145996094,529.570068359375
2013-11-29,71.97220611572266,144.71224975585938,33.54387664794922,527.8165893554688
2013-12-02,71.34574890136719,142.94039916992188,33.82538604736328,525.2711791992188
2013-12-03,73.29884338378906,141.81288146972656,33.702232360839844,524.6634521484375
2013-12-04,73.12800598144531,141.53903198242188,34.25645065307617,527.1142578125
2013-12-05,73.50334930419922,141.81288146972656,33.429500579833984,526.69580078125
2013-12-06,72.48343658447266,143.0934295654297,33.7462043762207,532.9374389648438
2013-12-09,73.3131103515625,142.92433166503906,34.054107666015625,537.0570068359375
2013-12-10,73.19918060302734,142.6504669189453,33.52627944946289,540.3048095703125
2013-12-11,72.6568603515625,141.10414123535156,33.08641815185547,536.633544921875
2013-12-12,72.55075073242188,139.6302490234375,32.743316650390625,532.9822387695312
2013-12-13,71.75992584228516,139.1711883544922,32.277069091796875,528.4143676757812
2013-12-16,72.15727233886719,143.23838806152344,32.45302200317383,534.4866333007812
2013-12-17,71.83243560791016,141.55514526367188,32.12751770019531,532.9324340820312
2013-12-18,71.28621673583984,143.92294311523438,32.18030548095703,540.349609375
2013-12-19,70.4695053100586,145.14718627929688,31.889991760253906,541.0819091796875
2013-12-20,71.0597152709961,144.98606872558594,32.37384033203125,548.2550048828125
2013-12-23,73.78681945800781,146.76597595214844,32.215492248535156,555.4679565429688
2013-12-24,73.47357940673828,147.5633087158203,32.62017059326172,553.8440551757812
2013-12-26,72.98563385009766,149.27882385253906,32.936859130859375,556.6435546875
2013-12-27,72.49250793457031,149.0613250732422,32.804908752441406,557.11181640625
2013-12-30,71.7715835571289,150.13250732421875,32.804908752441406,552.6585083007812
2013-12-31,72.61286926269531,151.0667724609375,32.91047668457031,558.2625122070312
2014-01-02,71.59166717529297,149.4237518310547,32.6905403137207,554.481689453125
2014-01-03,70.01909637451172,150.31771850585938,32.47061538696289,550.4368286132812
2014-01-06,70.4009017944336,149.8023223876953,31.78443145751953,556.5738525390625
2014-01-07,69.89742279052734,152.79031372070312,32.03074264526367,567.3035888671875
2014-01-08,70.34009552001953,151.38894653320312,31.458932876586914,568.4841918945312
2014-01-09,69.44184112548828,150.9137725830078,31.2565975189209,563.0097045898438
2014-01-10,68.97846221923828,150.81710815429688,31.70525360107422,562.9797973632812
2014-01-13,69.33958435058594,148.3203887939453,30.772743225097656,559.3932495117188
2014-01-14,70.71932220458984,149.7378692626953,31.476518630981445,572.553955078125
2014-01-15,72.13916778564453,151.20370483398438,32.338645935058594,572.1654052734375
2014-01-16,71.73664855957031,152.0251922607422,32.45302200317383,575.951171875
2014-01-17,69.97897338867188,153.09634399414062,32.004356384277344,573.1168212890625
2014-01-21,71.0661849975586,151.75942993164062,31.819608688354492,579.67724609375
2014-01-22,71.38200378417969,146.78211975097656,31.608476638793945,580.3347778320312
2014-01-23,71.9864501953125,147.168701171875,31.72284698486328,577.8839721679688
2014-01-24,70.67789459228516,144.6800537109375,32.38264083862305,559.816650390625
2014-01-27,71.25126647949219,143.27867126464844,31.69645881652832,548.558837890625
2014-01-28,65.55634307861328,142.4329833984375,31.907588958740234,559.408203125
2014-01-29,64.81212615966797,142.070556640625,32.25067901611328,551.3932495117188
2014-01-30,64.68655395507812,142.84376525878906,32.42662811279297,565.5750732421875
2014-01-31,64.79268646240234,142.2960968017578,33.28874588012695,588.2799682617188
2014-02-03,64.91307830810547,139.25172424316406,32.09232711791992,564.5987548828125
2014-02-04,65.85275268554688,139.20339965820312,31.97796630859375,566.9548950195312
2014-02-05,66.34457397460938,140.3309326171875,31.51170539855957,569.4655151367188
2014-02-06,66.73127746582031,141.44845581054688,31.828405380249023,577.814208984375
2014-02-07,67.66483306884766,143.5377655029297,32.16271209716797,586.5215454101562
2014-02-10,68.8770523071289,143.44866943359375,32.37384033203125,584.2749633789062
2014-02-11,69.78457641601562,145.5218048095703,32.69933319091797,592.8677978515625
2014-02-12,69.77938079833984,145.95913696289062,32.963260650634766,591.1292724609375
2014-02-13,70.88742065429688,147.2547607421875,33.08641815185547,597.7096557617188
2014-02-14,70.83013153076172,148.75291442871094,33.095218658447266,599.1542358398438
2014-02-18,71.09052276611328,148.34799194335938,33.16612243652344,603.1791381835938
2014-02-19,69.96817779541016,148.15365600585938,33.24589157104492,598.9251098632812
2014-02-20,69.1583023071289,149.2145233154297,33.4586067199707,599.8067626953125
2014-02-21,68.39009857177734,148.02407836914062,33.6624641418457,599.6473999023438
2014-02-24,68.68955993652344,148.55857849121094,33.405426025390625,603.9910888671875
2014-02-25,67.97473907470703,148.38038635253906,33.27247619628906,607.7221069335938
2014-02-26,67.3614730834961,149.05252075195312,33.2104377746582,607.8067626953125
2014-02-27,68.70518493652344,150.0324249267578,33.55609893798828,607.32861328125
2014-02-28,68.51898193359375,149.95140075683594,33.95494842529297,605.5552368164062
2014-03-03,68.71690368652344,149.2145233154297,33.485191345214844,599.0994262695312
2014-03-04,69.1700210571289,150.9798583984375,34.04357147216797,605.1865844726562
2014-03-05,69.31584167480469,151.5467529296875,33.777687072753906,606.8553466796875
2014-03-06,69.10620880126953,151.95162963867188,33.813140869140625,607.52783203125
2014-03-07,69.06584930419922,151.98403930664062,33.59156036376953,605.1268310546875
2014-03-10,69.12834167480469,150.9393768310547,33.520652770996094,603.5228271484375
2014-03-11,69.801513671875,151.23902893066406,33.697914123535156,597.7544555664062
2014-03-12,69.86922454833984,150.80169677734375,33.919490814208984,601.3958129882812
2014-03-13,69.09320831298828,148.92294311523438,33.58269119262695,592.3098754882812
2014-03-14,68.31717681884766,147.5543975830078,33.41429138183594,584.2102661132812
2014-03-17,68.5840835571289,150.46971130371094,33.72449493408203,593.82421875
2014-03-18,69.19085693359375,151.27947998046875,35.05398178100586,603.368408203125
2014-03-19,69.1726303100586,149.57891845703125,34.80581283569336,597.3858642578125
2014-03-20,68.83930206298828,152.1621856689453,35.74530792236328,596.3447265625
2014-03-21,69.38223266601562,151.16612243652344,35.594627380371094,589.3110961914062
2014-03-24,70.20514678955078,152.4456329345703,35.89598846435547,576.802978515625
2014-03-25,70.96033477783203,157.94415283203125,35.75417709350586,577.196533203125
2014-03-26,70.2819595336914,155.98446655273438,35.26669692993164,563.8714599609375
2014-03-27,69.97988891601562,153.72509765625,34.885581970214844,556.9309692382812
2014-03-28,69.90177154541016,154.22720336914062,35.718719482421875,558.456787109375
2014-03-31,69.8861312866211,155.87924194335938,36.330291748046875,555.4450073242188
2014-04-01,70.52544403076172,157.50685119628906,36.711402893066406,565.6071166992188
2014-04-02,70.64263153076172,156.73756408691406,36.64936447143555,565.4475708007812
2014-04-03,70.15306091308594,156.04115295410156,36.34800338745117,568.1800537109375
2014-04-04,69.24555969238281,155.29611206054688,35.33760452270508,541.6528930664062
2014-04-07,68.15831756591797,157.52310180664062,35.27556228637695,536.6765747070312
2014-04-08,68.1544189453125,156.5270233154297,35.29329299926758,553.3806762695312
2014-04-09,69.05022430419922,159.2398681640625,35.86940383911133,562.5953979492188
2014-04-10,68.15962219238281,158.46241760253906,34.885581970214844,539.4688720703125
2014-04-11,67.65573120117188,158.06565856933594,34.75263214111328,529.147216796875
2014-04-14,67.92526245117188,160.1549530029297,34.72603988647461,531.0619506835938
2014-04-15,67.44090270996094,159.54762268066406,35.231239318847656,534.9712524414062
2014-04-16,67.5776138305664,159.04551696777344,35.80735778808594,555.0161743164062
2014-04-17,68.3497314453125,153.870849609375,35.46168899536133,534.6321411132812
2014-04-21,69.16089630126953,155.70101928710938,35.3996467590332,527.1726684570312
2014-04-22,69.22990417480469,155.60386657714844,35.4439697265625,533.345703125
2014-04-23,68.3249740600586,155.26373291015625,35.178062438964844,525.4972534179688
2014-04-24,73.92638397216797,154.04090881347656,35.328739166259766,523.7221069335938
2014-04-25,74.46935272216797,153.56314086914062,35.3730583190918,514.7667236328125
2014-04-28,77.35338592529297,156.405517578125,36.22392654418945,515.7340698242188
2014-04-29,77.12422943115234,158.00086975097656,35.90484619140625,526.2551879882812
2014-04-30,76.83258056640625,159.10220336914062,35.80735778808594,525.218017578125
2014-05-01,77.0135498046875,156.7213897705078,35.452823638916016,529.8952026367188
2014-05-02,77.15678405761719,155.0289306640625,35.178062438964844,526.4845581054688
2014-05-05,78.24788665771484,154.8831024169922,34.9476318359375,526.3648681640625
2014-05-06,77.39505767822266,153.8870391845703,34.619693756103516,513.7295532226562
2014-05-07,77.12422943115234,154.1884307861328,34.938758850097656,508.5637512207031
2014-05-08,76.98674011230469,153.87075805664062,35.133750915527344,509.60089111328125
2014-05-09,76.66597747802734,154.82376098632812,35.04512023925781,517.3097534179688
2014-05-12,77.6204833984375,156.85191345214844,35.42623519897461,528.4691162109375
2014-05-13,77.74224090576172,156.5424041748047,36.077816009521484,531.6304321289062
2014-05-14,77.75660705566406,153.7159881591797,35.917152404785156,525.2080688476562
2014-05-15,77.09541320800781,151.875244140625,35.34590148925781,518.5562744140625
2014-05-16,78.23321533203125,152.36390686035156,35.55119323730469,519.2045288085938
2014-05-19,79.16024017333984,152.31503295898438,35.47978973388672,527.4119873046875
2014-05-20,79.1759262084961,150.596435546875,35.41730880737305,528.3195190429688
2014-05-21,79.38543701171875,151.8181915283203,36.01533126831055,537.4644165039062
2014-05-22,79.51111602783203,151.23985290527344,35.79218673706055,543.567626953125
2014-05-23,80.40931701660156,151.45166015625,35.81004333496094,551.1867065429688
2014-05-27,81.9150390625,150.5067901611328,35.872528076171875,564.4004516601562
2014-05-28,81.70292663574219,149.12213134765625,35.71186447143555,560.1421508789062
2014-05-29,83.1916275024414,149.676025390625,36.00640869140625,558.5465087890625
2014-05-30,82.8800048828125,150.16470336914062,36.541954040527344,558.3570556640625
2014-06-02,82.31045532226562,151.24801635742188,36.4080696105957,552.413330078125
2014-06-03,83.47441864013672,150.17283630371094,35.96177673339844,543.4479370117188
2014-06-04,84.42761993408203,150.286865234375,35.988555908203125,543.168701171875
2014-06-05,84.75887298583984,151.48423767089844,36.7829475402832,552.3834228515625
2014-06-06,84.52582550048828,151.80189514160156,37.0239372253418,554.8067626953125
2014-06-09,85.87834167480469,151.67970275878906,36.83650207519531,560.5809326171875
2014-06-10,86.38243865966797,150.1077117919922,36.69369125366211,559.0151977539062
2014-06-11,86.02499389648438,148.44610595703125,36.470550537109375,557.3098754882812
2014-06-12,84.58604431152344,147.60714721679688,36.22063064575195,549.8403930664062
2014-06-13,83.66033935546875,148.69857788085938,36.80080032348633,550.249267578125
2014-06-16,84.50357055664062,148.5275421142578,37.041805267333984,542.789794921875
2014-06-17,84.39356994628906,148.4542236328125,37.202457427978516,541.5232543945312
2014-06-18,84.48522186279297,149.545654296875,37.175689697265625,551.8548583984375
2014-06-19,84.19194793701172,148.9103546142578,37.050716400146484,553.3806762695312
2014-06-20,83.32123565673828,147.87594604492188,37.202457427978516,554.836669921875
2014-06-23,83.24790954589844,148.35647583007812,37.47915267944336,563.4031982421875
2014-06-24,82.74382781982422,147.3301544189453,37.26493835449219,563.0740966796875
2014-06-25,82.81715393066406,147.1998748779297,37.51485824584961,577.065673828125
2014-06-26,83.31206512451172,146.914794921875,37.23816680908203,574.4229125976562
2014-06-27,84.30192565917969,148.00625610351562,37.71122741699219,575.6595458984375
2014-06-30,85.1726303100586,147.64785766601562,37.220306396484375,573.7048950195312
2014-07-01,85.71337127685547,151.7855987548828,37.37205123901367,581.0746459960938
2014-07-02,85.67670440673828,153.44723510742188,37.398826599121094,580.7406005859375
2014-07-03,86.18079376220703,153.56124877929688,37.3095703125,583.1290283203125
2014-07-07,87.95886993408203,153.16212463378906,37.47915267944336,580.6558227539062
2014-07-08,87.3906021118164,152.49423217773438,37.29171371459961,569.5263671875
2014-07-09,87.4272689819336,153.47166442871094,37.19353485107422,574.502685546875
2014-07-10,87.10649108886719,152.8851776123047,37.21138000488281,569.5363159179688
2014-07-11,87.27145385742188,153.1295623779297,37.56840896606445,577.59423828125
2014-07-14,88.39878845214844,154.64454650878906,37.613037109375,583.2686157226562
2014-07-15,87.36311340332031,153.5286865234375,37.889739990234375,583.1788940429688
2014-07-16,86.8681869506836,156.6808319091797,39.34463882446289,581.064697265625
2014-07-17,85.31926727294922,156.78680419921875,39.74628829956055,572.1591186523438
2014-07-18,86.54740142822266,156.794921875,39.88909912109375,593.45068359375
2014-07-21,86.09830474853516,155.45094299316406,40.02298355102539,587.8560180664062
2014-07-22,86.81319427490234,158.08998107910156,40.014068603515625,593.1116333007812
2014-07-23,89.07701873779297,157.71531677246094,40.04975891113281,594.3482055664062
2014-07-24,88.93037414550781,159.0266571044922,39.63025665283203,591.7254028320312
2014-07-25,89.5169448852539,158.34246826171875,39.719520568847656,587.4072875976562
2014-07-28,90.75424194335938,159.4664764404297,39.2464599609375,588.9829711914062
2014-07-29,90.16767883300781,158.48098754882812,39.1750373840332,584.006591796875
2014-07-30,89.95686340332031,158.01669311523438,38.89834976196289,585.8116455078125
2014-07-31,87.61974334716797,156.11883544921875,38.52347946166992,570.0349731445312
2014-08-01,88.10549926757812,154.06625366210938,38.255699157714844,564.5200805664062
2014-08-04,87.61058044433594,154.46536254882812,38.71091079711914,571.5807495117188
2014-08-05,87.1798095703125,152.396484375,38.452056884765625,563.5228271484375
2014-08-06,87.03317260742188,152.37191772460938,38.14859390258789,564.8233032226562
2014-08-07,87.02397918701172,151.00364685058594,38.5859489440918,561.8175048828125
2014-08-08,87.26344299316406,152.9126434326172,38.55917739868164,567.2127075195312
2014-08-11,88.41478729248047,153.6009063720703,38.55917739868164,566.3251342773438
2014-08-12,88.39637756347656,153.494384765625,38.84480285644531,561.1892700195312
2014-08-13,89.56615447998047,153.9941864013672,39.34463882446289,573.2062377929688
2014-08-14,89.80561065673828,153.9368896484375,39.514217376708984,573.0765991210938
2014-08-15,90.24776458740234,153.52723693847656,39.97835922241211,571.9098510742188
2014-08-18,91.33463287353516,155.14950561523438,40.26398849487305,580.5660400390625
2014-08-19,92.59651184082031,155.73117065429688,40.71306228637695,585.253173828125
2014-08-20,92.63334655761719,155.7557830810547,40.371761322021484,582.8896484375
2014-08-21,92.64256286621094,156.681640625,40.614261627197266,581.7727661132812
2014-08-22,93.32417297363281,156.009765625,40.5513916015625,580.9649658203125
2014-08-25,93.52678680419922,156.624267578125,40.5693473815918,578.6114501953125
2014-08-26,92.92808532714844,158.1236572265625,40.42565155029297,576.27783203125
2014-08-27,94.07023620605469,157.517333984375,40.29990768432617,569.4365844726562
2014-08-28,94.18077087402344,157.3125,40.30888748168945,567.6415405273438
2014-08-29,94.41104125976562,157.55828857421875,40.80287551879883,570.0349731445312
2014-09-02,95.14790344238281,156.95204162597656,40.497501373291016,575.749267578125
2014-09-03,91.13197326660156,157.27154541015625,40.380741119384766,576.3576049804688
2014-09-04,90.376708984375,156.23097229003906,40.650184631347656,580.3865356445312
2014-09-05,91.15961456298828,156.65701293945312,41.23398971557617,584.475341796875
2014-09-08,90.59777069091797,155.78855895996094,41.73694610595703,588.1053466796875
2014-09-09,90.25696563720703,155.66563415527344,41.997413635253906,579.419189453125
2014-09-10,93.0294189453125,156.9356231689453,42.06925582885742,581.5034790039062
2014-09-11,93.42549133300781,157.08309936523438,42.21296310424805,579.75830078125
2014-09-12,93.63733673095703,156.72256469726562,41.943519592285156,574.0439453125
2014-09-15,93.60968780517578,157.15682983398438,41.53038024902344,571.5308837890625
2014-09-16,92.90045928955078,158.09910583496094,41.997413635253906,578.3621215820312
2014-09-17,93.56365203857422,157.9679718017578,41.781864166259766,583.1688842773438
2014-09-18,93.757080078125,158.74635314941406,41.925567626953125,587.6566162109375
2014-09-19,92.99259185791016,158.95120239257812,42.68000411987305,594.4479370117188
2014-09-22,93.0846939086914,158.22198486328125,42.26685333251953,585.7617797851562
2014-09-23,94.53999328613281,157.0011444091797,41.817787170410156,579.5388793945312
2014-09-24,93.7202377319336,157.56649780273438,42.28482437133789,586.3800659179688
2014-09-25,90.14643859863281,154.86273193359375,41.350746154785156,573.4854736328125
2014-09-26,92.79913330078125,155.72299194335938,41.68305587768555,575.5198974609375
2014-09-29,92.20964813232422,155.37887573242188,41.70999526977539,574.7819213867188
2014-09-30,92.79913330078125,155.5345458984375,41.63814926147461,575.7791748046875
2014-10-01,91.35305786132812,153.3551025390625,41.225013732910156,566.714111328125
2014-10-02,92.0162353515625,153.14210510253906,41.09926223754883,568.5191040039062
2014-10-03,91.75834655761719,154.58409118652344,41.39565658569336,573.7048950195312
2014-10-06,91.75834655761719,154.8872528076172,41.39565658569336,575.7692260742188
2014-10-07,90.95697021484375,152.1588897705078,40.89268493652344,562.1964721679688
2014-10-08,92.84521484375,155.14950561523438,42.015377044677734,570.9324951171875
2014-10-09,93.0478515625,152.7406005859375,41.18009567260742,559.3442993164062
2014-10-10,92.78071594238281,152.33912658691406,39.54546356201172,542.9992065429688
2014-10-13,91.93333435058594,150.36453247070312,39.20417404174805,531.7500610351562
2014-10-14,90.95697021484375,150.593994140625,39.276023864746094,536.4671020507812
2014-10-15,89.84246826171875,148.9143524169922,38.81797790527344,528.5787963867188
2014-10-16,88.66346740722656,147.349365234375,38.386863708496094,523.0739135742188
2014-10-17,89.96222686767578,149.16009521484375,39.18620681762695,509.7704162597656
2014-10-20,91.88729858398438,138.5497283935547,39.59038162231445,519.4139404296875
2014-10-21,94.38341522216797,133.74020385742188,40.30888748168945,525.0983276367188
2014-10-22,94.86236572265625,132.56033325195312,39.859825134277344,531.25146484375
2014-10-23,96.55718231201172,132.87989807128906,40.434635162353516,542.4906005859375
2014-10-24,96.9163818359375,132.79795837402344,41.43158721923828,538.3020629882812
2014-10-27,96.81507873535156,132.6259307861328,41.23398971557617,539.2893676757812
2014-10-28,98.3164291381836,134.04336547851562,41.754905700683594,547.3970947265625
2014-10-29,98.86907196044922,133.9286651611328,41.871665954589844,547.825927734375
2014-10-30,98.5374984741211,134.65786743164062,41.3597297668457,548.8032836914062
2014-10-31,99.47699737548828,134.6988525390625,42.16805648803711,557.5492553710938
2014-11-03,100.76652526855469,134.6660614013672,42.60814666748047,553.6998291015625
2014-11-04,100.02965545654297,133.2650146484375,42.724918365478516,552.5928344726562
2014-11-05,100.26912689208984,132.58494567871094,42.98537063598633,544.42529296875
2014-11-06,100.55589294433594,133.19540405273438,43.73982238769531,540.555908203125
2014-11-07,100.84268951416016,133.69862365722656,43.721858978271484,539.5287475585938
2014-11-10,100.6761703491211,134.87002563476562,43.91046142578125,545.990966796875
2014-11-11,101.48098754882812,134.7133026123047,43.89250183105469,548.7833251953125
2014-11-12,102.91486358642578,133.5748748779297,43.81167221069336,545.8114624023438
2014-11-13,104.36724090576172,134.29257202148438,44.55713653564453,543.8867797851562
2014-11-14,105.62531280517578,135.4227752685547,44.53019332885742,542.909423828125
2014-11-17,105.44956970214844,135.4227752685547,44.42241287231445,535.041015625
2014-11-18,106.81867218017578,133.55015563964844,44.051849365234375,533.5651245117188
2014-11-19,106.07862091064453,133.17063903808594,43.58186340332031,535.5197143554688
2014-11-20,107.59574890136719,132.51893615722656,44.01569747924805,533.3656616210938
2014-11-21,107.74375915527344,132.74993896484375,43.364952087402344,536.0283203125
2014-11-24,109.74192810058594,133.7646026611328,43.01245880126953,537.7935180664062
2014-11-25,108.78909301757812,133.44290161132812,42.90399932861328,539.5985107421875
2014-11-26,110.0842056274414,133.59963989257812,43.157066345214844,538.8905029296875
2014-11-28,110.01944732666016,133.7811279296875,43.2113037109375,540.3464965820312
2014-12-01,106.44864654541016,133.26136779785156,43.94338607788086,532.3384399414062
2014-12-02,106.04161834716797,134.193603515625,43.79877853393555,532.28857421875
2014-12-03,107.24421691894531,135.71975708007812,43.45532989501953,529.865234375
2014-12-04,106.83719635009766,135.33201599121094,44.14222717285156,535.8388671875
2014-12-05,106.38389587402344,134.6885528564453,43.76262664794922,523.8218383789062
2014-12-08,103.97868347167969,133.52540588378906,43.11187744140625,525.537109375
2014-12-09,105.56983184814453,134.45761108398438,43.01245880126953,531.90966796875
2014-12-10,103.56241607666016,132.41171264648438,42.388824462890625,524.61962890625
2014-12-11,103.25714111328125,132.8737030029297,42.63286590576172,526.8934326171875
2014-12-12,101.50875091552734,128.17974853515625,42.43402099609375,517.2399291992188
2014-12-15,100.12113952636719,126.265869140625,42.18095016479492,512.3932495117188
2014-12-16,98.75199890136719,124.90473937988281,40.81619644165039,494.03363037109375
2014-12-17,101.21271514892578,125.33367919921875,41.34041213989258,503.50762939453125
2014-12-18,104.20997619628906,130.0771026611328,42.949195861816406,509.70062255859375
2014-12-19,103.40514373779297,130.76182556152344,43.07572937011719,514.9362182617188
2014-12-22,104.47824096679688,133.17893981933594,43.364952087402344,523.4329223632812
2014-12-23,104.10820770263672,133.8388671875,43.78974533081055,529.1372680664062
2014-12-24,103.617919921875,133.49240112304688,43.50956344604492,527.322265625
2014-12-26,105.44956970214844,133.9213409423828,43.274559020996094,532.5678100585938
2014-12-29,105.37555694580078,132.41171264648438,42.88592529296875,528.8779907226562
2014-12-30,104.08970642089844,132.03225708007812,42.49728012084961,528.9677124023438
2014-12-31,102.11004638671875,132.3539581298828,41.98211669921875,524.958740234375
2015-01-02,101.13870239257812,133.69036865234375,42.262298583984375,523.3731079101562
2015-01-05,98.28947448730469,131.5867919921875,41.8736572265625,512.4630126953125
2015-01-06,98.2987289428711,128.74896240234375,41.25905990600586,500.58563232421875
2015-01-07,99.67709350585938,127.90751647949219,41.78327941894531,499.7279968261719
2015-01-08,103.50689697265625,130.68760681152344,43.01245880126953,501.3036804199219
2015-01-09,103.617919921875,131.25680541992188,42.650936126708984,494.8114929199219
2015-01-12,101.06470489501953,129.05422973632812,42.11768341064453,491.201416015625
2015-01-13,101.96200561523438,129.35943603515625,41.9007682800293,494.82147216796875
2015-01-14,101.5735092163086,128.52622985839844,41.539241790771484,499.4986267089844
2015-01-15,98.8167495727539,127.51156616210938,41.10541915893555,500.4161071777344
2015-01-16,98.04894256591797,129.6316680908203,41.79231643676758,506.6888732910156
2015-01-20,100.57440948486328,129.4748992919922,41.92788314819336,505.5121154785156
2015-01-21,101.34223175048828,125.46566772460938,41.50308609008789,516.6216430664062
2015-01-22,103.97868347167969,128.18798828125,42.59670639038086,532.9268188476562
2015-01-23,104.51525115966797,128.58396911621094,42.64189910888672,538.4716186523438
2015-01-26,104.62623596191406,128.98818969726562,42.488250732421875,533.74462890625
2015-01-27,100.96295166015625,126.76910400390625,38.55665969848633,517.2100219726562
2015-01-28,106.6706771850586,125.02022552490234,37.22805404663086,508.6036376953125
2015-01-29,109.99169158935547,128.26223754882812,37.969181060791016,509.2618103027344
2015-01-30,108.38206481933594,126.47212219238281,36.5140495300293,533.0565185546875
2015-02-02,109.74192810058594,127.5857925415039,37.30939865112305,527.0330200195312
2015-02-03,109.76042938232422,130.72882080078125,37.5986213684082,527.7909545898438
2015-02-04,110.60226440429688,129.48313903808594,37.8155403137207,521.3286743164062
2015-02-05,111.39166259765625,130.266845703125,38.366859436035156,526.135498046875
2015-02-06,110.45364379882812,130.1920623779297,38.330711364746094,529.546142578125
2015-02-09,111.18734741210938,129.3863067626953,38.28550720214844,526.3848266601562
2015-02-10,113.32344055175781,131.7206573486328,38.502437591552734,535.4698486328125
2015-02-11,115.9795913696289,131.42160034179688,38.30360412597656,534.5025024414062
2015-02-12,117.44697570800781,131.6874237060547,38.94530487060547,541.4434814453125
2015-02-13,118.02279663085938,133.2491912841797,39.65027618408203,547.5068359375
2015-02-17,118.71932983398438,133.7144012451172,39.668487548828125,541.3536987304688
2015-02-18,119.54591369628906,134.7362060546875,39.622962951660156,538.2222900390625
2015-02-19,119.29515075683594,136.14840698242188,39.59566879272461,541.3836059570312
2015-02-20,120.27030181884766,135.94906616210938,39.92335510253906,537.474365234375
2015-02-23,123.52086639404297,135.33428955078125,40.187320709228516,530.45361328125
2015-02-24,122.7500228881836,136.9293212890625,40.13270568847656,534.6221923828125
2015-02-25,119.61090850830078,135.2512664794922,40.04167938232422,542.3809204101562
2015-02-26,121.1247329711914,133.6396026611328,40.105403900146484,553.9591064453125
2015-02-27,119.30443572998047,134.5285186767578,39.91424560546875,556.87109375
2015-03-02,119.88951873779297,133.31564331054688,39.94155502319336,569.7756958007812
2015-03-03,120.14028930664062,133.77255249023438,39.395408630371094,572.0693969726562
2015-03-04,119.37872314453125,132.43505859375,39.195159912109375,571.8001098632812
2015-03-05,117.40056610107422,133.8971405029297,39.24066925048828,573.7547607421875
2015-03-06,117.5770034790039,131.67079162597656,38.557979583740234,566.1306762695312
2015-03-09,118.0785140991211,133.55654907226562,39.00400161743164,567.29248046875
2015-03-10,115.6359634399414,131.09759521484375,38.257598876953125,553.4904174804688
2015-03-11,113.52774047851562,130.25856018066406,38.21208572387695,549.6708984375
2015-03-12,115.58023071289062,131.23883056640625,37.3382568359375,553.989013671875
2015-03-13,114.78152465820312,128.16513061523438,37.66593933105469,545.8214721679688
2015-03-16,116.04460144042969,130.49114990234375,37.82978439331055,552.9917602539062
2015-03-17,117.98563385009766,130.39149475097656,37.95722579956055,549.331787109375
2015-03-18,119.31371307373047,132.75906372070312,38.6854248046875,557.9680786132812
2015-03-19,118.41284942626953,132.75906372070312,38.49427032470703,556.4622192382812
2015-03-20,116.92689514160156,135.30941772460938,39.031314849853516,558.8257446289062
2015-03-23,118.1435317993164,136.76321411132812,39.01310348510742,557.2799682617188
2015-03-24,117.66059875488281,135.40904235839844,39.04951477050781,568.6288452148438
2015-03-25,114.58647918701172,132.25230407714844,37.738765716552734,557.2550659179688
2015-03-26,115.38520050048828,133.406982421875,37.511207580566406,553.6499633789062
2015-03-27,114.46575164794922,133.2491912841797,37.292747497558594,546.8386840820312
2015-03-30,117.36339569091797,135.1349334716797,37.28364562988281,550.5185546875
2015-03-31,115.56166076660156,133.33226013183594,37.010562896728516,546.4995727539062
2015-04-01,115.39447784423828,132.23568725585938,37.06517791748047,541.074462890625
2015-04-02,116.38823699951172,133.29075622558594,36.67377471923828,534.063720703125
2015-04-06,118.2735366821289,134.61158752441406,37.8206901550293,535.2953491210938
2015-04-07,117.0290756225586,134.636474609375,37.80247116088867,535.5496215820312
2015-04-08,116.64826202392578,134.45376586914062,37.70235061645508,540.1270751953125
2015-04-09,117.53984832763672,134.86077880859375,37.75696563720703,539.2993774414062
2015-04-10,118.0413589477539,135.2927703857422,37.97542190551758,538.5314331054688
2015-04-13,117.80918884277344,134.89402770996094,38.011837005615234,537.6937866210938
2015-04-14,117.29838562011719,134.8275604248047,37.91170883178711,528.9378051757812
2015-04-15,117.74417114257812,136.34783935546875,38.46695327758789,531.0719604492188
2015-04-16,117.17765045166016,135.51707458496094,38.375938415527344,532.3384399414062
2015-04-17,115.85884857177734,133.4734649658203,37.884395599365234,522.6151733398438
2015-04-20,118.50572967529297,138.03421020507812,39.05861282348633,533.9141235351562
2015-04-21,117.86489868164062,136.45578002929688,38.8128547668457,532.5079956054688
2015-04-22,119.45303344726562,137.3695831298828,39.13144302368164,537.8882446289062
2015-04-23,120.4281997680664,141.42356872558594,39.45002365112305,545.5023193359375
2015-04-24,120.99469757080078,141.04141235351562,43.57343292236328,563.5128784179688
2015-04-27,123.19580078125,141.8306121826172,43.71907043457031,555.3699951171875
2015-04-28,121.25479125976562,144.48068237304688,44.747642517089844,553.6799926757812
2015-04-29,119.47161865234375,144.87939453125,44.65662384033203,549.0800170898438
2015-04-30,116.23036193847656,142.2958526611328,44.274322509765625,537.3400268554688
2015-05-01,119.75951385498047,144.27297973632812,44.29252243041992,537.9000244140625
2015-05-04,119.52733612060547,144.5221710205078,43.91022872924805,540.780029296875
2015-05-05,116.83401489257812,143.7828369140625,43.327667236328125,530.7999877929688
2015-05-06,116.1003189086914,142.3348388671875,42.126136779785156,524.219970703125
2015-05-07,116.81844329833984,144.22415161132812,42.50844192504883,530.7000122070312
2015-05-08,119.0193862915039,145.64964294433594,43.464202880859375,538.219970703125
2015-05-11,117.80699157714844,144.33380126953125,43.118309020996094,535.7000122070312
2015-05-12,117.38732147216797,143.85301208496094,43.1001091003418,529.0399780273438
2015-05-13,117.51789855957031,145.31222534179688,43.3549690246582,529.6199951171875
2015-05-14,120.25975799560547,146.80516052246094,44.347137451171875,538.4000244140625
2015-05-15,120.09188842773438,146.13882446289062,43.96484375,533.8499755859375
2015-05-18,121.41618347167969,145.9701385498047,43.700870513916016,532.2999877929688
2015-05-19,121.30427551269531,146.32440185546875,43.59092712402344,537.3599853515625
2015-05-20,121.29492950439453,146.560546875,43.59092712402344,539.27001953125
2015-05-21,122.53530883789062,146.20632934570312,43.4443359375,542.510009765625
2015-05-22,123.6078109741211,145.26165771484375,42.96794128417969,540.1099853515625
2015-05-26,120.88457489013672,143.49879455566406,42.68393325805664,532.3200073242188
2015-05-27,123.1415023803711,145.0760955810547,43.618412017822266,539.7899780273438
2015-05-28,122.89901733398438,144.83148193359375,43.47182846069336,539.780029296875
2015-05-29,121.50009155273438,143.09393310546875,42.93129348754883,532.1099853515625
2015-06-01,121.74258422851562,143.5409698486328,43.27025604248047,533.989990234375
2015-06-02,121.20167541503906,143.09393310546875,42.986263275146484,539.1799926757812
2015-06-03,121.35089111328125,143.32162475585938,42.9221305847168,540.3099975585938
2015-06-04,120.64212799072266,142.02272033691406,42.473209381103516,536.7000122070312
2015-06-05,119.97996520996094,141.19610595703125,42.27165603637695,533.3300170898438
2015-06-08,119.187255859375,139.45858764648438,41.896034240722656,526.8300170898438
2015-06-09,118.83284759521484,139.74534606933594,41.82273864746094,526.6900024414062
2015-06-10,120.19447326660156,142.47821044921875,42.70225143432617,536.6900024414062
2015-06-11,119.92400360107422,142.36007690429688,42.54649353027344,534.6099853515625
2015-06-12,118.59971618652344,140.8502655029297,42.11590576171875,532.3300170898438
2015-06-15,118.36656188964844,140.23458862304688,41.666996002197266,527.2000122070312
2015-06-16,119.000732421875,140.72381591796875,41.98764419555664,528.1500244140625
2015-06-17,118.72093963623047,141.00213623046875,42.11590576171875,529.260009765625
2015-06-18,119.26187133789062,141.9130859375,42.80303192138672,536.72998046875
2015-06-19,118.0681381225586,140.8502655029297,42.235015869140625,536.6900024414062
2015-06-22,119.01006317138672,141.47447204589844,42.35411071777344,538.1900024414062
2015-06-23,118.46914672851562,142.22515869140625,42.060943603515625,540.47998046875
2015-06-24,119.47636413574219,140.8334197998047,41.81357955932617,537.8400268554688
2015-06-25,118.907470703125,140.08274841308594,41.82273864746094,535.22998046875
2015-06-26,118.2080078125,139.55982971191406,41.46543884277344,531.6900024414062
2015-06-29,116.13761901855469,137.45956420898438,40.65005111694336,521.52001953125
2015-06-30,116.97699737548828,137.1980743408203,40.448490142822266,520.510009765625
2015-07-01,118.0681381225586,138.74168395996094,40.723350524902344,521.8400268554688
2015-07-02,117.91891479492188,139.24771118164062,40.67753601074219,523.4000244140625
2015-07-06,117.50856018066406,138.9440460205078,40.66836929321289,522.8599853515625
2015-07-07,117.21944427490234,139.17181396484375,40.58591842651367,525.02001953125
2015-07-08,114.3097152709961,137.61984252929688,40.530941009521484,516.8300170898438
2015-07-09,111.97820281982422,138.20184326171875,40.787479400634766,520.6799926757812
2015-07-10,114.97186279296875,140.81655883789062,40.869930267333984,530.1300048828125
2015-07-13,117.19148254394531,142.8662109375,41.721961975097656,546.5499877929688
2015-07-14,117.14485168457031,142.21673583984375,41.795257568359375,561.0999755859375
2015-07-15,118.27330017089844,142.14926147460938,41.92351150512695,560.219970703125
2015-07-16,119.84941101074219,144.23260498046875,42.74805450439453,579.8499755859375
2015-07-17,120.88457489013672,145.50624084472656,42.71141052246094,672.9299926757812
2015-07-20,123.16950225830078,146.1051025390625,42.986263275146484,663.02001953125
2015-07-21,121.9384536743164,137.54393005371094,43.316078186035156,662.2999877929688
2015-07-22,116.7811508178711,135.2497100830078,41.721961975097656,662.0999755859375
2015-07-23,116.72517395019531,136.4136505126953,42.24417495727539,644.280029296875
2015-07-24,116.10964965820312,134.74362182617188,42.08842468261719,623.5599975585938
2015-07-27,114.4962387084961,134.1700439453125,41.54788589477539,627.260009765625
2015-07-28,115.06512451171875,134.99667358398438,41.538726806640625,628.0
2015-07-29,114.701416015625,135.87387084960938,42.40907287597656,631.9299926757812
2015-07-30,114.12319946289062,135.76422119140625,42.94961929321289,632.5900268554688
2015-07-31,113.12529754638672,136.6330108642578,42.784706115722656,625.6099853515625
2015-08-03,110.45806884765625,133.86639404296875,42.88549041748047,631.2100219726562
2015-08-04,106.91413116455078,132.93014526367188,43.55427932739258,629.25
2015-08-05,107.6229248046875,133.18319702148438,43.59092712402344,643.780029296875
2015-08-06,107.85712432861328,132.945068359375,42.71141052246094,642.6799926757812
2015-08-07,108.22248840332031,131.9245147705078,42.82135772705078,635.2999877929688
2015-08-10,112.15716552734375,133.310791015625,43.36188888549805,633.72998046875
2015-08-11,106.32073211669922,132.25621032714844,42.51901626586914,660.780029296875
2015-08-12,107.9601821899414,132.8090057373047,42.82135772705078,659.5599975585938
2015-08-13,107.87586975097656,131.8820037841797,42.812191009521484,656.4500122070312
2015-08-14,108.63469696044922,132.4603271484375,43.05955505371094,657.1199951171875
2015-08-17,109.75889587402344,132.93661499023438,43.35272216796875,660.8699951171875
2015-08-18,109.14057922363281,132.68145751953125,43.59250259399414,656.1300048828125
2015-08-19,107.74470520019531,130.92095947265625,42.983848571777344,660.9000244140625
2015-08-20,105.53379821777344,129.83236694335938,42.10774612426758,646.8300170898438
2015-08-21,99.07904815673828,126.59210205078125,39.71924591064453,612.47998046875
2015-08-24,96.60579681396484,122.01657104492188,38.43738555908203,589.6099853515625
2015-08-25,97.18665313720703,119.88191986083984,37.3215217590332,582.0599975585938
2015-08-26,102.76078796386719,124.76355743408203,39.38725280761719,628.6199951171875
2015-08-27,105.7867431640625,126.32840728759766,40.48468017578125,637.6099853515625
2015-08-28,106.13336944580078,125.8521957397461,40.51233673095703,630.3800048828125
2015-08-31,105.63684844970703,125.7756576538086,40.13423538208008,618.25
2015-09-01,100.91522979736328,121.3447036743164,38.566497802734375,597.7899780273438
2015-09-02,105.24337768554688,123.36032104492188,39.98668670654297,614.3400268554688
2015-09-03,103.39781188964844,124.83158874511719,40.115806579589844,606.25
2015-09-04,102.36729431152344,122.21215057373047,39.29503631591797,600.7000122070312
2015-09-08,105.21527099609375,125.21432495117188,40.4754524230957,614.6599731445312
2015-09-09,103.19171905517578,123.36032104492188,39.71924591064453,612.719970703125
2015-09-10,105.45884704589844,124.33834075927734,39.92213821411133,621.3499755859375
2015-09-11,106.9952392578125,125.33340454101562,40.09735107421875,625.77001953125
2015-09-14,108.02574920654297,123.87059783935547,39.69158935546875,623.239990234375
2015-09-15,108.93448638916016,125.4694595336914,40.5584602355957,635.1400146484375
2015-09-16,109.0562744140625,126.2178955078125,40.85355758666992,635.97998046875
2015-09-17,106.72356414794922,125.98824310302734,40.80744552612305,642.9000244140625
2015-09-18,106.28325653076172,122.90103912353516,40.09735107421875,629.25
2015-09-21,107.93206787109375,124.57649230957031,40.67833709716797,635.4400024414062
2015-09-22,106.23641204833984,122.83301544189453,40.48468017578125,622.6900024414062
2015-09-23,107.09829711914062,122.17814636230469,40.45700454711914,622.3599853515625
2015-09-24,107.7353515625,122.8160171508789,40.493896484375,625.7999877929688
2015-09-25,107.46365356445312,123.67497253417969,40.52156448364258,611.969970703125
2015-09-28,105.33704376220703,121.20861053466797,39.92213821411133,594.8900146484375
2015-09-29,102.17057037353516,121.16610717773438,40.06046676635742,594.969970703125
2015-09-30,103.33224487304688,123.29226684570312,40.8166618347168,608.4199829101562
2015-10-01,102.65772247314453,122.11865234375,41.13943862915039,611.2899780273438
2015-10-02,103.40719604492188,122.96060180664062,42.02475357055664,626.9099731445312
2015-10-05,103.78192138671875,126.75365447998047,43.00228500366211,641.469970703125
2015-10-06,104.27842712402344,126.53255462646484,43.112953186035156,645.4400024414062
2015-10-07,103.78192138671875,127.64666748046875,43.1590576171875,642.3599853515625
2015-10-08,102.5827865600586,129.5092010498047,43.75849914550781,639.1599731445312
2015-10-09,105.03726959228516,129.60275268554688,43.4449462890625,643.6099853515625
2015-10-12,104.55011749267578,128.5396270751953,43.343502044677734,646.6699829101562
2015-10-13,104.72813415527344,127.2469253540039,43.242061614990234,652.2999877929688
2015-10-14,103.24793243408203,127.57861328125,43.04840087890625,651.1599731445312
2015-10-15,104.79370880126953,127.64666748046875,43.352718353271484,661.739990234375
2015-10-16,104.02550506591797,127.90180206298828,43.8138313293457,662.2000122070312
2015-10-19,104.67191314697266,126.9067611694336,43.91526412963867,666.0999755859375
2015-10-20,106.58303833007812,119.60974884033203,44.05360412597656,650.280029296875
2015-10-21,106.57366180419922,119.84784698486328,43.5279426574707,642.6099853515625
2015-10-22,108.20376586914062,122.5438461303711,44.293365478515625,651.7899780273438
2015-10-23,111.55760192871094,123.04561614990234,48.75682830810547,702.0
2015-10-26,107.99764251708984,122.17814636230469,50.029476165771484,712.780029296875
2015-10-27,107.31378173828125,117.24545288085938,49.51303482055664,708.489990234375
2015-10-28,111.73558807373047,119.77132415771484,49.78047561645508,712.9500122070312
2015-10-29,112.91600799560547,119.53321075439453,49.20871353149414,716.9199829101562
2015-10-30,111.95108032226562,119.13348388671875,48.54472351074219,710.8099975585938
2015-11-02,113.52493286132812,119.38009643554688,49.09804153442383,721.1099853515625
2015-11-03,114.8271484375,120.6643295288086,49.93726348876953,722.1599731445312
2015-11-04,114.29315185546875,120.45171356201172,50.16780471801758,728.1099853515625
2015-11-05,113.76627349853516,118.97187042236328,50.14936065673828,731.25
2015-11-06,113.89797973632812,118.68001556396484,50.6473388671875,733.760009765625
2015-11-09,113.4369888305664,116.15619659423828,49.946475982666016,724.8900146484375
2015-11-10,109.86178588867188,116.2935562133789,49.3470458984375,728.3200073242188
2015-11-11,109.24082946777344,115.9072494506836,49.47615051269531,735.4000244140625
2015-11-12,108.8739013671875,114.20752716064453,49.17182540893555,731.22998046875
2015-11-13,105.6938705444336,113.10014343261719,48.729164123535156,717.0
2015-11-16,107.42501831054688,114.7826919555664,49.58681106567383,728.9600219726562
2015-11-17,106.96399688720703,114.87712860107422,49.178306579589844,725.2999877929688
2015-11-18,110.35104370117188,116.59400177001953,49.99531555175781,740.0
2015-11-19,111.75286102294922,117.38377380371094,50.07888412475586,738.4099731445312
2015-11-20,112.24211883544922,118.89461517333984,50.31098175048828,756.5999755859375
2015-11-23,110.7838134765625,118.86030578613281,50.31098175048828,755.97998046875
2015-11-24,111.84696197509766,118.98048400878906,50.36669158935547,748.280029296875
2015-11-25,111.0472412109375,118.46541595458984,49.84677505493164,748.1500244140625
2015-11-27,110.84026336669922,118.86030578613281,50.069583892822266,750.260009765625
2015-11-30,111.30127716064453,119.68441009521484,50.45952224731445,742.5999755859375
2015-12-01,110.3980712890625,121.28112030029297,51.26725769042969,767.0399780273438
2015-12-02,109.4007797241211,119.9247817993164,51.257972717285156,762.3800048828125
2015-12-03,108.38467407226562,119.25517272949219,50.32026290893555,752.5399780273438
2015-12-04,111.98808288574219,120.5514144897461,51.90785598754883,766.8099975585938
2015-12-07,111.28246307373047,119.79600524902344,51.81501770019531,763.25
2015-12-08,111.23541259765625,118.50836181640625,51.796451568603516,762.3699951171875
2015-12-09,108.77982330322266,117.27217864990234,51.044437408447266,751.6099853515625
2015-12-10,109.29728698730469,117.41810607910156,51.31366729736328,749.4600219726562
2015-12-11,106.48416900634766,115.52095031738281,50.19028854370117,738.8699951171875
2015-12-14,105.82557678222656,116.68842315673828,51.1929817199707,747.77001953125
2015-12-15,103.95331573486328,118.28512573242188,51.248680114746094,743.4000244140625
2015-12-16,104.75302124023438,119.57280731201172,52.11210632324219,758.0900268554688
2015-12-17,102.53265380859375,117.3923568725586,51.712890625,749.4299926757812
2015-12-18,99.75718688964844,115.80424499511719,50.25527572631836,739.3099975585938
2015-12-21,100.98026275634766,116.31930541992188,50.905174255371094,747.77001953125
2015-12-22,100.88618469238281,118.40531158447266,51.387943267822266,750.0
2015-12-23,102.18453216552734,118.92896270751953,51.82429885864258,750.3099975585938
2015-12-24,101.63886260986328,118.68001556396484,51.68503952026367,748.4000244140625
2015-12-28,100.50044250488281,118.1305923461914,51.94499588012695,762.510009765625
2015-12-29,102.30684661865234,119.99345397949219,52.502044677734375,776.5999755859375
2015-12-30,100.97087097167969,119.61573028564453,52.27922821044922,771.0
2015-12-31,99.03273010253906,118.13920593261719,51.508644104003906,758.8800048828125
2016-01-04,99.1174087524414,116.70561218261719,50.87731170654297,741.8400268554688
2016-01-05,96.63358306884766,116.6197738647461,51.10942077636719,742.5800170898438
2016-01-06,94.74248504638672,116.03604125976562,50.180999755859375,743.6199951171875
2016-01-07,90.74394226074219,114.05300903320312,48.43557357788086,726.3900146484375
2016-01-08,91.22377014160156,112.99711608886719,48.58412170410156,714.469970703125
2016-01-11,92.70086669921875,114.37062072753906,48.5562629699707,716.030029296875
2016-01-12,94.04627227783203,114.08734893798828,49.00191116333008,726.0700073242188
2016-01-13,91.62833404541016,112.60222625732422,47.94351577758789,700.5599975585938
2016-01-14,93.6323013305664,114.09593200683594,49.308292388916016,714.719970703125
2016-01-15,91.38371276855469,111.62358856201172,47.34004592895508,694.4500122070312
2016-01-19,90.94151306152344,109.97537994384766,46.940826416015625,701.7899780273438
2016-01-20,91.06382751464844,104.61011505126953,47.15435791015625,698.4500122070312
2016-01-21,90.6028060913086,105.51148223876953,46.866546630859375,706.5900268554688
2016-01-22,95.41991424560547,105.15951538085938,48.546993255615234,725.25
2016-01-25,93.55706024169922,104.79896545410156,48.08277893066406,711.6699829101562
2016-01-26,94.07450866699219,105.23677062988281,48.43557357788086,713.0399780273438
2016-01-27,87.89318084716797,103.83750915527344,47.553585052490234,699.989990234375
2016-01-28,88.52355194091797,104.91915893554688,48.33345031738281,730.9600219726562
2016-01-29,91.58126068115234,107.12535095214844,51.14655685424805,742.9500122070312
2016-02-01,90.72512817382812,107.15970611572266,50.79375457763672,752.0
2016-02-02,88.89047241210938,105.5372543334961,49.20616149902344,764.6500244140625
2016-02-03,90.64984130859375,107.06527709960938,48.42628860473633,726.9500122070312
2016-02-04,91.37821960449219,109.58050537109375,48.27774429321289,708.010009765625
2016-02-05,88.93768310546875,110.37030029296875,46.5694580078125,683.5700073242188
2016-02-08,89.87418365478516,110.11878967285156,45.873138427734375,682.739990234375
2016-02-09,89.85525512695312,107.5951919555664,45.7524528503418,678.1099853515625
2016-02-10,89.1741714477539,104.23040771484375,46.151668548583984,684.1199951171875
2016-02-11,88.6349868774414,102.20111083984375,46.13309860229492,683.1099853515625
2016-02-12,88.90930938720703,104.96753692626953,46.88511657714844,682.4000244140625
2016-02-16,91.41607666015625,106.4417953491211,47.77344512939453,691.0
2016-02-17,92.8160629272461,109.35563659667969,49.017112731933594,708.4000244140625
2016-02-18,91.05661010742188,114.86244201660156,48.802032470703125,697.3499755859375
2016-02-19,90.84849548339844,115.40878295898438,48.456058502197266,700.9099731445312
2016-02-22,91.6430892944336,116.00717163085938,49.232173919677734,706.4600219726562
2016-02-23,89.57146453857422,114.81908416748047,47.85760498046875,695.8499755859375
2016-02-24,90.90525817871094,115.16596221923828,48.02592086791992,699.5599975585938
2016-02-25,91.52957916259766,116.6402359008789,48.717872619628906,705.75
2016-02-26,91.67146301269531,114.49820709228516,47.969810485839844,705.0700073242188
2016-02-29,91.4633560180664,113.6310043334961,47.57707595825195,697.77001953125
2016-03-01,95.09579467773438,116.5274887084961,49.166725158691406,718.8099975585938
2016-03-02,95.30389404296875,118.20121002197266,49.51270294189453,718.8499755859375
2016-03-03,96.01335144042969,119.50201416015625,48.9516487121582,712.4199829101562
2016-03-04,97.44171142578125,119.50201416015625,48.65242385864258,710.8900146484375
2016-03-07,96.36335754394531,121.53998565673828,47.71733856201172,695.1599731445312
2016-03-08,95.56875610351562,120.6033935546875,48.297096252441406,693.969970703125
2016-03-09,95.6539077758789,121.76546478271484,49.409847259521484,705.239990234375
2016-03-10,95.70118713378906,121.5746841430664,48.67112731933594,712.8200073242188
2016-03-11,96.73226928710938,123.45653533935547,49.624916076660156,726.8200073242188
2016-03-14,96.97822570800781,123.82074737548828,49.71842575073242,730.489990234375
2016-03-15,98.92686462402344,123.97685241699219,50.11115646362305,728.3300170898438
2016-03-16,100.24172973632812,125.56387329101562,50.82181930541992,736.0900268554688
2016-03-17,100.08091735839844,127.51509094238281,51.111690521240234,737.780029296875
2016-03-18,100.19441223144531,127.5584487915039,50.01764678955078,737.5999755859375
2016-03-21,100.18497467041016,128.8939666748047,50.36363220214844,742.0900268554688
2016-03-22,100.95118713378906,128.43435668945312,50.55999755859375,740.75
2016-03-23,100.39307403564453,126.09285736083984,50.466487884521484,738.0599975585938
2016-03-24,99.95793151855469,128.30426025390625,50.690914154052734,735.2999877929688
2016-03-28,99.50389099121094,128.69448852539062,50.06440734863281,733.530029296875
2016-03-29,101.85929107666016,129.50100708007812,51.158447265625,744.77001953125
2016-03-30,103.63765716552734,128.70318603515625,51.47637939453125,750.530029296875
2016-03-31,103.0984878540039,131.3395233154297,51.64469909667969,744.9500122070312
2016-04-01,104.04441833496094,132.26742553710938,51.96262741088867,749.9099731445312
2016-04-04,105.11334991455078,131.87716674804688,51.83171463012695,745.2899780273438
2016-04-05,103.87413024902344,130.08200073242188,51.018184661865234,737.7999877929688
2016-04-06,104.96198272705078,130.09939575195312,51.54182434082031,745.6900024414062
2016-04-07,102.67280578613281,128.56443786621094,50.924678802490234,740.280029296875
2016-04-08,102.78631591796875,129.51837158203125,50.88727569580078,739.1500244140625
2016-04-11,103.1268310546875,129.43162536621094,50.784423828125,736.0999755859375
2016-04-12,104.47010803222656,129.7611541748047,51.10234451293945,743.0900268554688
2016-04-13,105.9836196899414,131.14871215820312,51.75690460205078,751.719970703125
2016-04-14,106.04035186767578,131.0880126953125,51.766258239746094,753.2000122070312
2016-04-15,103.91199493408203,131.5736541748047,52.037437438964844,759.0
2016-04-18,101.67009735107422,132.27609252929688,52.79485321044922,766.6099853515625
2016-04-19,101.13091278076172,124.8787841796875,52.72938919067383,753.9299926757812
2016-04-20,101.33901977539062,126.70858764648438,51.981327056884766,752.6699829101562
2016-04-21,100.24172973632812,129.4749755859375,52.15898895263672,759.1400146484375
2016-04-22,99.96739959716797,128.7812042236328,48.41865158081055,718.77001953125
2016-04-25,99.39984130859375,129.05007934570312,48.727230072021484,723.1500244140625
2016-04-26,98.70928192138672,129.28421020507812,48.10073471069336,708.1400146484375
2016-04-27,92.53227233886719,130.48965454101562,47.633182525634766,705.8400268554688
2016-04-28,89.70391845703125,127.54113006591797,46.66069412231445,691.02001953125
2016-04-29,88.6728286743164,126.56114959716797,46.63264083862305,693.010009765625
2016-05-02,88.57823181152344,125.98011779785156,47.324607849121094,698.2100219726562
2016-05-03,90.03498840332031,124.99150848388672,46.54848098754883,692.3599853515625
2016-05-04,89.09850311279297,125.09556579589844,46.63264083862305,695.7000122070312
2016-05-05,88.73684692382812,127.0207748413086,46.69810485839844,701.4299926757812
2016-05-06,88.24197387695312,128.96453857421875,47.1188850402832,711.1199951171875
2016-05-09,88.30860137939453,130.24636840820312,46.81966018676758,712.9000244140625
2016-05-10,88.90814208984375,132.57122802734375,47.7079963684082,723.1799926757812
2016-05-11,88.04212188720703,131.66952514648438,47.736045837402344,715.2899780273438
2016-05-12,85.97691345214844,131.5723419189453,48.16617965698242,713.3099975585938
2016-05-13,86.1482162475586,130.5822296142578,47.76409912109375,710.8300170898438
2016-05-16,89.34595489501953,132.1204071044922,48.46540832519531,716.489990234375
2016-05-17,88.97476959228516,130.8297576904297,47.56144714355469,706.22998046875
2016-05-18,89.99310302734375,130.24636840820312,47.84394073486328,706.6300048828125
2016-05-19,89.65047454833984,128.1159210205078,47.382537841796875,700.3200073242188
2016-05-20,90.62122344970703,130.16677856445312,47.66502380371094,709.739990234375
2016-05-23,91.77278137207031,129.74246215820312,47.109466552734375,704.239990234375
2016-05-24,93.17178344726562,131.10382080078125,48.578407287597656,720.0900268554688
2016-05-25,94.80873107910156,134.09165954589844,49.07746505737305,725.27001953125
2016-05-26,95.56058502197266,134.7546844482422,48.86088562011719,724.1199951171875
2016-05-27,95.50345611572266,135.1082763671875,49.26578903198242,732.6599731445312
2016-05-31,95.03711700439453,135.9038543701172,49.90609359741211,735.719970703125
2016-06-01,93.70474243164062,134.81654357910156,49.76484680175781,734.1500244140625
2016-06-02,93.00049591064453,135.69168090820312,49.41645812988281,730.4000244140625
2016-06-03,93.19083404541016,135.1524658203125,48.76673126220703,722.3400268554688
2016-06-06,93.86653137207031,135.0110321044922,49.086883544921875,716.5499877929688
2016-06-07,94.2472152709961,135.5414276123047,49.058624267578125,716.6500244140625
2016-06-08,94.16155242919922,136.1336669921875,49.00213623046875,728.280029296875
2016-06-09,94.83727264404297,135.6209716796875,48.606651306152344,728.5800170898438
2016-06-10,94.05687713623047,134.69277954101562,48.474822998046875,719.4099731445312
2016-06-13,92.63883972167969,133.72923278808594,47.213043212890625,718.3599853515625
2016-06-14,92.75303649902344,133.53475952148438,46.92115020751953,718.27001953125
2016-06-15,92.4485092163086,133.1988525390625,46.78932189941406,718.9199829101562
2016-06-16,92.83869934082031,133.53475952148438,47.448448181152344,710.3599853515625
2016-06-17,90.72591400146484,134.3568878173828,47.203636169433594,691.719970703125
2016-06-20,90.50701904296875,135.7889404296875,47.147132873535156,693.7100219726562
2016-06-21,91.27789306640625,136.17788696289062,48.20175552368164,695.9400024414062
2016-06-22,90.93529510498047,135.1790008544922,48.01343536376953,697.4600219726562
2016-06-23,91.45873260498047,137.32705688476562,48.879722595214844,701.8699951171875
2016-06-24,88.88912963867188,129.58335876464844,46.92115020751953,675.219970703125
2016-06-27,87.59481048583984,126.85184478759766,45.602867126464844,668.260009765625
2016-06-28,89.06995391845703,128.79661560058594,46.55391311645508,680.0399780273438
2016-06-29,89.8408432006836,131.23638916015625,47.58970642089844,684.1099853515625
2016-06-30,90.98287963867188,134.17123413085938,48.18292236328125,692.0999755859375
2016-07-01,91.25886535644531,134.67510986328125,48.17350387573242,699.2100219726562
2016-07-05,90.40233612060547,134.0828399658203,48.18292236328125,694.9500122070312
2016-07-06,90.91625213623047,134.69277954101562,48.38066482543945,697.77001953125
2016-07-07,91.30645751953125,134.89608764648438,48.38066482543945,695.3599853515625
2016-07-08,92.01070404052734,136.54029846191406,49.24695587158203,705.6300048828125
2016-07-11,92.29621887207031,137.30941772460938,49.52003479003906,715.0900268554688
2016-07-12,92.71497344970703,138.8209991455078,50.103843688964844,720.6400146484375
2016-07-13,92.19153594970703,139.68731689453125,50.386322021484375,716.97998046875
2016-07-14,94.01880645751953,141.68511962890625,50.60289001464844,720.9500122070312
2016-07-15,94.0093002319336,141.2431182861328,50.56523513793945,719.8499755859375
2016-07-18,95.00858306884766,141.3138427734375,50.81005096435547,733.780029296875
2016-07-19,95.0466537475586,141.0663299560547,49.990840911865234,736.9600219726562
2016-07-20,95.13229370117188,142.63983154296875,52.646217346191406,741.1900024414062
2016-07-21,94.6279067993164,141.83538818359375,52.54264450073242,738.6300048828125
2016-07-22,93.89508819580078,143.26744079589844,53.26769256591797,742.739990234375
2016-07-25,92.63883972167969,143.7801513671875,53.41835021972656,739.77001953125
2016-07-26,92.00119018554688,143.31161499023438,53.44660186767578,738.4199829101562
2016-07-27,97.97789001464844,143.0552978515625,52.909873962402344,741.77001953125
2016-07-28,99.30075073242188,142.64865112304688,52.9287109375,745.9099731445312
2016-07-29,99.17703247070312,141.98565673828125,53.371273040771484,768.7899780273438
2016-08-01,100.92817687988281,142.71939086914062,53.27710723876953,772.8800048828125
2016-08-02,99.43401336669922,141.9503173828125,53.27710723876953,771.0700073242188
2016-08-03,100.68074035644531,142.02984619140625,53.64434051513672,773.1799926757812
2016-08-04,101.30270385742188,142.80775451660156,54.03982925415039,771.6099853515625
2016-08-05,102.8432388305664,144.53155517578125,54.5765495300293,782.219970703125
2016-08-08,103.6948471069336,144.47802734375,54.670711517333984,781.760009765625
2016-08-09,104.1158447265625,144.23731994628906,54.80254364013672,784.260009765625
2016-08-10,103.34081268310547,144.51368713378906,54.633052825927734,784.6799926757812
2016-08-11,103.27381896972656,145.80654907226562,54.896705627441406,784.8499755859375
2016-08-12,103.5130386352539,144.3977813720703,54.55772018432617,783.219970703125
2016-08-15,104.7569580078125,144.33538818359375,54.727210998535156,782.4400024414062
2016-08-16,104.66126251220703,143.2832489013672,54.424007415771484,777.1400146484375
2016-08-17,104.50817108154297,143.05145263671875,54.53771209716797,779.9099731445312
2016-08-18,104.37422180175781,143.87176513671875,54.57561492919922,777.5
2016-08-19,104.64212799072266,142.69479370117188,54.59455871582031,775.4199829101562
2016-08-22,103.82880401611328,142.6591339111328,54.641929626464844,772.1500244140625
2016-08-23,104.15412902832031,142.89096069335938,54.850379943847656,772.0800170898438
2016-08-24,103.36951446533203,141.81210327148438,54.907230377197266,769.6400146484375
2016-08-25,102.9293441772461,141.43760681152344,55.11567687988281,769.4099731445312
2016-08-26,102.3265151977539,141.16123962402344,54.9830322265625,769.5399780273438
2016-08-29,102.2116928100586,142.4094696044922,55.049354553222656,772.1500244140625
2016-08-30,101.4271011352539,142.12416076660156,54.850379943847656,769.0900268554688
2016-08-31,101.52276611328125,141.6605224609375,54.44296646118164,767.0499877929688
2016-09-01,102.12559509277344,142.24900817871094,54.56613540649414,768.780029296875
2016-09-02,103.08244323730469,142.25791931152344,54.641929626464844,771.4600219726562
2016-09-06,103.05374145507812,142.97120666503906,54.58509063720703,780.0800170898438
2016-09-07,103.68527221679688,144.1214141845703,54.63246154785156,780.3499755859375
2016-09-08,100.96778106689453,141.7675018310547,54.41453170776367,775.3200073242188
2016-09-09,98.68089294433594,138.81626892089844,53.25859832763672,759.6599731445312
2016-09-12,100.89124298095703,141.1344757080078,54.05449295043945,769.02001953125
2016-09-13,103.29295349121094,138.92323303222656,53.561798095703125,759.6900024414062
2016-09-14,106.94816589355469,137.35400390625,53.305973052978516,762.489990234375
2016-09-15,110.58421325683594,138.78952026367188,54.187137603759766,771.760009765625
2016-09-16,109.9622802734375,137.16676330566406,54.243995666503906,768.8800048828125
2016-09-19,108.6800765991211,138.08514404296875,53.940792083740234,765.7000122070312
2016-09-20,108.67049407958984,137.7106475830078,53.82708740234375,771.4099731445312
2016-09-21,108.6513671875,138.6736297607422,54.72721481323242,776.219970703125
2016-09-22,109.67520904541016,139.1907501220703,54.7840576171875,787.2100219726562
2016-09-23,107.84761810302734,138.18321228027344,54.41453170776367,786.9000244140625
2016-09-26,108.0102767944336,137.29159545898438,53.91237258911133,774.2100219726562
2016-09-27,108.21121978759766,139.7792205810547,54.907230377197266,783.010009765625
2016-09-28,109.03411865234375,141.1344757080078,54.9830322265625,781.5599975585938
2016-09-29,107.34048461914062,140.97401428222656,54.38611602783203,775.010009765625
2016-09-30,108.1729507446289,141.63380432128906,54.57561492919922,777.2899780273438
2016-10-03,107.66580963134766,140.52818298339844,54.405059814453125,772.5599975585938
2016-10-04,108.1250991821289,139.50283813476562,54.23451614379883,776.4299926757812
2016-10-05,108.1729507446289,140.0556182861328,54.61351013183594,776.469970703125
2016-10-06,108.97669982910156,139.87730407714844,54.70825958251953,776.8599853515625
2016-10-07,109.1393814086914,138.7984161376953,54.765106201171875,775.0800170898438
2016-10-10,111.04352569580078,140.00210571289062,54.99250411987305,785.9400024414062
2016-10-11,111.28274536132812,138.01380920410156,54.187137603759766,783.0700073242188
2016-10-12,112.27786254882812,137.56797790527344,54.1113395690918,786.1400146484375
2016-10-13,111.93339538574219,137.05975341796875,53.93132019042969,778.1900024414062
2016-10-14,112.55535125732422,137.7106475830078,54.405059814453125,778.530029296875
2016-10-17,112.47882080078125,137.99598693847656,54.21556091308594,779.9600219726562
2016-10-18,112.40227508544922,134.38490295410156,54.63246154785156,795.260009765625
2016-10-19,112.06737518310547,134.8664093017578,54.509281158447266,801.5
2016-10-20,112.00994110107422,135.09820556640625,54.243995666503906,796.969970703125
2016-10-21,111.56978607177734,133.41302490234375,56.52744674682617,799.3699951171875
2016-10-24,112.57450103759766,134.2511749267578,57.797088623046875,813.1099853515625
2016-10-25,113.14859771728516,134.52757263183594,57.787620544433594,807.6699829101562
2016-10-26,110.60335540771484,135.3567657470703,57.44651412963867,799.0700073242188
2016-10-27,109.541259765625,136.72988891601562,56.944339752197266,795.3499755859375
2016-10-28,108.81404113769531,136.07008361816406,56.726417541503906,795.3699951171875
2016-10-31,108.64179992675781,137.03302001953125,56.773799896240234,784.5399780273438
2016-11-01,106.68023681640625,136.23056030273438,56.660099029541016,783.6099853515625
2016-11-02,106.77592468261719,135.4816131591797,56.30952072143555,768.7000122070312
2016-11-03,105.63142395019531,135.8560791015625,56.10107421875,762.1300048828125
2016-11-04,104.67926025390625,135.90957641601562,55.62732696533203,762.02001953125
2016-11-07,106.18925476074219,138.84303283691406,57.24753952026367,782.52001953125
2016-11-08,106.81440734863281,139.60777282714844,57.29491424560547,790.510009765625
2016-11-09,106.64128112792969,139.28384399414062,57.01066589355469,785.3099975585938
2016-11-10,103.66938781738281,144.15127563476562,55.61785888671875,762.5599975585938
2016-11-11,104.28494262695312,145.09600830078125,55.92105484008789,754.02001953125
2016-11-14,101.6689224243164,142.34286499023438,55.06830596923828,736.0800170898438
2016-11-15,103.0154037475586,142.75674438476562,56.1557502746582,758.489990234375
2016-11-16,105.7853012084961,143.3145294189453,56.89978790283203,764.47998046875
2016-11-17,105.74681854248047,143.77340698242188,57.84414291381836,771.22998046875
2016-11-18,105.85263061523438,144.30426025390625,57.56751251220703,760.5399780273438
2016-11-21,107.45879364013672,146.44552612304688,58.05399703979492,769.2000122070312
2016-11-22,107.52611541748047,146.35557556152344,58.302005767822266,768.27001953125
2016-11-23,106.97789764404297,145.7347869873047,57.615211486816406,760.989990234375
2016-11-25,107.51649475097656,146.7784423828125,57.73920440673828,761.6799926757812
2016-11-28,107.3049087524414,148.02000427246094,57.815521240234375,768.239990234375
2016-11-29,107.19910430908203,147.1293182373047,58.27338790893555,770.8400268554688
2016-11-30,106.29503631591797,145.95071411132812,57.48165512084961,758.0399780273438
2016-12-01,105.30441284179688,143.79141235351562,56.470523834228516,747.9199829101562
2016-12-02,105.69873809814453,143.97134399414062,56.51822280883789,750.5
2016-12-05,104.9389419555664,143.80941772460938,57.44350814819336,762.52001953125
2016-12-06,105.74681854248047,144.26824951171875,57.185951232910156,759.1099853515625
2016-12-07,106.78553771972656,148.26295471191406,58.54048538208008,771.1900024414062
2016-12-08,107.83386993408203,148.77577209472656,58.197078704833984,776.4199829101562
2016-12-09,109.59391784667969,149.8194580078125,59.112815856933594,789.2899780273438
2016-12-12,108.96875762939453,148.90174865722656,59.30359649658203,789.27001953125
2016-12-13,110.7865219116211,151.41192626953125,60.07624816894531,796.0999755859375
2016-12-14,110.7865219116211,151.60986328125,59.79008102416992,797.0700073242188
2016-12-15,111.39242553710938,151.1690216064453,59.69469451904297,797.8499755859375
2016-12-16,111.53671264648438,150.00839233398438,59.42759704589844,790.7999877929688
2016-12-19,112.18109130859375,149.96337890625,60.686744689941406,794.2000122070312
2016-12-20,112.4792251586914,150.79116821289062,60.61043167114258,796.4199829101562
2016-12-21,112.58502960205078,150.54820251464844,60.61043167114258,794.5599975585938
2016-12-22,111.84447479248047,150.30526733398438,60.619972229003906,791.260009765625
2016-12-23,112.065673828125,149.9904022216797,60.32426452636719,789.9099731445312
2016-12-27,112.77738952636719,150.37725830078125,60.36241912841797,791.5499877929688
2016-12-28,112.29650115966797,149.5225372314453,60.085784912109375,785.0499877929688
2016-12-29,112.26764678955078,149.89141845703125,59.99993896484375,782.7899780273438
2016-12-30,111.39242553710938,149.3426055908203,59.27497482299805,771.8200073242188
2017-01-03,111.70983123779297,150.42227172851562,59.69469451904297,786.1400146484375
2017-01-04,111.58477783203125,152.28465270996094,59.42759704589844,786.9000244140625
2017-01-05,112.15222930908203,151.7808074951172,59.42759704589844,794.02001953125
2017-01-06,113.40254211425781,152.52757263183594,59.94270324707031,806.1500244140625
2017-01-09,114.44124603271484,150.83612060546875,59.751922607421875,806.6500244140625
2017-01-10,114.55665588378906,148.91973876953125,59.73284912109375,804.7899780273438
2017-01-11,115.17219543457031,150.92608642578125,60.27656555175781,807.9099731445312
2017-01-12,114.6913070678711,151.10604858398438,59.72331237792969,806.3599853515625
2017-01-13,114.48933410644531,150.5572052001953,59.809165954589844,807.8800048828125
2017-01-17,115.41264343261719,151.0520477294922,59.646995544433594,804.6099853515625
2017-01-18,115.40300750732422,150.07135009765625,59.618385314941406,806.0700073242188
2017-01-19,115.2010498046875,150.08035278320312,59.42759704589844,802.1749877929688
2017-01-20,115.41264343261719,153.4452667236328,59.847320556640625,805.02001953125
2017-01-23,115.48957824707031,153.8771209716797,60.05717086791992,819.3099975585938
2017-01-24,115.3837890625,158.2587127685547,60.59135818481445,823.8699951171875
2017-01-25,117.22077941894531,160.4090118408203,60.743980407714844,835.6699829101562
2017-01-26,117.27848815917969,160.7418975830078,61.306766510009766,832.1500244140625
2017-01-27,117.28810119628906,159.51828002929688,62.747161865234375,823.3099975585938
2017-01-30,116.9803237915039,158.16876220703125,62.12711715698242,802.3200073242188
2017-01-31,116.71102905273438,157.01710510253906,61.66925811767578,796.7899780273438
2017-02-01,123.8281478881836,156.8101806640625,60.648590087890625,795.6950073242188
2017-02-02,123.61656188964844,157.0711212158203,60.25748825073242,798.530029296875
2017-02-03,124.14553833007812,158.18675231933594,60.743980407714844,801.489990234375
2017-02-06,125.30927276611328,158.2227020263672,60.70582580566406,801.3400268554688
2017-02-07,126.50186157226562,160.56198120117188,60.5055046081543,806.969970703125
2017-02-08,126.99235534667969,159.75489807128906,60.419654846191406,808.3800048828125
2017-02-09,127.90999603271484,160.69801330566406,61.1064567565918,809.5599975585938
2017-02-10,127.62022399902344,162.031005859375,61.049224853515625,813.6699829101562
2017-02-13,128.7503662109375,162.64764404296875,61.73603439331055,819.239990234375
2017-02-14,130.4214630126953,163.3459014892578,61.96635055541992,820.4500122070312
2017-02-15,130.894775390625,164.75149536132812,61.92796325683594,818.97998046875
2017-02-16,130.74021911621094,164.52476501464844,61.918365478515625,824.1599731445312
2017-02-17,131.09762573242188,163.83560180664062,62.01433181762695,828.0700073242188
2017-02-21,132.04425048828125,163.4638214111328,61.88957595825195,831.6599731445312
2017-02-22,132.44029235839844,164.27085876464844,61.76482009887695,830.760009765625
2017-02-23,131.8800506591797,164.7242889404297,62.01433181762695,831.3300170898438
2017-02-24,132.005615234375,164.4522247314453,62.01433181762695,828.6400146484375
2017-02-27,132.26641845703125,162.6839141845703,61.64006423950195,829.280029296875
2017-02-28,132.32437133789062,163.0648193359375,61.400142669677734,823.2100219726562
2017-03-01,135.0289764404297,164.99635314941406,62.32143783569336,835.239990234375
2017-03-02,134.227294921875,163.70863342285156,61.42892837524414,830.6300048828125
2017-03-03,135.01934814453125,163.27337646484375,61.65924835205078,829.0800170898438
2017-03-06,134.59432983398438,163.6542510986328,61.678443908691406,827.780029296875
2017-03-07,134.76820373535156,163.57260131835938,61.8032112121582,831.9099731445312
2017-03-08,134.2659149169922,162.72926330566406,62.36941146850586,835.3699951171875
2017-03-09,133.95680236816406,160.6707763671875,62.11989212036133,838.6799926757812
2017-03-10,134.40115356445312,161.26022338867188,62.31182861328125,843.25
2017-03-13,134.45909118652344,160.0178680419922,62.100704193115234,845.5399780273438
2017-03-14,134.25625610351562,159.34681701660156,61.812801361083984,845.6199951171875
2017-03-15,135.6761932373047,159.42843627929688,62.13909149169922,847.2000122070312
2017-03-16,135.8983612060547,160.7251739501953,62.033531188964844,848.780029296875
2017-03-17,135.22222900390625,159.28334045410156,62.25425338745117,852.1199951171875
2017-03-20,136.6421356201172,159.3286895751953,62.31182861328125,848.4000244140625
2017-03-21,135.07730102539062,157.6782989501953,61.62086868286133,830.4600219726562
2017-03-22,136.60350036621094,158.49441528320312,62.407798767089844,829.5900268554688
2017-03-23,136.12051391601562,158.5307159423828,62.25425338745117,817.5800170898438
2017-03-24,135.8500518798828,157.6329345703125,62.35982131958008,814.4299926757812
2017-03-27,136.08187866210938,157.57852172851562,62.4749755859375,819.510009765625
2017-03-28,138.90245056152344,158.2495574951172,62.65731430053711,820.9199829101562
2017-03-29,139.21156311035156,157.7327117919922,62.83005142211914,831.4099731445312
2017-03-30,139.02801513671875,157.66014099121094,63.06039047241211,831.5
2017-03-31,138.76719665527344,157.91403198242188,63.204322814941406,829.5599975585938
2017-04-03,138.8058319091797,158.24050903320312,62.906837463378906,838.5499877929688
2017-04-04,139.83937072753906,158.25863647460938,63.07958221435547,834.5700073242188
2017-04-05,139.11495971679688,156.77145385742188,62.91642761230469,831.4099731445312
2017-04-06,138.76719665527344,156.38150024414062,63.07958221435547,827.8800048828125
2017-04-07,138.45809936523438,156.10040283203125,63.0316047668457,824.6699829101562
2017-04-10,138.2938995361328,155.24798583984375,62.887638092041016,824.72998046875
2017-04-11,136.80636596679688,154.68577575683594,62.839656829833984,823.3499755859375
2017-04-12,136.97056579589844,154.75828552246094,62.599735260009766,824.3200073242188
2017-04-13,136.24610900878906,153.7335968017578,62.33102035522461,823.5599975585938
2017-04-17,136.99951171875,155.1573028564453,62.839656829833984,837.1699829101562
2017-04-18,136.39100646972656,154.2051544189453,62.753292083740234,836.8200073242188
2017-04-19,135.88868713378906,146.62411499023438,62.41740417480469,838.2100219726562
2017-04-20,137.58877563476562,147.17727661132812,62.85885238647461,841.6500244140625
2017-04-21,137.42454528808594,145.43617248535156,63.722557067871094,843.1900024414062
2017-04-24,138.74789428710938,145.77169799804688,64.80699157714844,862.760009765625
2017-04-25,139.6075897216797,145.4452667236328,65.18126678466797,872.2999877929688
2017-04-26,138.78652954101562,145.14598083496094,65.09489440917969,871.72998046875
2017-04-27,138.8927764892578,145.3817596435547,65.51715087890625,874.25
2017-04-28,138.75753784179688,145.35455322265625,65.69949340820312,905.9600219726562
2017-05-01,141.5877685546875,144.03965759277344,66.61119842529297,912.5700073242188
2017-05-02,142.48609924316406,144.27545166015625,66.50562286376953,916.4400024414062
2017-05-03,142.05142211914062,143.84922790527344,66.29450225830078,927.0399780273438
2017-05-04,141.53945922851562,144.23011779785156,66.0353775024414,931.6599731445312
2017-05-05,143.88671875,140.60281372070312,66.21771240234375,927.1300048828125
2017-05-08,147.79876708984375,140.12664794921875,66.16014099121094,934.2999877929688
2017-05-09,148.74539184570312,139.28421020507812,66.25611877441406,932.1699829101562
2017-05-10,148.0402374267578,138.4967498779297,66.51522064208984,928.780029296875
2017-05-11,149.320556640625,137.9473419189453,65.69949340820312,930.5999755859375
2017-05-12,151.4059295654297,137.69093322753906,65.62271118164062,932.219970703125
2017-05-15,151.01792907714844,138.7348175048828,65.67070007324219,937.0800170898438
2017-05-16,150.79483032226562,140.72183227539062,66.99300384521484,943.0
2017-05-17,145.73182678222656,138.20372009277344,65.13020324707031,919.6199951171875
2017-05-18,147.9529266357422,138.06637573242188,65.35218811035156,930.239990234375
2017-05-19,148.45730590820312,139.1652069091797,65.33290100097656,934.010009765625
2017-05-22,149.35935974121094,139.76953125,66.06641387939453,941.8599853515625
2017-05-23,149.17507934570312,139.2109832763672,66.28842163085938,948.8200073242188
2017-05-24,148.7288818359375,139.65049743652344,66.37527465820312,954.9600219726562
2017-05-25,149.24295043945312,140.28233337402344,67.19569396972656,969.5399780273438
2017-05-26,148.9907684326172,139.63218688964844,67.52384185791016,971.469970703125
2017-05-30,149.04896545410156,138.93624877929688,67.95817565917969,975.8800048828125
2017-05-31,148.1663360595703,139.76040649414062,67.40802764892578,964.8599853515625
2017-06-01,148.5736846923828,139.79701232910156,67.65896606445312,966.9500122070312
2017-06-02,150.7754364013672,139.22927856445312,69.26117706298828,975.5999755859375
2017-06-05,149.30111694335938,139.55894470214844,69.76305389404297,983.6799926757812
2017-06-06,149.80551147460938,139.5222930908203,69.99468994140625,976.5700073242188
2017-06-07,150.69786071777344,138.24951171875,69.8692398071289,980.9400024414062
2017-06-08,150.3292694091797,139.27505493164062,69.44454956054688,983.4099731445312
2017-06-09,144.5,141.1064453125,67.87129974365234,949.8300170898438
2017-06-12,141.0470428466797,142.09535217285156,67.35011291503906,942.9000244140625
2017-06-13,142.1818389892578,141.24378967285156,68.1898193359375,953.4000244140625
2017-06-14,140.7948760986328,140.84088134765625,67.82305908203125,950.760009765625
2017-06-15,139.95101928710938,141.21632385253906,67.4659423828125,942.3099975585938
2017-06-16,137.99179077148438,142.2785186767578,67.56245422363281,939.780029296875
2017-06-19,141.93939208984375,141.78404235839844,68.40216064453125,957.3699951171875
2017-06-20,140.64938354492188,141.884765625,67.4755859375,950.6300048828125
2017-06-21,141.4835205078125,140.82257080078125,67.82305908203125,959.4500122070312
2017-06-22,141.25076293945312,141.38113403320312,67.81340026855469,957.0900268554688
2017-06-23,141.88121032714844,141.11561584472656,68.73030853271484,965.5900268554688
2017-06-26,141.43504333496094,142.1411590576172,68.07400512695312,952.27001953125
2017-06-27,139.40786743164062,141.70162963867188,66.79996490478516,927.3300170898438
2017-06-28,141.44471740722656,142.2235870361328,67.36943054199219,940.489990234375
2017-06-29,139.35935974121094,141.13392639160156,66.10503387451172,917.7899780273438
2017-06-30,139.68914794921875,140.85919189453125,66.52970886230469,908.72998046875
2017-07-03,139.18479919433594,142.4616241455078,65.79617309570312,898.7000122070312
2017-07-05,139.75704956054688,140.7126922607422,66.67449951171875,911.7100219726562
2017-07-06,138.43795776367188,139.51316833496094,66.1822509765625,906.6900024414062
2017-07-07,139.84432983398438,140.04425048828125,67.04125213623047,918.5900268554688
2017-07-10,140.69789123535156,140.48374938964844,67.54315948486328,928.7999877929688
2017-07-11,141.15374755859375,140.27316284179688,67.55280303955078,930.0900268554688
2017-07-12,141.35745239257812,140.7401580810547,68.67241668701172,943.8300170898438
2017-07-13,143.3263702392578,140.67608642578125,69.27080535888672,947.1599731445312
2017-07-14,144.55819702148438,141.23463439941406,70.24564361572266,955.989990234375
2017-07-17,145.06256103515625,140.10833740234375,70.79579162597656,953.4199829101562
2017-07-18,145.56692504882812,141.01486206054688,70.74754333496094,965.4000244140625
2017-07-19,146.4786834716797,135.09039306640625,71.28803253173828,970.8900146484375
2017-07-20,145.81907653808594,135.20945739746094,71.63550567626953,968.1500244140625
2017-07-21,145.75123596191406,134.6783447265625,71.22047424316406,972.9199829101562
2017-07-24,147.51649475097656,133.68028259277344,71.03709411621094,980.3400268554688
2017-07-25,148.14694213867188,133.86341857910156,71.6065444946289,950.7000122070312
2017-07-26,148.84530639648438,133.1033935546875,71.47142028808594,947.7999877929688
2017-07-27,146.03250122070312,132.83786010742188,70.6124267578125,934.0900268554688
2017-07-28,145.00437927246094,132.12359619140625,70.49658966064453,941.530029296875
2017-07-31,144.25750732421875,132.4715576171875,70.16842651367188,930.5
2017-08-01,145.537841796875,133.0484619140625,70.0526351928711,930.8300170898438
2017-08-02,152.4146270751953,132.27011108398438,69.74376678466797,930.3900146484375
2017-08-03,150.89183044433594,132.7187957763672,69.6375961303711,923.6500244140625
2017-08-04,151.6871795654297,132.92025756835938,70.14912414550781,927.9600219726562
2017-08-07,154.03439331054688,131.37274169921875,69.8788833618164,929.3599853515625
2017-08-08,155.26620483398438,131.50230407714844,70.25531005859375,926.7899780273438
2017-08-09,156.21673583984375,131.18768310546875,69.94644927978516,922.9000244140625
2017-08-10,151.24095153808594,131.25242614746094,68.92335510253906,907.239990234375
2017-08-11,153.34422302246094,131.25242614746094,69.97539520263672,914.3900146484375
2017-08-14,155.6519775390625,131.69662475585938,71.0274429321289,922.6699829101562
2017-08-15,157.3560333251953,131.46530151367188,71.04683685302734,922.219970703125
2017-08-16,156.72308349609375,131.86318969726562,71.4640884399414,926.9600219726562
2017-08-17,153.71424865722656,130.19754028320312,70.2511978149414,910.97998046875
2017-08-18,153.36370849609375,129.27220153808594,70.33851623535156,910.6699829101562
2017-08-21,153.08132934570312,129.8551483154297,70.00860595703125,906.6599731445312
2017-08-22,155.58383178710938,130.48439025878906,70.98863220214844,924.6900024414062
2017-08-23,155.778564453125,131.53004455566406,70.56168365478516,927.0
2017-08-24,155.0872039794922,132.27032470703125,70.53257751464844,921.280029296875
2017-08-25,155.66171264648438,133.0106201171875,70.6587142944336,915.8900146484375
2017-08-28,157.2294464111328,131.8724365234375,70.66841888427734,913.8099975585938
2017-08-29,158.63162231445312,132.45541381835938,70.88189697265625,921.2899780273438
2017-08-30,159.06007385253906,131.91871643066406,71.81340789794922,929.5700073242188
2017-08-31,159.69297790527344,132.35362243652344,72.55084228515625,939.3300170898438
2017-09-01,159.74168395996094,133.3252410888672,71.74549102783203,937.3400268554688
2017-09-05,157.82342529296875,132.36288452148438,71.4252700805664,928.4500122070312
2017-09-06,157.65786743164062,133.0846710205078,71.22151184082031,927.8099975585938
2017-09-07,157.0249481201172,132.2333221435547,72.13361358642578,935.9500122070312
2017-09-08,154.46401977539062,131.81692504882812,71.78429412841797,926.5
2017-09-11,157.25865173339844,134.04701232910156,72.5411376953125,929.0800170898438
2017-09-12,156.63546752929688,134.87982177734375,72.46351623535156,932.0700073242188
2017-09-13,155.4572296142578,135.0926971435547,72.977783203125,935.0900268554688
2017-09-14,154.12319946289062,134.67626953125,72.55084228515625,925.1099853515625
2017-09-15,155.68118286132812,134.010009765625,73.07482147216797,920.2899780273438
2017-09-18,154.5029754638672,133.76014709472656,72.92927551269531,915.0
2017-09-19,154.56138610839844,133.6121063232422,73.20096588134766,921.8099975585938
2017-09-20,151.97128295898438,134.9908905029297,72.71580505371094,931.5800170898438
2017-09-21,149.36163330078125,134.4171905517578,72.00745391845703,932.4500122070312
2017-09-22,147.90103149414062,134.296875,72.20153045654297,928.530029296875
2017-09-25,146.59622192382812,134.9816131591797,71.08565521240234,920.969970703125
2017-09-26,149.11819458007812,135.62013244628906,71.08565521240234,924.8599853515625
2017-09-27,150.1795654296875,134.78732299804688,71.65815734863281,944.489990234375
2017-09-28,149.2545166015625,134.78732299804688,71.67755889892578,949.5
2017-09-29,150.0724639892578,134.2506103515625,72.27916717529297,959.1099853515625
2017-10-02,149.77059936523438,135.71267700195312,72.39559936523438,953.27001953125
2017-10-03,150.42298889160156,135.82369995117188,72.05599212646484,957.7899780273438
2017-10-04,149.4492645263672,135.54611206054688,72.47321319580078,951.6799926757812
2017-10-05,151.30908203125,135.7681884765625,73.71524047851562,969.9600219726562
2017-10-06,151.2214813232422,135.54611206054688,73.74434661865234,978.8900146484375
2017-10-09,151.74728393554688,136.38818359375,74.0257339477539,977.0
2017-10-10,151.8057098388672,137.41531372070312,74.0257339477539,972.5999755859375
2017-10-11,152.4386749267578,136.6009979248047,74.15187072753906,989.25
2017-10-12,151.90310668945312,136.0550537109375,74.83110046386719,987.8300170898438
2017-10-13,152.8671112060547,136.11981201171875,75.19011688232422,989.6799926757812
2017-10-16,155.68118286132812,135.86996459960938,75.34536743164062,992.0
2017-10-17,156.25570678710938,135.60162353515625,75.28713989257812,992.1799926757812
2017-10-18,155.56434631347656,147.6219940185547,75.30655670166016,992.8099975585938
2017-10-19,151.88360595703125,148.8897247314453,75.59766387939453,984.4500122070312
2017-10-20,152.14651489257812,149.97238159179688,76.47093963623047,988.2000122070312
2017-10-23,152.068603515625,147.64051818847656,76.49034881591797,968.4500122070312
2017-10-24,152.97421264648438,144.24444580078125,76.51945495605469,970.5399780273438
2017-10-25,152.3023223876953,142.04208374023438,76.29627227783203,973.3300170898438
2017-10-26,153.27606201171875,142.1346435546875,76.42242431640625,972.5599975585938
2017-10-27,158.76792907714844,142.20864868164062,81.32254791259766,1019.27001953125
2017-10-30,162.34156799316406,142.83790588378906,81.40015411376953,1017.1099853515625
2017-10-31,164.6006317138672,142.56028747558594,80.71125030517578,1016.6400146484375
2017-11-01,162.50709533691406,142.5325469970703,80.71125030517578,1025.5
2017-11-02,163.69505310058594,141.90330505371094,81.555419921875,1025.5799560546875
2017-11-03,167.9697723388672,140.26541137695312,81.64274597167969,1032.47998046875
2017-11-06,169.67379760742188,139.5806427001953,81.96295166015625,1025.9000244140625
2017-11-07,170.21910095214844,140.0525665283203,81.76888275146484,1033.3299560546875
2017-11-08,171.61155700683594,140.2561492919922,82.05027770996094,1039.8499755859375
2017-11-09,171.260986328125,140.4711151123047,81.59422302246094,1031.260009765625
2017-11-10,170.69419860839844,139.40567016601562,81.38076782226562,1028.0699462890625
2017-11-13,170.0101318359375,138.6953582763672,81.43897247314453,1025.75
2017-11-14,167.4399871826172,139.15335083007812,81.555419921875,1026.0
2017-11-15,165.23143005371094,137.4803924560547,80.92153930664062,1020.9099731445312
2017-11-16,167.20547485351562,139.36827087402344,81.13607788085938,1032.5
2017-11-17,166.27708435058594,139.22808837890625,80.3559341430664,1019.0900268554688
2017-11-20,166.11094665527344,140.66737365722656,80.48269653320312,1018.3800048828125
2017-11-21,169.1990203857422,142.01319885253906,81.64318084716797,1034.489990234375
2017-11-22,170.9775848388672,141.844970703125,81.04832458496094,1035.9599609375
2017-11-24,170.98736572265625,141.91038513183594,81.19459533691406,1040.6099853515625
2017-11-27,170.12738037109375,142.04124450683594,81.78946685791016,1054.2099609375
2017-11-28,169.13063049316406,142.49920654296875,82.77440643310547,1047.4100341796875
2017-11-29,165.62232971191406,143.50857543945312,81.27261352539062,1021.6599731445312
2017-11-30,167.93838500976562,143.90110778808594,82.08202362060547,1021.4099731445312
2017-12-01,167.15660095214844,144.6394500732422,82.16978454589844,1010.1699829101562
2017-12-04,165.93504333496094,146.22830200195312,79.06866455078125,998.6799926757812
2017-12-05,165.7786865234375,145.19088745117188,79.56600952148438,1005.1500244140625
2017-12-06,165.16302490234375,144.02261352539062,80.72649383544922,1018.3800048828125
2017-12-07,165.4659881591797,143.52728271484375,80.44368743896484,1030.9300537109375
2017-12-08,165.51483154296875,144.68617248535156,82.07227325439453,1037.050048828125
2017-12-11,168.73973083496094,145.24693298339844,83.11573028564453,1041.0999755859375
2017-12-12,167.7917938232422,146.48997497558594,83.45703887939453,1040.47998046875
2017-12-13,168.3488311767578,143.84503173828125,83.23274993896484,1040.6099853515625
2017-12-14,168.2999725341797,143.9291534423828,82.58912658691406,1049.1500244140625
2017-12-15,170.0101318359375,142.52723693847656,84.6955337524414,1064.18994140625
2017-12-18,172.4043731689453,143.30296325683594,84.23719024658203,1077.1400146484375
2017-12-19,170.56715393066406,143.2095184326172,83.70084381103516,1070.6800537109375
2017-12-20,170.38148498535156,142.94781494140625,83.39852142333984,1064.949951171875
2017-12-21,171.02645874023438,141.5926513671875,83.37902069091797,1063.6300048828125
2017-12-22,171.02645874023438,142.52723693847656,83.38877868652344,1060.1199951171875
2017-12-26,166.68753051757812,142.83566284179688,83.28150177001953,1056.739990234375
2017-12-27,166.71685791015625,143.11605834960938,83.58381652832031,1049.3699951171875
2017-12-28,167.1859130859375,143.96653747558594,83.59357452392578,1048.1400146484375
2017-12-29,165.37802124023438,143.3870849609375,83.41802978515625,1046.4000244140625
2018-01-02,168.33905029296875,144.16281127929688,83.81786346435547,1065.0
2018-01-03,168.3097381591797,148.12554931640625,84.20793914794922,1082.47998046875
2018-01-04,169.09152221679688,151.12562561035156,84.94908905029297,1086.4000244140625
2018-01-05,171.0166778564453,151.8639678955078,86.0022964477539,1102.22998046875
2018-01-08,170.38148498535156,152.77987670898438,86.0900650024414,1106.93994140625
2018-01-09,170.36195373535156,153.1163330078125,86.03155517578125,1106.260009765625
2018-01-10,170.32284545898438,153.4434356689453,85.64147186279297,1102.6099853515625
2018-01-11,171.2903289794922,153.46214294433594,85.89501953125,1105.52001953125
2018-01-12,173.05911254882812,152.471435546875,87.37732696533203,1122.260009765625
2018-01-16,172.1796112060547,153.13502502441406,86.15833282470703,1121.760009765625
2018-01-17,175.0233612060547,157.62110900878906,87.9039306640625,1131.97998046875
2018-01-18,175.17971801757812,158.06036376953125,87.86492156982422,1129.7900390625
2018-01-19,174.39794921875,151.7517852783203,87.76739501953125,1137.510009765625
2018-01-22,172.97117614746094,151.96676635742188,89.33745574951172,1155.81005859375
2018-01-23,173.01025390625,155.37806701660156,89.62025451660156,1169.969970703125
2018-01-24,170.2544403076172,154.55560302734375,89.54225158691406,1164.239990234375
2018-01-25,167.2152099609375,154.64906311035156,90.03960418701172,1170.3699951171875
2018-01-26,167.60614013671875,156.39678955078125,91.7266845703125,1175.8399658203125
2018-01-29,164.13693237304688,155.89208984375,91.59015655517578,1175.5799560546875
2018-01-30,163.16946411132812,152.92005920410156,90.43942260742188,1163.68994140625
2018-01-31,163.61898803710938,152.99481201171875,92.65311431884766,1169.93994140625
2018-02-01,163.9610137939453,151.7798309326172,91.92171478271484,1167.699951171875
2018-02-02,156.84674072265625,148.6302032470703,89.50323486328125,1111.9000244140625
2018-02-05,152.92800903320312,142.55528259277344,85.81700897216797,1055.800048828125
2018-02-06,159.3191375732422,145.1815185546875,89.06440734863281,1080.5999755859375
2018-02-07,155.9085693359375,143.78897094726562,87.38707733154297,1048.5799560546875
2018-02-08,151.61851501464844,139.2964324951172,82.90118408203125,1001.52001953125
2018-02-09,153.4730224609375,141.1085662841797,85.9925537109375,1037.780029296875
2018-02-12,159.6547393798828,142.892333984375,86.91897583007812,1051.93994140625
2018-02-13,161.2541046142578,142.2788848876953,87.60160827636719,1052.0999755859375
2018-02-14,164.22720336914062,146.06353759765625,88.97329711914062,1069.699951171875
2018-02-15,169.74168395996094,147.24331665039062,90.78589630126953,1089.52001953125
2018-02-16,169.19219970703125,147.40374755859375,90.13922882080078,1094.800048828125
2018-02-20,168.6230926513672,146.44105529785156,90.84467315673828,1102.4599609375
2018-02-21,167.8577423095703,145.3085174560547,89.6395492553711,1111.3399658203125
2018-02-22,169.26089477539062,144.5723114013672,89.87470245361328,1106.6300048828125
2018-02-23,172.20455932617188,146.7808380126953,92.1575698852539,1126.7900390625
2018-02-26,175.60940551757812,149.6688995361328,93.49005126953125,1143.75
2018-02-27,175.04029846191406,147.75296020507812,92.29473114013672,1118.2900390625
2018-02-28,174.77536010742188,147.0734100341797,91.8734359741211,1104.72998046875
2018-03-01,171.71392822265625,145.16690063476562,90.97203063964844,1069.52001953125
2018-03-02,172.90122985839844,145.80873107910156,91.16799926757812,1078.9200439453125
2018-03-05,173.49977111816406,148.13046264648438,91.74606323242188,1090.9300537109375
2018-03-06,173.35260009765625,146.96958923339844,91.43253326416016,1095.06005859375
2018-03-07,171.74339294433594,149.42352294921875,91.96161651611328,1109.6400146484375
2018-03-08,173.6175079345703,147.43206787109375,92.52008056640625,1126.0
2018-03-09,176.6004180908203,150.3578643798828,94.58740997314453,1160.0400390625
2018-03-12,178.30775451660156,151.2544708251953,94.81275177001953,1164.5
2018-03-13,176.59063720703125,150.36729431152344,92.50049591064453,1138.1700439453125
2018-03-14,175.08934020996094,149.2347412109375,91.95181274414062,1149.489990234375
2018-03-15,175.29539489746094,150.6409912109375,92.275146484375,1149.5799560546875
2018-03-16,174.67724609375,151.2544708251953,92.6866455078125,1135.72998046875
2018-03-19,172.00831604003906,148.50799560546875,91.01122283935547,1099.8199462890625
2018-03-20,171.94944763183594,147.422607421875,91.24637603759766,1097.7099609375
2018-03-21,168.05398559570312,147.8850860595703,90.6095199584961,1090.8800048828125
2018-03-22,165.67941284179688,143.54356384277344,87.97393035888672,1049.0799560546875
2018-03-23,161.84286499023438,140.52340698242188,85.41671752929688,1021.5700073242188
2018-03-26,169.5258331298828,144.75164794921875,91.88322448730469,1053.2099609375
2018-03-27,165.1790008544922,143.37368774414062,87.66040802001953,1005.0999755859375
2018-03-28,163.3539276123047,143.9494171142578,87.58201599121094,1004.5599975585938
2018-03-29,164.62950134277344,144.8082733154297,89.42399597167969,1031.7900390625
2018-04-02,163.5501708984375,141.6370849609375,86.7296142578125,1006.469970703125
2018-04-03,165.2280731201172,141.42945861816406,87.89553833007812,1013.4099731445312
2018-04-04,168.38760375976562,145.45950317382812,90.4625473022461,1025.1400146484375
2018-04-05,169.5552520751953,145.3745574951172,90.51154327392578,1027.81005859375
2018-04-06,165.21826171875,142.1090087890625,88.40503692626953,1007.0399780273438
2018-04-09,166.8568878173828,144.10986328125,88.93411254882812,1015.4500122070312
2018-04-10,169.996826171875,146.65814208984375,91.00142669677734,1031.6400146484375
2018-04-11,169.20201110839844,146.62982177734375,90.00205993652344,1019.969970703125
2018-04-12,170.87010192871094,149.1875457763672,91.68727111816406,1032.510009765625
2018-04-13,171.4490203857422,147.9039764404297,91.1973876953125,1029.27001953125
2018-04-16,172.51856994628906,149.0176544189453,92.26533508300781,1037.97998046875
2018-04-17,174.8931121826172,151.8679656982422,94.12691497802734,1074.1600341796875
2018-04-18,174.5006103515625,140.42901611328125,94.48943328857422,1072.0799560546875
2018-04-19,169.5552520751953,139.4002685546875,94.16609191894531,1087.699951171875
2018-04-20,162.60818481445312,136.75759887695312,93.07854461669922,1072.9599609375
2018-04-23,162.13723754882812,137.66366577148438,93.42147064208984,1067.449951171875
2018-04-24,159.88040161132812,137.38052368164062,91.236572265625,1019.97998046875
2018-04-25,160.57705688476562,137.7391815185547,90.44295501708984,1021.1799926757812
2018-04-26,161.13636779785156,138.47531127929688,92.35353088378906,1040.0400390625
2018-04-27,159.2720489501953,138.24884033203125,93.88196563720703,1030.050048828125
2018-04-30,162.15682983398438,136.81423950195312,91.62848663330078,1017.3300170898438
2018-05-01,165.9247283935547,136.8519744873047,93.07854461669922,1037.31005859375
2018-05-02,173.2544708251953,134.44528198242188,91.61869049072266,1024.3800048828125
2018-05-03,173.56846618652344,134.01113891601562,92.1673583984375,1023.719970703125
2018-05-04,180.37814331054688,135.82321166992188,93.23531341552734,1048.2099609375
2018-05-07,181.68316650390625,135.1719970703125,94.27388000488281,1054.7900390625
2018-05-08,182.55645751953125,134.96438598632812,93.8721694946289,1053.9100341796875
2018-05-09,183.84185791015625,136.09042358398438,94.97932434082031,1082.760009765625
2018-05-10,186.47152709960938,137.64590454101562,95.9297103881836,1097.5699462890625
2018-05-11,185.7623291015625,137.55047607421875,95.72394561767578,1098.260009765625
2018-05-14,185.32891845703125,137.7031707763672,96.04727172851562,1100.199951171875
2018-05-15,183.6445770263672,137.1687774658203,95.35163116455078,1079.22998046875
2018-05-16,185.3584747314453,138.01808166503906,95.5976333618164,1081.77001953125
2018-05-17,184.18630981445312,137.89402770996094,94.64313507080078,1078.5899658203125
2018-05-18,183.51651000976562,137.49322509765625,94.82025909423828,1066.3599853515625
2018-05-21,184.81671142578125,138.83877563476562,96.04044342041016,1079.5799560546875
2018-05-22,184.353759765625,138.45704650878906,95.94204711914062,1069.72998046875
2018-05-23,185.5357666015625,138.05625915527344,97.08350372314453,1079.68994140625
2018-05-24,185.32891845703125,137.4836883544922,96.73909759521484,1079.239990234375
2018-05-25,185.7524871826172,137.07333374023438,96.78829956054688,1075.6600341796875
2018-05-29,185.08267211914062,134.76397705078125,96.44389343261719,1060.3199462890625
2018-05-30,184.6886749267578,136.09996032714844,97.3688735961914,1067.800048828125
2018-05-31,184.068115234375,134.849853515625,97.26062774658203,1084.989990234375
2018-06-01,187.38760375976562,135.46058654785156,99.17947387695312,1119.5
2018-06-04,188.95375061035156,136.50076293945312,100.04541015625,1139.2900390625
2018-06-05,190.41156005859375,137.13058471679688,100.55711364746094,1139.6600341796875
2018-06-06,191.0714874267578,138.09442138671875,100.85230255126953,1136.8800048828125
2018-06-07,190.55931091308594,138.71470642089844,99.26802825927734,1123.8599853515625
2018-06-08,188.82569885253906,139.45904541015625,100.00604248046875,1120.8699951171875
2018-06-11,188.3627471923828,139.87893676757812,99.4353256225586,1129.989990234375
2018-06-12,189.39700317382812,140.15565490722656,99.691162109375,1139.3199462890625
2018-06-13,187.84068298339844,139.65945434570312,99.23851013183594,1134.7900390625
2018-06-14,187.93919372558594,138.56201171875,99.79940032958984,1152.1199951171875
2018-06-15,186.00857543945312,138.74331665039062,98.53002166748047,1152.260009765625
2018-06-18,185.9100799560547,137.8749237060547,99.24835968017578,1173.4599609375
2018-06-19,182.9058074951172,137.32144165039062,99.24835968017578,1168.06005859375
2018-06-20,183.7036590576172,136.10951232910156,100.24221801757812,1169.8399658203125
2018-06-21,182.6792449951172,134.79258728027344,99.52387237548828,1157.6600341796875
2018-06-22,182.14735412597656,134.82122802734375,98.80554962158203,1155.47998046875
2018-06-25,179.43858337402344,132.44505310058594,96.81782531738281,1124.81005859375
2018-06-26,181.6646728515625,132.72178649902344,97.49679565429688,1118.4599609375
2018-06-27,181.39874267578125,131.1949462890625,95.98140716552734,1103.97998046875
2018-06-28,182.71864318847656,133.6378936767578,97.05398559570312,1114.219970703125
2018-06-29,182.33448791503906,133.31346130371094,97.03430938720703,1115.6500244140625
2018-07-02,184.3734588623047,133.4661407470703,98.41194152832031,1127.4599609375
2018-07-03,181.162353515625,133.18939208984375,97.46727752685547,1102.8900146484375
2018-07-05,182.6201629638672,134.96437072753906,98.16593170166016,1124.27001953125
2018-07-06,185.15162658691406,135.96636962890625,99.5435562133789,1140.1700439453125
2018-07-09,187.7224884033203,137.78904724121094,100.22254180908203,1154.050048828125
2018-07-10,187.49594116210938,138.09442138671875,100.48822021484375,1152.8399658203125
2018-07-11,185.06297302246094,138.31390380859375,100.3504638671875,1153.9000244140625
2018-07-12,188.16574096679688,139.75486755371094,102.525146484375,1183.47998046875
2018-07-13,188.46124267578125,139.23001098632812,103.74533081054688,1188.8199462890625
2018-07-16,188.0475311279297,138.8101348876953,103.233642578125,1183.8599853515625
2018-07-17,188.57945251464844,136.93017578125,104.25701904296875,1198.800048828125
2018-07-18,187.54518127441406,137.91310119628906,103.4402847290039,1195.8800048828125
2018-07-19,189.0030059814453,142.41732788085938,102.7317886352539,1186.9599609375
2018-07-20,188.56959533691406,139.65945434570312,104.57190704345703,1184.9100341796875
2018-07-23,188.73703002929688,139.03915405273438,106.24473571777344,1205.5
2018-07-24,190.10621643066406,139.6880645751953,105.939697265625,1248.0799560546875
2018-07-25,191.89892578125,139.91708374023438,109.05904388427734,1263.699951171875
2018-07-26,191.29808044433594,140.00299072265625,107.86837768554688,1268.3299560546875
2018-07-27,188.1165008544922,138.51429748535156,105.9593734741211,1238.5
2018-07-30,187.0625457763672,138.83877563476562,103.68629455566406,1219.739990234375
2018-07-31,187.43682861328125,138.3043670654297,104.38494873046875,1217.260009765625
2018-08-01,198.478759765625,136.9397430419922,104.58174896240234,1220.010009765625
2018-08-02,204.28045654296875,136.42442321777344,105.85112762451172,1226.1500244140625
2018-08-03,204.87144470214844,140.94773864746094,106.3136215209961,1223.7099609375
2018-08-06,205.9352569580078,139.35406494140625,106.40219116210938,1224.77001953125
2018-08-07,204.004638671875,140.28927612304688,107.14019775390625,1242.219970703125
2018-08-08,204.1425323486328,140.1747589111328,107.7404556274414,1245.6099853515625
2018-08-09,205.74810791015625,139.6442413330078,107.9175796508789,1249.0999755859375
2018-08-10,205.13525390625,139.36448669433594,107.25828552246094,1237.6099853515625
2018-08-13,206.4597930908203,137.65716552734375,106.48091125488281,1235.010009765625
2018-08-14,207.32965087890625,138.28414916992188,107.80933380126953,1242.0999755859375
2018-08-15,207.81399536132812,138.81466674804688,106.34738159179688,1214.3800048828125
2018-08-16,210.85845947265625,140.1940460205078,106.32762908935547,1206.489990234375
2018-08-17,215.0692901611328,140.88856506347656,106.26836395263672,1200.9599609375
2018-08-20,212.9737548828125,141.32261657714844,105.5670166015625,1207.77001953125
2018-08-21,212.55860900878906,140.80174255371094,104.68787384033203,1201.6199951171875
2018-08-22,212.5684814453125,140.0976104736328,105.75469207763672,1207.3299560546875
2018-08-23,213.00341796875,140.2229766845703,106.24859619140625,1205.3800048828125
2018-08-24,213.66567993164062,140.8692626953125,107.078369140625,1220.6500244140625
2018-08-27,215.42514038085938,141.49624633789062,108.26373291015625,1241.8199462890625
2018-08-28,217.16482543945312,141.39979553222656,108.91567993164062,1231.1500244140625
2018-08-29,220.406982421875,142.31614685058594,110.65422821044922,1249.300048828125
2018-08-30,222.43331909179688,140.76315307617188,110.58507537841797,1239.1199951171875
2018-08-31,225.0033416748047,141.29367065429688,110.96044921875,1218.18994140625
2018-09-04,225.7248992919922,140.52198791503906,110.3479995727539,1197.0
2018-09-05,224.25209045410156,141.46731567382812,107.16726684570312,1186.47998046875
2018-09-06,220.52560424804688,141.20687866210938,107.41421508789062,1171.43994140625
2018-09-07,218.7463836669922,140.30015563964844,106.89067840576172,1164.8299560546875
2018-09-10,215.81065368652344,140.49307250976562,108.0464096069336,1164.6400146484375
2018-09-11,221.26695251464844,141.30332946777344,109.88373565673828,1177.3599853515625
2018-09-12,218.51904296875,141.38050842285156,110.3479995727539,1162.8199462890625
2018-09-13,223.7974090576172,143.6762237548828,111.53337860107422,1175.3299560546875
2018-09-14,221.25704956054688,143.0781707763672,111.98776245117188,1172.530029296875
2018-09-17,215.3658447265625,142.70199584960938,110.77275848388672,1156.050048828125
2018-09-18,215.7216796875,143.300048828125,111.8297119140625,1161.219970703125
2018-09-19,215.85018920898438,143.78233337402344,110.33811950683594,1171.0899658203125
2018-09-20,217.4910125732422,145.79833984375,112.1853256225586,1186.8699951171875
2018-09-21,215.14837646484375,145.99127197265625,112.86691284179688,1166.0899658203125
2018-09-24,218.2422332763672,144.71798706054688,113.27191925048828,1173.3699951171875
2018-09-25,219.6260986328125,143.63766479492188,113.05459594726562,1184.6500244140625
2018-09-26,217.8765106201172,146.24205017089844,112.59033203125,1180.489990234375
2018-09-27,222.354248046875,146.13595581054688,113.01508331298828,1194.6400146484375
2018-09-28,223.13514709472656,145.85623168945312,112.97557830810547,1193.469970703125
2018-10-01,224.63760375976562,147.5828399658203,114.20045471191406,1195.31005859375
2018-10-02,226.63429260253906,148.3062744140625,113.7460708618164,1200.1099853515625
2018-10-03,229.39208984375,147.79502868652344,113.76581573486328,1202.949951171875
2018-10-04,225.3591766357422,145.95266723632812,111.41483306884766,1168.18994140625
2018-10-05,221.7018585205078,143.75340270996094,110.76288604736328,1157.3499755859375
2018-10-08,221.1878662109375,143.13604736328125,109.49848937988281,1148.969970703125
2018-10-09,224.25209045410156,142.0267791748047,110.89129638671875,1138.8199462890625
2018-10-10,213.86337280273438,137.6378631591797,104.86566925048828,1081.219970703125
2018-10-11,211.9754180908203,134.09780883789062,104.61872100830078,1079.3199462890625
2018-10-12,219.54702758789062,135.86302185058594,108.23409271240234,1110.0799560546875
2018-10-15,214.85182189941406,136.13311767578125,106.28811645507812,1092.25
2018-10-16,219.5865478515625,139.98182678222656,109.64666748046875,1121.280029296875
2018-10-17,218.6376495361328,129.3037872314453,109.36019897460938,1115.68994140625
2018-10-18,213.5272979736328,125.92770385742188,107.17713928222656,1087.969970703125
2018-10-19,216.77932739257812,124.529052734375,107.33518981933594,1096.4599609375
2018-10-22,218.10385131835938,125.41647338867188,108.2933578491211,1101.1600341796875
2018-10-23,220.15985107421875,126.56434631347656,106.78202056884766,1103.68994140625
2018-10-24,212.60801696777344,122.70596313476562,101.07249450683594,1050.7099609375
2018-10-25,217.263671875,121.97286987304688,106.97958374023438,1095.5699462890625
2018-10-26,213.8040771484375,120.37164306640625,105.65591430664062,1071.469970703125
2018-10-29,209.79092407226562,115.40399169921875,102.58383178710938,1020.0800170898438
2018-10-30,210.83868408203125,111.3141098022461,102.4653091430664,1036.2099609375
2018-10-31,216.3345184326172,111.34304809570312,105.50774383544922,1076.77001953125
2018-11-01,219.65576171875,112.6934814453125,104.62859344482422,1070.0
2018-11-02,205.08583068847656,111.57454681396484,104.86566925048828,1057.7900390625
2018-11-05,199.26380920410156,115.80911254882812,106.19921112060547,1040.0899658203125
2018-11-06,201.4186553955078,118.76078033447266,106.40665435791016,1055.81005859375
2018-11-07,207.52732849121094,120.41986846923828,110.59495544433594,1093.3900146484375
2018-11-08,206.80325317382812,120.52732849121094,110.38751983642578,1082.4000244140625
2018-11-09,202.81576538085938,120.68363952636719,108.23409271240234,1066.1500244140625
2018-11-12,192.59910583496094,118.10467529296875,105.5670166015625,1038.6300048828125
2018-11-13,190.67478942871094,118.04605102539062,105.63616180419922,1036.050048828125
2018-11-14,185.2887420654297,117.42086029052734,104.13813018798828,1043.6600341796875
2018-11-15,189.86143493652344,118.63219451904297,106.42981719970703,1064.7099609375
2018-11-16,191.9642791748047,118.7591781616211,107.43181610107422,1061.489990234375
2018-11-19,184.35633850097656,117.52831268310547,103.79090881347656,1020.0
2018-11-20,175.54815673828125,114.49021911621094,100.90396118164062,1025.760009765625
2018-11-21,175.34979248046875,115.82854461669922,102.2928695678711,1037.6099853515625
2018-11-23,170.8961181640625,114.48045349121094,102.25318908691406,1023.8800048828125
2018-11-26,173.20726013183594,116.795654296875,105.6262435913086,1048.6199951171875
2018-11-27,172.83033752441406,117.2547836303711,106.29093170166016,1044.4100341796875
2018-11-28,179.47613525390625,120.15612030029297,110.23939514160156,1086.22998046875
2018-11-29,178.09738159179688,118.6712646484375,109.31676483154297,1088.300048828125
2018-11-30,177.13522338867188,121.3967514038086,110.01121520996094,1094.4300537109375
2018-12-03,183.3247528076172,122.41271209716797,111.20169830322266,1106.4300537109375
2018-12-04,175.26051330566406,118.78848266601562,107.65999603271484,1050.8199462890625
2018-12-06,173.3064727783203,121.04508209228516,108.32469177246094,1068.72998046875
2018-12-07,167.12686157226562,116.58074188232422,103.98931121826172,1036.5799560546875
2018-12-10,168.22789001464844,118.32935333251953,106.73735809326172,1039.550048828125
2018-12-11,167.26573181152344,118.09490203857422,107.72943878173828,1051.75
2018-12-12,167.73193359375,118.3586654663086,108.21556091308594,1063.6800537109375
2018-12-13,169.56695556640625,117.93861389160156,108.58262634277344,1061.9000244140625
2018-12-14,164.14122009277344,117.12779235839844,105.18972778320312,1042.0999755859375
2018-12-17,162.61367797851562,113.41565704345703,102.0746078491211,1016.530029296875
2018-12-18,164.7264404296875,113.95294189453125,103.14605712890625,1028.7099609375
2018-12-19,159.58834838867188,113.73802947998047,102.86827087402344,1023.010009765625
2018-12-20,155.56118774414062,110.4068603515625,100.70555114746094,1009.4099731445312
2018-12-21,149.5105438232422,108.37496185302734,97.45154571533203,979.5399780273438
2018-12-24,145.64208984375,105.08287048339844,93.384033203125,976.219970703125
2018-12-26,155.8984375,108.8145523071289,99.76307678222656,1039.4599609375
2018-12-27,154.88668823242188,111.1492919921875,100.37816619873047,1043.8800048828125
2018-12-28,154.96603393554688,110.41663360595703,99.59442901611328,1037.0799560546875
2018-12-31,156.46383666992188,111.04183959960938,100.76507568359375,1035.6099853515625
2019-01-02,156.64236450195312,112.54622650146484,100.31864166259766,1045.8499755859375
2019-01-03,141.03964233398438,110.29940795898438,96.62812042236328,1016.0599975585938
2019-01-04,147.06051635742188,114.6074447631836,101.12222290039062,1070.7099609375
2019-01-07,146.73318481445312,115.41825866699219,101.25119018554688,1068.3900146484375
2019-01-08,149.53038024902344,117.05941009521484,101.9853286743164,1076.280029296875
2019-01-09,152.06967163085938,117.89952850341797,103.44367218017578,1074.6600341796875
2019-01-10,152.5557098388672,118.97409057617188,102.77898406982422,1070.3299560546875
2019-01-11,151.05792236328125,118.65172576904297,101.9853286743164,1057.18994140625
2019-01-14,148.78643798828125,117.6064682006836,101.24127197265625,1044.68994140625
2019-01-15,151.8316192626953,118.91548919677734,104.17781066894531,1077.1500244140625
2019-01-16,153.68649291992188,118.80802917480469,104.54487609863281,1080.969970703125
2019-01-17,154.5990447998047,119.36485290527344,105.27902221679688,1089.9000244140625
2019-01-18,155.55128479003906,120.95716094970703,106.85640716552734,1098.260009765625
2019-01-22,152.05975341796875,119.68721008300781,104.8425064086914,1070.52001953125
2019-01-23,152.6747283935547,129.81744384765625,105.86434173583984,1075.5699462890625
2019-01-24,151.46461486816406,129.4657745361328,105.3583755493164,1073.9000244140625
2019-01-25,156.48367309570312,130.8724822998047,106.32068634033203,1090.989990234375
2019-01-28,155.03549194335938,131.16555786132812,104.24725341796875,1070.0799560546875
2019-01-29,153.4285888671875,131.22415161132812,102.12421417236328,1060.6199951171875
2019-01-30,163.91307067871094,131.2729949951172,105.53695678710938,1089.06005859375
2019-01-31,165.09344482421875,131.31207275390625,103.60240936279297,1116.3699951171875
2019-02-01,165.1728057861328,130.99948120117188,101.9654769897461,1110.75
2019-02-04,169.86453247070312,132.06427001953125,104.90203094482422,1132.800048828125
2019-02-05,172.77081298828125,132.41595458984375,106.37030029296875,1145.989990234375
2019-02-06,172.83033752441406,133.16815185546875,105.18972778320312,1115.22998046875
2019-02-07,169.55703735351562,131.62646484375,104.43574523925781,1098.7099609375
2019-02-08,169.7562713623047,132.14036560058594,104.83258056640625,1095.06005859375
2019-02-11,168.780029296875,132.41708374023438,104.41590881347656,1095.010009765625
2019-02-12,170.23443603515625,134.45289611816406,106.04291534423828,1121.3699951171875
2019-02-13,169.5271453857422,135.9056396484375,105.96354675292969,1120.1600341796875
2019-02-14,170.144775390625,134.87783813476562,106.0528335571289,1121.6700439453125
2019-02-15,169.7662353515625,136.40965270996094,107.36237335205078,1113.6500244140625
2019-02-19,170.27426147460938,137.07177734375,107.3127670288086,1118.56005859375
2019-02-20,171.37005615234375,136.3800048828125,106.75483703613281,1113.800048828125
2019-02-21,170.40377807617188,136.2218780517578,109.00650024414062,1096.969970703125
2019-02-22,172.30645751953125,137.61532592773438,110.56074523925781,1110.3699951171875
2019-02-25,173.56161499023438,137.82286071777344,111.17845153808594,1109.4000244140625
2019-02-26,173.66123962402344,138.07980346679688,111.94561767578125,1115.1300048828125
2019-02-27,174.19915771484375,137.53627014160156,111.75631713867188,1116.050048828125
2019-02-28,172.48574829101562,136.50848388671875,111.61683654785156,1119.9200439453125
2019-03-01,174.2987823486328,137.56590270996094,112.114990234375,1140.989990234375
2019-03-04,175.1754150390625,136.80494689941406,111.84599304199219,1147.800048828125
2019-03-05,174.85662841796875,136.26141357421875,111.28804779052734,1162.030029296875
2019-03-06,173.8505096435547,135.37196350097656,111.3378677368164,1157.8599853515625
2019-03-07,171.8382568359375,133.77099609375,109.9828872680664,1143.300048828125
2019-03-08,172.24668884277344,133.504150390625,110.10244750976562,1142.3199462890625
2019-03-11,178.2136993408203,136.09341430664062,112.41388702392578,1175.760009765625
2019-03-12,180.2159881591797,136.65670776367188,113.20097351074219,1193.199951171875
2019-03-13,181.01292419433594,136.9334259033203,114.07772827148438,1193.3199462890625
2019-03-14,183.02516174316406,137.1607208251953,114.16738891601562,1185.550048828125
2019-03-15,185.406005859375,137.79319763183594,115.48252868652344,1184.4599609375
2019-03-18,187.29872131347656,138.56405639648438,117.13640594482422,1184.260009765625
2019-03-19,185.81442260742188,138.8407745361328,117.21611022949219,1198.8499755859375
2019-03-20,187.4381866455078,137.9612274169922,117.08658599853516,1223.969970703125
2019-03-21,194.34158325195312,139.7796173095703,119.7766342163086,1231.5400390625
2019-03-22,190.3170928955078,137.81297302246094,116.61832427978516,1205.5
2019-03-25,188.01596069335938,137.546142578125,117.22607421875,1193.0
2019-03-26,186.07342529296875,138.57394409179688,117.47515106201172,1184.6199951171875
2019-03-27,187.7469940185547,137.60545349121094,116.33934783935547,1173.02001953125
2019-03-28,187.99603271484375,138.2774658203125,116.49876403808594,1168.489990234375
2019-03-29,189.2213134765625,139.44361877441406,117.50504302978516,1173.31005859375
2019-04-01,190.50636291503906,141.61778259277344,118.5810546875,1194.4300537109375
2019-04-02,193.27569580078125,141.32130432128906,118.75043487548828,1200.489990234375
2019-04-03,194.60060119628906,141.94390869140625,119.52755737304688,1205.9200439453125
2019-04-04,194.93930053710938,141.1038818359375,118.9197998046875,1215.0
2019-04-05,196.2442626953125,141.5980224609375,119.44784545898438,1207.1500244140625
2019-04-08,199.33238220214844,141.70672607421875,119.48770141601562,1203.8399658203125
2019-04-09,198.73468017578125,140.44175720214844,118.84009552001953,1197.25
2019-04-10,199.85037231445312,141.34107971191406,119.74674224853516,1202.1600341796875
2019-04-11,198.18678283691406,142.09214782714844,119.88623046875,1204.6199951171875
2019-04-12,198.10708618164062,142.65545654296875,120.50393676757812,1217.8699951171875
2019-04-15,198.46571350097656,142.2107391357422,120.60357666015625,1221.0999755859375
2019-04-16,198.4856414794922,143.43618774414062,120.32460021972656,1227.1300048828125
2019-04-17,202.3507537841797,137.4769744873047,121.32091522216797,1236.3399658203125
2019-04-18,203.0779571533203,138.68264770507812,122.9150161743164,1236.3699951171875
2019-04-22,203.74537658691406,137.25955200195312,123.30358123779297,1248.8399658203125
2019-04-23,206.68405151367188,138.79135131835938,124.97737884521484,1264.550048828125
2019-04-24,206.36529541015625,138.30709838867188,124.54896545410156,1256.0
2019-04-25,204.4925079345703,137.0026092529297,128.67369079589844,1263.449951171875
2019-04-26,203.51626586914062,137.8031005859375,129.4109649658203,1272.1800537109375
2019-04-29,203.8250732421875,137.4176788330078,129.29141235351562,1287.5799560546875
2019-04-30,199.9001922607422,138.62335205078125,130.1183624267578,1188.47998046875
2019-05-01,209.71240234375,138.90994262695312,127.40837860107422,1168.0799560546875
2019-05-02,208.34765625,137.95132446289062,125.74453735351562,1162.6099853515625
2019-05-03,210.93768310546875,138.6035919189453,128.4246063232422,1185.4000244140625
2019-05-06,207.6802215576172,138.73207092285156,127.67737579345703,1189.3900146484375
2019-05-07,202.081787109375,136.02423095703125,125.05708312988281,1174.0999755859375
2019-05-08,202.1216278076172,136.3800048828125,125.04712677001953,1166.27001953125
2019-05-09,199.9499969482422,135.33999633789062,125.03715515136719,1162.3800048828125
2019-05-10,197.17999267578125,135.32000732421875,126.66114807128906,1164.27001953125
2019-05-13,185.72000122070312,131.4199981689453,122.89508819580078,1132.030029296875
2019-05-14,188.66000366210938,133.30999755859375,124.27000427246094,1120.43994140625
2019-05-15,190.9199981689453,134.39999389648438,126.0199966430664,1164.2099609375
2019-05-16,190.0800018310547,135.8800048828125,128.92999267578125,1178.97998046875
2019-05-17,189.0,134.32000732421875,128.07000732421875,1162.300048828125
2019-05-20,183.08999633789062,135.1199951171875,126.22000122070312,1138.8499755859375
2019-05-21,186.60000610351562,136.4499969482422,126.9000015258789,1149.6300048828125
2019-05-22,182.77999877929688,136.35000610351562,127.66999816894531,1151.4200439453125
2019-05-23,179.66000366210938,132.38999938964844,126.18000030517578,1140.77001953125
2019-05-24,178.97000122070312,132.27999877929688,126.23999786376953,1133.469970703125
2019-05-28,178.22999572753906,130.4600067138672,126.16000366210938,1134.1500244140625
2019-05-29,177.3800048828125,129.69000244140625,124.94000244140625,1116.4599609375
2019-05-30,178.3000030517578,129.57000732421875,125.7300033569336,1117.949951171875
2019-05-31,175.07000732421875,126.98999786376953,123.68000030517578,1103.6300048828125
2019-06-03,173.3000030517578,128.27000427246094,119.83999633789062,1036.22998046875
2019-06-04,179.63999938964844,132.69000244140625,123.16000366210938,1053.050048828125
2019-06-05,182.5399932861328,131.49000549316406,125.83000183105469,1042.219970703125
2019-06-06,185.22000122070312,132.22000122070312,127.81999969482422,1044.3399658203125
2019-06-07,190.14999389648438,133.30999755859375,131.39999389648438,1066.0400390625
2019-06-10,192.5800018310547,134.74000549316406,132.60000610351562,1080.3800048828125
2019-06-11,194.80999755859375,135.9499969482422,132.10000610351562,1078.719970703125
2019-06-12,194.19000244140625,134.8699951171875,131.49000549316406,1077.030029296875
2019-06-13,194.14999389648438,135.75999450683594,132.32000732421875,1088.77001953125
2019-06-14,192.74000549316406,135.14999389648438,132.4499969482422,1085.3499755859375
2019-06-17,193.88999938964844,134.9499969482422,132.85000610351562,1092.5
2019-06-18,198.4499969482422,136.3800048828125,135.16000366210938,1103.5999755859375
2019-06-19,197.8699951171875,137.0800018310547,135.69000244140625,1102.3299560546875
2019-06-20,199.4600067138672,138.85000610351562,136.9499969482422,1111.4200439453125
2019-06-21,198.77999877929688,139.1999969482422,136.97000122070312,1121.8800048828125
2019-06-24,198.5800018310547,139.35000610351562,137.77999877929688,1115.52001953125
2019-06-25,195.57000732421875,138.36000061035156,133.42999267578125,1086.3499755859375
2019-06-26,199.8000030517578,138.52000427246094,133.92999267578125,1079.800048828125
2019-06-27,199.74000549316406,138.52000427246094,134.14999389648438,1076.010009765625
2019-06-28,197.9199981689453,137.89999389648438,133.9600067138672,1080.9100341796875
2019-07-01,201.5500030517578,139.8800048828125,135.67999267578125,1097.949951171875
2019-07-02,202.72999572753906,140.22000122070312,136.5800018310547,1111.25
2019-07-03,204.16000366210938,141.68789672851562,137.3699951171875,1122.1300048828125
