Date,AAPL,IBM,MSFT,GOOG
2010-01-04,123432400.0,6155300.0,38409100.0,3927000.0
2010-01-05,150476200.0,6841400.0,49749600.0,6031900.0
2010-01-06,138040000.0,5605300.0,58182400.0,7987100.0
2010-01-07,119282800.0,5840600.0,50559700.0,12876600.0
2010-01-08,111902700.0,4197200.0,51197400.0,9483900.0
2010-01-11,115557400.0,5730400.0,68754700.0,14479800.0
2010-01-12,148614900.0,8081500.0,65912100.0,9742900.0
2010-01-13,151473000.0,6455400.0,51863500.0,13041800.0
2010-01-14,108223500.0,7111800.0,63228100.0,8511900.0
2010-01-15,148516900.0,8494400.0,79913200.0,10909600.0
2010-01-19,182501900.0,13916200.0,46575700.0,8665700.0
2010-01-20,153038200.0,15197500.0,54849500.0,6525700.0
2010-01-21,152038600.0,9608600.0,73086700.0,12662600.0
2010-01-22,220441900.0,10088600.0,102004600.0,13651700.0
2010-01-25,266424900.0,5738500.0,63373000.0,8872800.0
2010-01-26,466777500.0,7135300.0,66639900.0,8743600.0
2010-01-27,430642100.0,8719200.0,63949500.0,7958400.0
2010-01-28,293375600.0,9622200.0,117513700.0,6482300.0
2010-01-29,311488100.0,11571200.0,193888500.0,8311900.0
2010-02-01,187469100.0,7242900.0,85931100.0,4518400.0
2010-02-02,174585600.0,5899900.0,54413700.0,8223000.0
2010-02-03,153832000.0,4177100.0,61397900.0,6020500.0
2010-02-04,189413000.0,9126900.0,77850000.0,6780600.0
2010-02-05,212576700.0,8617000.0,80960100.0,6335600.0
2010-02-08,119567700.0,5718500.0,52820600.0,5408700.0
2010-02-09,158221700.0,6044500.0,59195800.0,5660200.0
2010-02-10,92590400.0,5219100.0,48591300.0,5369000.0
2010-02-11,137586400.0,5089000.0,65993700.0,4838000.0
2010-02-12,163867200.0,8017700.0,81117200.0,4576400.0
2010-02-16,135934400.0,6777300.0,51935600.0,7336100.0
2010-02-17,109099200.0,5827400.0,45882900.0,4074500.0
2010-02-18,105706300.0,5525900.0,42856500.0,4691200.0
2010-02-19,103867400.0,6303100.0,44451800.0,5125300.0
2010-02-22,97640900.0,3808100.0,36707100.0,4305100.0
2010-02-23,143773700.0,4591900.0,52266200.0,5766600.0
2010-02-24,115141600.0,4782000.0,43165900.0,4670500.0
2010-02-25,166281500.0,5658700.0,48735300.0,6643100.0
2010-02-26,126865200.0,4784200.0,40370600.0,4113800.0
2010-03-01,137523400.0,4577700.0,43805400.0,4492500.0
2010-03-02,141636600.0,6013300.0,93123900.0,8746200.0
2010-03-03,93013200.0,6390000.0,48442100.0,6201800.0
2010-03-04,91510300.0,6032300.0,42890600.0,6391300.0
2010-03-05,224905100.0,6140200.0,56001800.0,7853700.0
2010-03-08,107472400.0,6199300.0,39414500.0,4790600.0
2010-03-09,230064800.0,7528800.0,50271600.0,6376900.0
2010-03-10,149054500.0,6916200.0,44891400.0,11352100.0
2010-03-11,101425100.0,7922200.0,35349700.0,8498200.0
2010-03-12,104080900.0,5169500.0,31700200.0,5527400.0
2010-03-15,123375700.0,4497700.0,37512000.0,9342600.0
2010-03-16,111727000.0,6134900.0,36723500.0,6888600.0
2010-03-17,112739200.0,6348400.0,50385700.0,6668000.0
2010-03-18,85527400.0,4954400.0,43845200.0,3567600.0
2010-03-19,139861400.0,10744300.0,81332100.0,9624200.0
2010-03-22,114104900.0,5651900.0,37718200.0,8039600.0
2010-03-23,150607800.0,5978500.0,42026600.0,11043800.0
2010-03-24,149445100.0,6669300.0,33987700.0,13179500.0
2010-03-25,135571100.0,7603200.0,73168700.0,7891200.0
2010-03-26,160218800.0,5550800.0,55595500.0,5412500.0
2010-03-29,135186100.0,4643000.0,33336000.0,6232200.0
2010-03-30,131827500.0,3426600.0,34954800.0,3970500.0
2010-03-31,107664900.0,4904800.0,63760000.0,6084200.0
2010-04-01,150786300.0,4980500.0,74768100.0,4221100.0
2010-04-05,171126900.0,4118700.0,34331200.0,3817200.0
2010-04-06,111754300.0,3926300.0,47366800.0,4135600.0
2010-04-07,157125500.0,5157000.0,58318800.0,5181200.0
2010-04-08,143247300.0,6006900.0,63713800.0,3909500.0
2010-04-09,83545700.0,5185100.0,54752500.0,4128600.0
2010-04-12,83256600.0,3992300.0,37068800.0,4722400.0
2010-04-13,76552700.0,6819100.0,41374600.0,7853900.0
2010-04-14,101019100.0,8545800.0,68941200.0,6830900.0
2010-04-15,94196200.0,6425300.0,52745400.0,13574200.0
2010-04-16,187636400.0,9546200.0,88703100.0,24562600.0
2010-04-19,141731100.0,11353700.0,64970300.0,7817100.0
2010-04-20,184581600.0,15216500.0,52199500.0,5977000.0
2010-04-21,245597800.0,7559200.0,55343100.0,4800800.0
2010-04-22,198356200.0,6018500.0,84847600.0,6585900.0
2010-04-23,199238900.0,6197300.0,126766600.0,4194300.0
2010-04-26,119767200.0,5285400.0,63649300.0,8770300.0
2010-04-27,177335900.0,10916700.0,68730900.0,7718100.0
2010-04-28,189600600.0,7122300.0,64557900.0,6837700.0
2010-04-29,139710200.0,5786900.0,52665200.0,6140700.0
2010-04-30,135615900.0,6266700.0,63214800.0,4888900.0
2010-05-03,113585500.0,4992100.0,43989500.0,3729500.0
2010-05-04,180954900.0,8285000.0,82085600.0,12198000.0
2010-05-05,220775800.0,6072800.0,66833800.0,9198600.0
2010-05-06,321465200.0,13168800.0,128613000.0,10037600.0
2010-05-07,419004600.0,10584800.0,173718100.0,10216000.0
2010-05-10,246076600.0,8463900.0,86653300.0,8286800.0
2010-05-11,212226700.0,6498900.0,63789400.0,6670000.0
2010-05-12,163594900.0,16626900.0,47146800.0,7732400.0
2010-05-13,149928100.0,10497800.0,45188800.0,6676400.0
2010-05-14,189840700.0,9920100.0,63334000.0,8262800.0
2010-05-17,190708700.0,8923400.0,46053300.0,5608400.0
2010-05-18,195669600.0,9330000.0,52690600.0,5672100.0
2010-05-19,256431700.0,8669300.0,61746700.0,6917100.0
2010-05-20,320728800.0,13176500.0,87991100.0,9863400.0
2010-05-21,305972800.0,12639500.0,117596300.0,19454100.0
2010-05-24,188559700.0,6868600.0,73711700.0,8723600.0
2010-05-25,262001600.0,9494800.0,98373600.0,6057300.0
2010-05-26,212663500.0,9083200.0,176684100.0,6977200.0
2010-05-27,166570600.0,7725900.0,136433600.0,5639200.0
2010-05-28,203903700.0,7421900.0,67496900.0,5811200.0
2010-06-01,219118200.0,7135400.0,76152400.0,5353500.0
2010-06-02,172137000.0,7705300.0,65718800.0,5100500.0
2010-06-03,162526700.0,6645300.0,67837000.0,7328700.0
2010-06-04,189576100.0,9669200.0,89832200.0,7869900.0
2010-06-07,221735500.0,6951400.0,80456200.0,7292500.0
2010-06-08,250192600.0,8399200.0,87355000.0,5390200.0
2010-06-09,213657500.0,7795500.0,87794000.0,5478300.0
2010-06-10,194089000.0,7479700.0,78930900.0,5175000.0
2010-06-11,136439800.0,5820200.0,68057700.0,3576600.0
2010-06-14,150740100.0,6753000.0,50972400.0,4096000.0
2010-06-15,146268500.0,6652500.0,81641500.0,8551100.0
2010-06-16,195919500.0,6401000.0,48698000.0,4595600.0
2010-06-17,218213800.0,5571000.0,47995500.0,3969300.0
2010-06-18,196155400.0,9581400.0,52075600.0,5767200.0
2010-06-21,194122600.0,6857800.0,54625300.0,5989200.0
2010-06-22,179315500.0,6030200.0,55985400.0,4456000.0
2010-06-23,192114300.0,6855800.0,61466200.0,4073300.0
2010-06-24,178569300.0,5565500.0,85243400.0,3801300.0
2010-06-25,137485600.0,10420400.0,156256700.0,4507100.0
2010-06-28,146237000.0,6335100.0,73784800.0,3537700.0
2010-06-29,283336200.0,9376200.0,119882100.0,7030400.0
2010-06-30,184863000.0,8018000.0,81050500.0,7233400.0
2010-07-01,255724000.0,9742100.0,92239400.0,7053500.0
2010-07-02,173460700.0,6454500.0,62485100.0,3886400.0
2010-07-06,153808900.0,6348700.0,73592000.0,5139300.0
2010-07-07,163639000.0,7090300.0,79965300.0,6282800.0
2010-07-08,184536100.0,5439300.0,50758100.0,5357700.0
2010-07-09,108330600.0,3898000.0,53806100.0,8695400.0
2010-07-12,140719600.0,4206900.0,49854200.0,6693700.0
2010-07-13,297731000.0,6687700.0,61928700.0,7982300.0
2010-07-14,203011900.0,6607200.0,72808100.0,6259300.0
2010-07-15,206216500.0,6186800.0,56934700.0,9752800.0
2010-07-16,259964600.0,7002900.0,65064800.0,15708200.0
2010-07-19,256119500.0,8388600.0,38181800.0,9134700.0
2010-07-20,268737700.0,16337400.0,45530700.0,8139300.0
2010-07-21,296417800.0,8615500.0,73297300.0,6583700.0
2010-07-22,161329700.0,6909000.0,73016400.0,4311400.0
2010-07-23,133347200.0,5078000.0,108520100.0,4545700.0
2010-07-26,105137900.0,5174900.0,67249900.0,4005200.0
2010-07-27,146192900.0,4648200.0,60672100.0,4920700.0
2010-07-28,129996300.0,4248800.0,69704800.0,5010600.0
2010-07-29,160951700.0,8994200.0,69446200.0,5371000.0
2010-07-30,112052500.0,6021000.0,83534800.0,4304100.0
2010-08-02,107013900.0,6437500.0,55044600.0,3731300.0
2010-08-03,104413400.0,5091800.0,56877700.0,3618100.0
2010-08-04,105093800.0,4567500.0,78531900.0,7653500.0
2010-08-05,72274300.0,4520600.0,64922100.0,4858900.0
2010-08-06,111224400.0,6136200.0,55982100.0,6663800.0
2010-08-09,75782000.0,6131700.0,57096500.0,3758300.0
2010-08-10,112980000.0,5471700.0,87257700.0,4163400.0
2010-08-11,155013600.0,6316100.0,76746900.0,4462600.0
2010-08-12,133730100.0,5132200.0,70240500.0,4425700.0
2010-08-13,88717300.0,4669400.0,45263500.0,3883800.0
2010-08-16,79607500.0,4009200.0,40909700.0,2619700.0
2010-08-17,105660100.0,4298300.0,52912600.0,3795400.0
2010-08-18,84924000.0,4883200.0,46818900.0,5392800.0
2010-08-19,106676500.0,5402400.0,54064600.0,7879300.0
2010-08-20,96057500.0,6246300.0,49560100.0,7864500.0
2010-08-23,103510400.0,4034400.0,51643000.0,5994700.0
2010-08-24,150641400.0,5621200.0,66522500.0,5546000.0
2010-08-25,149216900.0,5235300.0,47404800.0,5203500.0
2010-08-26,116626300.0,7746600.0,49105300.0,3567200.0
2010-08-27,137097800.0,6214200.0,60939400.0,4642100.0
2010-08-30,95822300.0,3604000.0,45453100.0,2471900.0
2010-08-31,105196700.0,5624200.0,66074600.0,3908100.0
2010-09-01,174259400.0,5623100.0,65235900.0,6480700.0
2010-09-02,103856900.0,5103300.0,48837100.0,3380900.0
2010-09-03,130197200.0,5142900.0,64189100.0,5099700.0
2010-09-07,85639400.0,4353300.0,51928700.0,3432500.0
2010-09-08,131637800.0,4477500.0,65512400.0,4821600.0
2010-09-09,109643800.0,3436700.0,46028900.0,4879300.0
2010-09-10,96885600.0,4418700.0,58284300.0,3963300.0
2010-09-13,97195000.0,5271300.0,114680400.0,4499700.0
2010-09-14,102037600.0,4850500.0,87160400.0,4449500.0
2010-09-15,107342200.0,4762500.0,56201900.0,4823600.0
2010-09-16,163025800.0,4685000.0,44548300.0,3953700.0
2010-09-17,158619300.0,10397400.0,70341600.0,11325400.0
2010-09-20,164669400.0,7145500.0,49838700.0,8840000.0
2010-09-21,167018600.0,5267900.0,52675700.0,8966000.0
2010-09-22,146322400.0,4922400.0,94299400.0,5093100.0
2010-09-23,196529200.0,3898800.0,46201800.0,4652100.0
2010-09-24,162372000.0,7122400.0,51948800.0,6738900.0
2010-09-27,120708700.0,6155400.0,43603300.0,6238000.0
2010-09-28,258760600.0,7481300.0,56041200.0,7336700.0
2010-09-29,117411000.0,5151200.0,44318900.0,4360600.0
2010-09-30,168347900.0,6425800.0,61262700.0,6512400.0
2010-10-01,112035700.0,5621200.0,62672300.0,4466600.0
2010-10-04,108825500.0,4059900.0,98143400.0,3895400.0
2010-10-05,125491800.0,6202500.0,78152900.0,7040400.0
2010-10-06,167717200.0,4783000.0,50489700.0,5545200.0
2010-10-07,102099900.0,6440800.0,50096100.0,4809400.0
2010-10-08,164600800.0,4540800.0,41327800.0,5739800.0
2010-10-11,106938300.0,4004300.0,27587800.0,5272200.0
2010-10-12,139636000.0,5637300.0,50141500.0,7535300.0
2010-10-13,157523100.0,8784300.0,75336500.0,6134000.0
2010-10-14,108824100.0,5653100.0,51949100.0,13317800.0
2010-10-15,230548500.0,7220400.0,68954800.0,29760600.0
2010-10-18,273252700.0,10322700.0,48330500.0,14249500.0
2010-10-19,308196000.0,14159100.0,66150900.0,9210100.0
2010-10-20,180406100.0,6945500.0,56283600.0,7076500.0
2010-10-21,137865000.0,6221200.0,50032400.0,5862800.0
2010-10-22,93194500.0,4105300.0,25837900.0,4529100.0
2010-10-25,98115500.0,4870000.0,50912400.0,6340400.0
2010-10-26,98232400.0,7327100.0,69304200.0,5044600.0
2010-10-27,99750700.0,6465300.0,64805500.0,4500500.0
2010-10-28,137762800.0,5481600.0,80730300.0,4384900.0
2010-10-29,107627800.0,8439300.0,114193200.0,4573600.0
2010-11-01,105972300.0,5674600.0,61912100.0,6197200.0
2010-11-02,108482500.0,4626400.0,54402100.0,4010000.0
2010-11-03,127087100.0,5182100.0,110255300.0,6786200.0
2010-11-04,160622000.0,6622500.0,93599300.0,7168300.0
2010-11-05,90313300.0,4995800.0,110953700.0,3544600.0
2010-11-08,70439600.0,4459700.0,71670800.0,4218300.0
2010-11-09,95886000.0,5700600.0,58538600.0,4491000.0
2010-11-10,96056800.0,5172000.0,52277300.0,5012600.0
2010-11-11,90321000.0,4752200.0,62073100.0,4540100.0
2010-11-12,198961700.0,4731500.0,64962200.0,6811300.0
2010-11-15,100901500.0,3827700.0,51794600.0,6983800.0
2010-11-16,164412500.0,6342100.0,65339200.0,6639500.0
2010-11-17,119862400.0,4785900.0,58299700.0,4903200.0
2010-11-18,123622800.0,4236200.0,59514000.0,5199300.0
2010-11-19,96210800.0,5015900.0,52423200.0,4612100.0
2010-11-22,98268800.0,3730700.0,53350500.0,4389500.0
2010-11-23,129861900.0,4570300.0,69742500.0,4341300.0
2010-11-24,103431300.0,4874100.0,56825900.0,4810600.0
2010-11-26,59396400.0,2081300.0,21356500.0,2632000.0
2010-11-29,111446300.0,5040300.0,56603600.0,5740800.0
2010-11-30,125464500.0,7674800.0,75282100.0,14288100.0
2010-12-01,115437700.0,6822800.0,74123500.0,7536300.0
2010-12-02,115709300.0,5374000.0,91759200.0,5114800.0
2010-12-03,85523200.0,3710600.0,52622000.0,5282000.0
2010-12-06,112120400.0,3321800.0,36264200.0,4203200.0
2010-12-07,97863500.0,4828600.0,57860500.0,6107100.0
2010-12-08,80483900.0,4961400.0,41666800.0,3526900.0
2010-12-09,73537800.0,4405300.0,47148300.0,3751700.0
2010-12-10,65627800.0,3503800.0,37625800.0,3422100.0
2010-12-13,109953900.0,4741000.0,47943900.0,4814800.0
2010-12-14,87752000.0,4800800.0,64070500.0,3298800.0
2010-12-15,104328000.0,4447400.0,69634200.0,4351600.0
2010-12-16,80507700.0,4178600.0,57680200.0,3205600.0
2010-12-17,96732300.0,10027000.0,87456500.0,6197200.0
2010-12-20,96402600.0,3995000.0,52811000.0,3961300.0
2010-12-21,64088500.0,3777100.0,38153000.0,3773000.0
2010-12-22,66480400.0,3388800.0,42252300.0,2424000.0
2010-12-23,55789300.0,2424500.0,24902500.0,2229900.0
2010-12-27,62454000.0,2314700.0,21652800.0,2425200.0
2010-12-28,43981000.0,2699600.0,23042200.0,2137500.0
2010-12-29,40784800.0,3661100.0,19502500.0,2046000.0
2010-12-30,39373600.0,3039100.0,20786100.0,1986300.0
2010-12-31,48377000.0,2969800.0,24752000.0,3090000.0
2011-01-03,111284600.0,4603800.0,53443800.0,4748100.0
2011-01-04,77270200.0,5060100.0,54405600.0,3662600.0
2011-01-05,63879900.0,4657400.0,58998700.0,5083500.0
2011-01-06,75107200.0,5029200.0,88026300.0,4131000.0
2011-01-07,77982800.0,4135700.0,73762000.0,4218100.0
2011-01-10,112140000.0,3633400.0,57573600.0,3170100.0
2011-01-11,111027000.0,4163600.0,50298900.0,2889300.0
2011-01-12,75647600.0,4091500.0,52631100.0,3277500.0
2011-01-13,74195100.0,3445800.0,67077600.0,2677900.0
2011-01-14,77210000.0,4544200.0,62688400.0,4748900.0
2011-01-18,470249500.0,9176900.0,53322700.0,7261000.0
2011-01-19,283903200.0,12141000.0,50005900.0,6837700.0
2011-01-20,191197300.0,7439900.0,58613600.0,11012600.0
2011-01-21,188600300.0,7009000.0,58080300.0,17875500.0
2011-01-24,143670800.0,7285100.0,52047800.0,9232700.0
2011-01-25,136717000.0,8260800.0,42436600.0,7320800.0
2011-01-26,126718900.0,5353100.0,74628800.0,4091400.0
2011-01-27,71256500.0,4878300.0,146938600.0,4053400.0
2011-01-28,148014300.0,6725600.0,141249400.0,8493800.0
2011-01-31,94311700.0,7197200.0,65029000.0,5630800.0
2011-02-01,106658300.0,5831300.0,62810700.0,5511000.0
2011-02-02,64738800.0,3904000.0,45824000.0,3534500.0
2011-02-03,98449400.0,4683400.0,60340100.0,3001300.0
2011-02-04,80460100.0,3755200.0,40412200.0,3113200.0
2011-02-07,121255400.0,4928100.0,68980900.0,3612500.0
2011-02-08,95260200.0,5612600.0,34904200.0,3402400.0
2011-02-09,120686300.0,4633600.0,52905100.0,3698700.0
2011-02-10,232137500.0,5737800.0,76672400.0,4686200.0
2011-02-11,91893200.0,5185200.0,83939700.0,5199100.0
2011-02-14,77604100.0,4129800.0,56766200.0,4271800.0
2011-02-15,71043700.0,3768700.0,44116500.0,4199500.0
2011-02-16,120289400.0,3216000.0,70817900.0,3380500.0
2011-02-17,132645800.0,3230500.0,57207300.0,2968600.0
2011-02-18,204014300.0,4245000.0,68667800.0,6459800.0
2011-02-22,218138900.0,5209300.0,60889000.0,7307000.0
2011-02-23,167963600.0,5998100.0,60234100.0,5800700.0
2011-02-24,124975200.0,5707500.0,64494200.0,5443700.0
2011-02-25,95004700.0,4518400.0,53006300.0,3879200.0
2011-02-28,100768500.0,4773000.0,51379900.0,4580000.0
2011-03-01,114034200.0,4382800.0,60055000.0,6671200.0
2011-03-02,150647700.0,3413000.0,48658200.0,4068500.0
2011-03-03,125197100.0,4057800.0,68271500.0,3905000.0
2011-03-04,113316700.0,4910700.0,70437200.0,6044500.0
2011-03-07,136530800.0,5312000.0,64980400.0,6951300.0
2011-03-08,89079200.0,5384800.0,50549800.0,4586800.0
2011-03-09,113326500.0,9086600.0,39789100.0,4318100.0
2011-03-10,126884800.0,7041400.0,66549500.0,6279500.0
2011-03-11,117770100.0,4271000.0,49905800.0,6086600.0
2011-03-14,108989300.0,4300500.0,54473400.0,5653200.0
2011-03-15,180270300.0,6475800.0,76067300.0,8041200.0
2011-03-16,290502800.0,12195300.0,100725400.0,7625300.0
2011-03-17,164855600.0,7376400.0,62497000.0,5820200.0
2011-03-18,188303500.0,11450000.0,85486700.0,6621800.0
2011-03-21,102350500.0,5784000.0,46878100.0,6064400.0
2011-03-22,81480700.0,4311400.0,30895600.0,3787800.0
2011-03-23,93249100.0,4782500.0,43969000.0,3645900.0
2011-03-24,101178000.0,5145800.0,38696700.0,4213000.0
2011-03-25,112227500.0,5348100.0,57029800.0,5738200.0
2011-03-28,77338800.0,3972800.0,48973200.0,4453300.0
2011-03-29,88225200.0,3456700.0,40763500.0,3221600.0
2011-03-30,82351500.0,3394100.0,41999300.0,2855200.0
2011-03-31,68504800.0,3860800.0,63233700.0,4073900.0
2011-04-01,104665400.0,4381900.0,63114200.0,5245900.0
2011-04-04,115021200.0,3225100.0,35433700.0,4124300.0
2011-04-05,120682800.0,3612000.0,73651100.0,12140200.0
2011-04-06,100634800.0,3774800.0,65581400.0,5356500.0
2011-04-07,93361800.0,3666700.0,46134700.0,5081900.0
2011-04-08,94383800.0,3324100.0,39887600.0,3817800.0
2011-04-11,99736700.0,4139000.0,34286300.0,3730300.0
2011-04-12,106409800.0,3860600.0,36920400.0,4186700.0
2011-04-13,86555000.0,4181900.0,38144700.0,4154200.0
2011-04-14,75450200.0,4699100.0,55239900.0,10953400.0
2011-04-15,113401400.0,5287400.0,65080400.0,28192500.0
2011-04-18,152474700.0,6160700.0,58045100.0,10117300.0
2011-04-19,104844600.0,6547100.0,38892400.0,5388200.0
2011-04-20,175166600.0,10891800.0,61608600.0,6142900.0
2011-04-21,188452600.0,6158400.0,46892300.0,4958600.0
2011-04-25,66636500.0,3583800.0,33525100.0,3273700.0
2011-04-26,84700000.0,7300000.0,69200000.0,7026100.0
2011-04-27,89053300.0,5299700.0,52689000.0,4613900.0
2011-04-28,90239800.0,5087700.0,80200000.0,4014800.0
2011-04-29,251586300.0,5587700.0,319317900.0,8488600.0
2011-05-02,110678400.0,5396200.0,89825600.0,4283300.0
2011-05-03,78337000.0,5007700.0,71892900.0,4178500.0
2011-05-04,97312600.0,6890300.0,73292300.0,4249800.0
2011-05-05,83992300.0,7332000.0,55600000.0,4010400.0
2011-05-06,70033600.0,4839400.0,55993000.0,4127600.0
2011-05-09,51186800.0,3594800.0,38696400.0,3911900.0
2011-05-10,70522900.0,4934800.0,120798700.0,4101000.0
2011-05-11,84000000.0,4663200.0,78600000.0,4695000.0
2011-05-12,80500000.0,5138500.0,77400000.0,2907300.0
2011-05-13,81529000.0,5167400.0,66812300.0,4233100.0
2011-05-16,112443800.0,4662200.0,91350900.0,5938500.0
2011-05-17,113083600.0,8773200.0,82882100.0,6631900.0
2011-05-18,83694100.0,4154300.0,53931100.0,3921000.0
2011-05-19,65292500.0,3538300.0,37783600.0,4955800.0
2011-05-20,84492100.0,4869900.0,45451500.0,4652300.0
2011-05-23,95900000.0,5144000.0,52692500.0,4617100.0
2011-05-24,80481800.0,4643600.0,47691800.0,3814100.0
2011-05-25,73556000.0,3882100.0,34904200.0,2612900.0
2011-05-26,55640200.0,5771300.0,78016600.0,4252800.0
2011-05-27,50899800.0,3277600.0,50251000.0,3504500.0
2011-05-31,104438600.0,9123400.0,60196300.0,5394600.0
2011-06-01,138670700.0,5134600.0,74033500.0,5933900.0
2011-06-02,84695800.0,3854100.0,51487800.0,4425500.0
2011-06-03,78312500.0,5230500.0,60697700.0,3510000.0
2011-06-06,115485300.0,3619700.0,54778700.0,3898600.0
2011-06-07,132446300.0,4187000.0,41112600.0,3829400.0
2011-06-08,83430900.0,3850800.0,42205000.0,3319100.0
2011-06-09,68772200.0,4299800.0,42878700.0,3390700.0
2011-06-10,108488800.0,4683300.0,49327200.0,4898000.0
2011-06-13,82368300.0,5099200.0,47572500.0,4872700.0
2011-06-14,83642300.0,7050000.0,42894500.0,4700400.0
2011-06-15,99799000.0,5225600.0,49410200.0,4162000.0
2011-06-16,127647800.0,4861100.0,57184100.0,5534600.0
2011-06-17,153755000.0,7149700.0,83320400.0,10530000.0
2011-06-20,160161400.0,3956100.0,54338400.0,6079800.0
2011-06-21,123345600.0,5387300.0,49708700.0,5551400.0
2011-06-22,97645800.0,3960500.0,44287300.0,4832200.0
2011-06-23,139939800.0,5271500.0,59470400.0,9639300.0
2011-06-24,109951800.0,4402600.0,101387200.0,7639700.0
2011-06-27,84953400.0,4446700.0,92044200.0,6915100.0
2011-06-28,73574900.0,4850000.0,81032100.0,5450500.0
2011-06-29,88136300.0,3817100.0,66051000.0,4703400.0
2011-06-30,80738700.0,5105200.0,52535400.0,4874900.0
2011-07-01,108828300.0,5181700.0,52906200.0,7300500.0
2011-07-05,88763500.0,4586500.0,37805300.0,7727100.0
2011-07-06,111156500.0,5885900.0,48744200.0,5411300.0
2011-07-07,99915900.0,5905600.0,51946500.0,7900400.0
2011-07-08,122408300.0,4399900.0,58320700.0,9576100.0
2011-07-11,110668600.0,4766500.0,43999800.0,5699800.0
2011-07-12,112902300.0,5036800.0,47319300.0,5703600.0
2011-07-13,97909700.0,4074800.0,40861800.0,5601200.0
2011-07-14,107633400.0,4613100.0,46382300.0,13348700.0
2011-07-15,121116800.0,5347100.0,49132400.0,27567000.0
2011-07-18,143163300.0,8879700.0,44501900.0,8970000.0
2011-07-19,204786400.0,13245600.0,86730600.0,5957200.0
2011-07-20,235335100.0,5901100.0,49795400.0,4472200.0
2011-07-21,131633600.0,4958400.0,81737400.0,6964900.0
2011-07-22,129182200.0,4516100.0,76380600.0,7082700.0
2011-07-25,147451500.0,4987000.0,108482400.0,6286600.0
2011-07-26,119145600.0,4356200.0,74636500.0,4703200.0
2011-07-27,164831100.0,5806800.0,71488700.0,7898200.0
2011-07-28,148508500.0,4478800.0,83761400.0,6240000.0
2011-07-29,158146100.0,6665600.0,104394800.0,8305700.0
2011-08-01,153209000.0,5842700.0,61838400.0,7961800.0
2011-08-02,159884900.0,5770400.0,63883100.0,6425100.0
2011-08-03,183127000.0,6722000.0,64581200.0,7680000.0
2011-08-04,217851900.0,11022300.0,92949500.0,9866000.0
2011-08-05,301147700.0,11871800.0,112071700.0,11902500.0
2011-08-08,285958400.0,15804900.0,134257200.0,15049300.0
2011-08-09,270645900.0,12517600.0,126268900.0,12987800.0
2011-08-10,219664200.0,13993600.0,127819900.0,10779400.0
2011-08-11,185492300.0,9175600.0,90690100.0,9697300.0
2011-08-12,132244000.0,5187000.0,64787100.0,6332200.0
2011-08-15,115136000.0,7645400.0,56529400.0,14343200.0
2011-08-16,124687500.0,5585400.0,54251500.0,13930700.0
2011-08-17,110515300.0,5129700.0,50923700.0,8188700.0
2011-08-18,212858800.0,15082600.0,105714200.0,12628400.0
2011-08-19,193972100.0,14068600.0,77397900.0,10860500.0
2011-08-22,133828800.0,7249100.0,54721000.0,9848500.0
2011-08-23,164208800.0,6923300.0,59670600.0,8726000.0
2011-08-24,156566900.0,6427000.0,45329700.0,7215800.0
2011-08-25,217836500.0,6751600.0,48192000.0,6610500.0
2011-08-26,160369300.0,6438200.0,71957000.0,7219400.0
2011-08-29,101317300.0,5293400.0,38863200.0,4689000.0
2011-08-30,104480600.0,4477700.0,57341400.0,6000300.0
2011-08-31,130646600.0,6074200.0,59300800.0,5406700.0
2011-09-01,85931300.0,5463900.0,60510800.0,4849000.0
2011-09-02,109734800.0,4979100.0,43894400.0,4820300.0
2011-09-06,127424500.0,5761200.0,54929300.0,5451900.0
2011-09-07,87644200.0,6796600.0,41961000.0,5532200.0
2011-09-08,104039600.0,6027200.0,65811900.0,4778700.0
2011-09-09,141203300.0,6743900.0,64529200.0,6562000.0
2011-09-12,116958100.0,5247200.0,55046100.0,5360700.0
2011-09-13,110140100.0,4723800.0,48792300.0,4726000.0
2011-09-14,133681100.0,6980700.0,66739200.0,5408900.0
2011-09-15,104454700.0,5464400.0,67808300.0,5943700.0
2011-09-16,174628300.0,11048100.0,89681500.0,7095000.0
2011-09-19,205965200.0,4755600.0,52324900.0,4955200.0
2011-09-20,193938500.0,6209600.0,49211900.0,5578900.0
2011-09-21,151494000.0,7043100.0,72750700.0,5047400.0
2011-09-22,242120200.0,8195600.0,96278300.0,8833500.0
2011-09-23,136569300.0,5586600.0,64768100.0,5575300.0
2011-09-26,203219100.0,6745700.0,51057600.0,5288000.0
2011-09-27,158124400.0,7638800.0,55620700.0,6044300.0
2011-09-28,107409400.0,7732200.0,60736200.0,4543500.0
2011-09-29,162771700.0,6944300.0,63407300.0,5834900.0
2011-09-30,136910200.0,7807400.0,54060500.0,5467500.0
2011-10-03,167274800.0,9042600.0,64592500.0,8982200.0
2011-10-04,308419300.0,9200000.0,83485400.0,8348700.0
2011-10-05,196617400.0,5851700.0,94061300.0,9102100.0
2011-10-06,203145600.0,7180900.0,55111400.0,6874200.0
2011-10-07,133864500.0,6842600.0,52741600.0,5733100.0
2011-10-10,110628700.0,5784800.0,41815300.0,4661700.0
2011-10-11,151421900.0,5330500.0,38826200.0,5728100.0
2011-10-12,155571500.0,5338200.0,52489800.0,6379300.0
2011-10-13,106546300.0,4399200.0,43823500.0,11417700.0
2011-10-14,143341800.0,5368200.0,50947700.0,17123600.0
2011-10-17,171511200.0,8790300.0,39453300.0,8046400.0
2011-10-18,220400600.0,15729400.0,52487900.0,7630000.0
2011-10-19,276014900.0,6708300.0,42880000.0,5884900.0
2011-10-20,137317600.0,7513800.0,76300200.0,6783200.0
2011-10-21,155311100.0,8054200.0,76620600.0,6807300.0
2011-10-24,125534500.0,5890600.0,56897800.0,6879400.0
2011-10-25,107606800.0,5373100.0,53554600.0,5099900.0
2011-10-26,114076200.0,5387700.0,63029900.0,5767600.0
2011-10-27,123666200.0,7057800.0,74512400.0,7588800.0
2011-10-28,80710700.0,5009800.0,57712100.0,5034700.0
2011-10-31,96375300.0,4710000.0,46799000.0,5134700.0
2011-11-01,132947500.0,5881200.0,61182600.0,6273500.0
2011-11-02,81837700.0,4136600.0,53533100.0,4257600.0
2011-11-03,110346600.0,4953500.0,65836100.0,5359500.0
2011-11-04,75557300.0,3237600.0,36549200.0,5690700.0
2011-11-07,67568900.0,3530800.0,42589700.0,6739900.0
2011-11-08,100110500.0,4330600.0,47822500.0,6081400.0
2011-11-09,139671000.0,5494800.0,62950900.0,7449700.0
2011-11-10,186188100.0,3881600.0,32514400.0,5758200.0
2011-11-11,163446500.0,3665300.0,37903000.0,7983700.0
2011-11-14,108226300.0,6038600.0,34199200.0,6401200.0
2011-11-15,107702700.0,4585300.0,43874200.0,5372000.0
2011-11-16,87302600.0,4616800.0,53262800.0,5236500.0
2011-11-17,119975100.0,5840500.0,70977500.0,7012700.0
2011-11-18,92984500.0,4440900.0,47626200.0,6599900.0
2011-11-21,111995100.0,5145100.0,61882500.0,6025000.0
2011-11-22,102255300.0,4178600.0,49204500.0,4828600.0
2011-11-23,107067800.0,4800900.0,49099700.0,4668900.0
2011-11-25,63690200.0,2232800.0,26164600.0,3136400.0
2011-11-28,86603300.0,4524200.0,46766700.0,5678900.0
2011-11-29,93963800.0,3661600.0,40917100.0,3677200.0
2011-11-30,101484600.0,7836800.0,81350900.0,6819300.0
2011-12-01,96795300.0,4858800.0,48545400.0,7268300.0
2011-12-02,94763900.0,4962200.0,52293800.0,8201900.0
2011-12-05,89302500.0,5699400.0,56818400.0,6418800.0
2011-12-06,70899500.0,4144900.0,46175300.0,4670300.0
2011-12-07,76186600.0,5081700.0,62667000.0,4531500.0
2011-12-08,94089100.0,4369000.0,60522200.0,4844200.0
2011-12-09,74248300.0,4847900.0,53788500.0,5553100.0
2011-12-12,75266800.0,3796100.0,38945900.0,4384100.0
2011-12-13,84732200.0,5008400.0,54581100.0,8086500.0
2011-12-14,101721900.0,5057700.0,47926400.0,7836600.0
2011-12-15,64050000.0,4474500.0,46213900.0,4835200.0
2011-12-16,105369600.0,11849400.0,101408100.0,8952000.0
2011-12-19,58882600.0,5039900.0,52258300.0,4302900.0
2011-12-20,84303800.0,4740100.0,60767600.0,4794200.0
2011-12-21,65737000.0,9282500.0,64132500.0,5014400.0
2011-12-22,50589700.0,5052000.0,35794100.0,3658200.0
2011-12-23,67349800.0,3052300.0,23205800.0,2918200.0
2011-12-27,66269000.0,2775200.0,21287200.0,3224800.0
2011-12-28,57165500.0,2872000.0,29822500.0,4270200.0
2011-12-29,53994500.0,2941600.0,22616900.0,3162500.0
2011-12-30,44915500.0,3530900.0,27395700.0,3577800.0
2012-01-03,75555200.0,5646000.0,64731500.0,7380500.0
2012-01-04,65005500.0,4346700.0,80516100.0,5749400.0
2012-01-05,67817400.0,4463100.0,56081400.0,6590300.0
2012-01-06,79573200.0,4897100.0,99455500.0,5405900.0
2012-01-09,98506100.0,5201200.0,59706800.0,11688800.0
2012-01-10,64549100.0,5161000.0,60014400.0,8824000.0
2012-01-11,53771200.0,4110800.0,65582400.0,4817800.0
2012-01-12,53146800.0,6881000.0,49370800.0,3764400.0
2012-01-13,56505400.0,5279200.0,60196100.0,4631800.0
2012-01-17,60724300.0,6003400.0,72395300.0,3832800.0
2012-01-18,69197800.0,4600600.0,64860600.0,5544000.0
2012-01-19,65434600.0,8567200.0,74053500.0,12657800.0
2012-01-20,103493600.0,12849700.0,165902900.0,21231800.0
2012-01-23,76515600.0,5751700.0,76078100.0,6851300.0
2012-01-24,136909500.0,5345700.0,51703300.0,6134400.0
2012-01-25,239578500.0,4359700.0,59231700.0,10012700.0
2012-01-26,80996300.0,4004700.0,49102800.0,6476500.0
2012-01-27,74927300.0,3360400.0,44187700.0,7262000.0
2012-01-30,94835300.0,4359000.0,51114800.0,4678400.0
2012-01-31,97920900.0,4826800.0,50572400.0,4300700.0
2012-02-01,67511500.0,5088800.0,67409900.0,4658700.0
2012-02-02,46699100.0,3907300.0,52223300.0,4847400.0
2012-02-03,71649900.0,4521700.0,41838500.0,6360700.0
2012-02-06,62353200.0,3639800.0,28039700.0,7386700.0
2012-02-07,79055900.0,3433000.0,39242400.0,4199700.0
2012-02-08,101972500.0,3803800.0,49659100.0,3686400.0
2012-02-09,221053700.0,3876400.0,50481600.0,4546300.0
2012-02-10,157825500.0,3391100.0,44605300.0,4667700.0
2012-02-13,129304000.0,2458800.0,33319800.0,3646100.0
2012-02-14,115099600.0,3398100.0,59644000.0,3620900.0
2012-02-15,376530000.0,4020900.0,43311300.0,4869900.0
2012-02-16,236138000.0,3525500.0,94705100.0,5080700.0
2012-02-17,133951300.0,3746500.0,70036500.0,4916400.0
2012-02-21,151398800.0,3293600.0,50829900.0,4980100.0
2012-02-22,120825600.0,3275800.0,49253200.0,3948700.0
2012-02-23,142006900.0,8032700.0,35034700.0,4125300.0
2012-02-24,103768000.0,3353200.0,35575400.0,3885600.0
2012-02-27,136895500.0,3758400.0,34568400.0,3641300.0
2012-02-28,150096800.0,3167400.0,45230600.0,5716400.0
2012-02-29,238002800.0,5117100.0,59323600.0,6297200.0
2012-03-01,170817500.0,3560300.0,77344100.0,4492000.0
2012-03-02,107928100.0,3727400.0,47314200.0,3158300.0
2012-03-05,202281100.0,6938000.0,45240000.0,3198400.0
2012-03-06,202559700.0,5214700.0,51932900.0,6372500.0
2012-03-07,199630200.0,3346900.0,34340400.0,2538400.0
2012-03-08,129114300.0,3145800.0,36747400.0,2700900.0
2012-03-09,104729800.0,3178200.0,34628400.0,5361100.0
2012-03-12,101820600.0,3119700.0,34073600.0,3350400.0
2012-03-13,172713800.0,4866000.0,48951700.0,4508300.0
2012-03-14,354711000.0,4602300.0,41986900.0,5895700.0
2012-03-15,289929500.0,3621100.0,49068300.0,4888300.0
2012-03-16,206371900.0,9637000.0,65626400.0,6123800.0
2012-03-19,225309000.0,3763200.0,44789200.0,4361800.0
2012-03-20,204165500.0,3695100.0,41566800.0,3092400.0
2012-03-21,161010500.0,3329900.0,37928600.0,4957600.0
2012-03-22,155967700.0,3307800.0,31749500.0,4838400.0
2012-03-23,107622200.0,3036200.0,35912200.0,3894800.0
2012-03-26,148935500.0,3418200.0,36758300.0,3651900.0
2012-03-27,151782400.0,2704500.0,36274900.0,4029400.0
2012-03-28,163865100.0,3265700.0,41344800.0,5096700.0
2012-03-29,152059600.0,3403700.0,37038500.0,3862900.0
2012-03-30,182759500.0,3215200.0,31749400.0,4638700.0
2012-04-02,149587900.0,3387900.0,35853600.0,4585400.0
2012-04-03,208639900.0,4091500.0,42752100.0,4105000.0
2012-04-04,143245200.0,4404000.0,49455900.0,3267300.0
2012-04-05,160324500.0,3809000.0,50368600.0,4654700.0
2012-04-09,149384200.0,3326900.0,31056400.0,4381600.0
2012-04-10,222431300.0,4132900.0,54131300.0,4982500.0
2012-04-11,174153700.0,3366200.0,43014000.0,4414300.0
2012-04-12,153584200.0,2929600.0,38304000.0,11556300.0
2012-04-13,214911200.0,3767000.0,39749200.0,16379700.0
2012-04-16,262696700.0,3826600.0,38124800.0,11426700.0
2012-04-17,256382000.0,6065500.0,34361500.0,6070400.0
2012-04-18,238632800.0,10153500.0,40552900.0,5358900.0
2012-04-19,208679800.0,5762900.0,54781200.0,6613800.0
2012-04-20,257746300.0,4758200.0,106045000.0,6139700.0
2012-04-23,241632300.0,3618800.0,61398200.0,4411900.0
2012-04-24,269037300.0,5626300.0,40871100.0,3872600.0
2012-04-25,226444400.0,4003400.0,62495500.0,3655800.0
2012-04-26,134017100.0,3302700.0,40308100.0,4200600.0
2012-04-27,101680600.0,3496900.0,41419100.0,3284900.0
2012-04-30,126536200.0,2773200.0,35697200.0,4832600.0
2012-05-01,152749800.0,2715900.0,43832300.0,4019600.0
2012-05-02,106847300.0,2360300.0,37385300.0,3235000.0
2012-05-03,97637400.0,2826600.0,31501300.0,3749900.0
2012-05-04,132498100.0,4023600.0,57927200.0,4431300.0
2012-05-07,115029600.0,3373400.0,48641400.0,4003800.0
2012-05-08,124313000.0,3881500.0,46328300.0,5374600.0
2012-05-09,120176000.0,3742500.0,50309300.0,4675000.0
2012-05-10,83300000.0,3830500.0,43839200.0,3083200.0
2012-05-11,99886500.0,2391500.0,43459300.0,4214400.0
2012-05-14,88156600.0,3029200.0,40528900.0,3662400.0
2012-05-15,119084000.0,2987400.0,61822800.0,4219900.0
2012-05-16,140224000.0,5001000.0,60083700.0,9706300.0
2012-05-17,179305000.0,5626300.0,48484000.0,6732700.0
2012-05-18,183073100.0,5737100.0,56205300.0,11991700.0
2012-05-21,157776500.0,3831700.0,38787900.0,6173800.0
2012-05-22,173717600.0,3567100.0,39504900.0,6126600.0
2012-05-23,146224400.0,4100000.0,65171000.0,6379900.0
2012-05-24,124057500.0,3569300.0,52575000.0,3796600.0
2012-05-25,82126800.0,2901900.0,29507200.0,7190500.0
2012-05-29,95127200.0,3618500.0,37758800.0,5230900.0
2012-05-30,132357400.0,3602500.0,41585500.0,3827600.0
2012-05-31,122918600.0,9287500.0,39134000.0,5958800.0
2012-06-01,130246900.0,5206400.0,56634300.0,6138700.0
2012-06-04,139248900.0,4624500.0,47926300.0,4883500.0
2012-06-05,97053600.0,3556500.0,45715400.0,4697200.0
2012-06-06,100363900.0,3641300.0,46860500.0,4207200.0
2012-06-07,94941700.0,3701100.0,37792800.0,3530100.0
2012-06-08,86879100.0,2479200.0,42551100.0,2831300.0
2012-06-11,147816200.0,3273300.0,46361900.0,5342100.0
2012-06-12,108845100.0,3023700.0,35337900.0,6472500.0
2012-06-13,73395000.0,3247700.0,32984600.0,3923000.0
2012-06-14,86393300.0,3585000.0,39458900.0,4707200.0
2012-06-15,83813800.0,6389000.0,62314400.0,6024800.0
2012-06-18,110103000.0,3378900.0,58679900.0,5012400.0
2012-06-19,90351100.0,3297600.0,75725800.0,4167900.0
2012-06-20,89735800.0,3378200.0,36257100.0,4710800.0
2012-06-21,81587800.0,4316600.0,48456600.0,4037600.0
2012-06-22,71117900.0,8823000.0,45098100.0,4472400.0
2012-06-25,76095600.0,3211600.0,42217200.0,3174900.0
2012-06-26,69134100.0,3435900.0,38421300.0,2710500.0
2012-06-27,50749300.0,2762700.0,33781700.0,3397200.0
2012-06-28,70709100.0,3967300.0,45328400.0,3856100.0
2012-06-29,105375200.0,5259600.0,55227200.0,5057800.0
2012-07-02,100023000.0,2827000.0,30589100.0,3323300.0
2012-07-03,60428200.0,1450400.0,20938100.0,2387800.0
2012-07-05,121095800.0,2690200.0,28801900.0,4709200.0
2012-07-06,104732600.0,4952900.0,38294800.0,4339700.0
2012-07-09,94851400.0,3988100.0,30680800.0,3443000.0
2012-07-10,127989400.0,4690300.0,37534100.0,3860500.0
2012-07-11,117330500.0,5456100.0,39184900.0,7024700.0
2012-07-12,107010400.0,4931300.0,63523600.0,4636800.0
2012-07-13,77856800.0,3933000.0,39085000.0,3966700.0
2012-07-16,75315100.0,3144400.0,27900600.0,2936100.0
2012-07-17,73406200.0,5158600.0,33771300.0,3372700.0
2012-07-18,63175000.0,8019500.0,41090400.0,3107900.0
2012-07-19,109215400.0,10395400.0,46663200.0,9384300.0
2012-07-20,99367800.0,4789700.0,64021700.0,12975800.0
2012-07-23,121993900.0,3904500.0,55151900.0,7150000.0
2012-07-24,141283100.0,3597100.0,47723300.0,4033800.0
2012-07-25,219328200.0,3833800.0,45579500.0,3659600.0
2012-07-26,101658200.0,3282900.0,45301400.0,3382900.0
2012-07-27,100984100.0,4177300.0,44242600.0,7125900.0
2012-07-30,94785600.0,2787000.0,28905000.0,4389700.0
2012-07-31,115581900.0,3507000.0,37620900.0,3745100.0
2012-08-01,96125400.0,2559300.0,31721800.0,3702900.0
2012-08-02,83039600.0,2812600.0,39520500.0,3970100.0
2012-08-03,86230200.0,3278100.0,35859400.0,3808300.0
2012-08-06,75525800.0,2337800.0,27471800.0,3578000.0
2012-08-07,72611700.0,3209400.0,28002900.0,3978300.0
2012-08-08,61176500.0,2068300.0,26257600.0,2654200.0
2012-08-09,55410600.0,2160100.0,24920800.0,2148500.0
2012-08-10,48734700.0,2600500.0,27810300.0,2879800.0
2012-08-13,69708100.0,2418300.0,23049100.0,6560200.0
2012-08-14,85042300.0,2562300.0,34551400.0,7350800.0
2012-08-15,64335600.0,2111800.0,24351000.0,4839400.0
2012-08-16,63633500.0,2729500.0,35787200.0,3448200.0
2012-08-17,110690300.0,2551800.0,32589900.0,4371600.0
2012-08-20,153346200.0,2336000.0,23737700.0,3529300.0
2012-08-21,203179900.0,3111300.0,28822700.0,4461000.0
2012-08-22,141330700.0,3296100.0,33437400.0,3832600.0
2012-08-23,105032200.0,2757400.0,28355600.0,3581700.0
2012-08-24,109335100.0,2639500.0,22943300.0,2863800.0
2012-08-27,106752100.0,2498800.0,34691100.0,5246900.0
2012-08-28,66854200.0,2539200.0,23947900.0,4132600.0
2012-08-29,50701700.0,2141400.0,23346800.0,6002900.0
2012-08-30,75674900.0,2740900.0,23982100.0,3265900.0
2012-08-31,84580300.0,3193300.0,36590100.0,4270000.0
2012-09-04,91973000.0,4514400.0,48556700.0,3793200.0
2012-09-05,84093800.0,3312500.0,33650000.0,3429100.0
2012-09-06,97799100.0,3931700.0,48371700.0,6109700.0
2012-09-07,82416600.0,3413700.0,42649100.0,6490100.0
2012-09-10,121999500.0,4208000.0,40524000.0,5139100.0
2012-09-11,125995800.0,3910600.0,25191800.0,3761500.0
2012-09-12,178058300.0,3284000.0,32775800.0,5304300.0
2012-09-13,149590000.0,3879600.0,45047300.0,5337900.0
2012-09-14,150118500.0,4057100.0,51422800.0,5256500.0
2012-09-17,99507800.0,3275100.0,36488500.0,3027800.0
2012-09-18,93375800.0,2476100.0,34542700.0,4149000.0
2012-09-19,81718700.0,2605600.0,48871900.0,6219700.0
2012-09-20,84142100.0,3739100.0,45543000.0,5836500.0
2012-09-21,142897300.0,12771500.0,102348900.0,12765800.0
2012-09-24,159941600.0,3511100.0,46825900.0,7154200.0
2012-09-25,129697400.0,3345200.0,54266400.0,12162400.0
2012-09-26,144125800.0,3423300.0,54672000.0,11388200.0
2012-09-27,148522500.0,2771900.0,47129900.0,7891600.0
2012-09-28,133777700.0,4910900.0,54229300.0,5587700.0
2012-10-01,135898700.0,5456900.0,54042700.0,6359700.0
2012-10-02,156998100.0,3321000.0,43338900.0,5601200.0
2012-10-03,106070300.0,3192300.0,46655900.0,4433100.0
2012-10-04,92681400.0,2957500.0,43634900.0,4926700.0
2012-10-05,148501500.0,2858400.0,41133900.0,5492200.0
2012-10-08,159498500.0,1982600.0,29752000.0,3931800.0
2012-10-09,209649300.0,3580400.0,45121100.0,6028900.0
2012-10-10,127589000.0,4024500.0,47227100.0,4095000.0
2012-10-11,136520300.0,2910000.0,41488500.0,4785600.0
2012-10-12,115003700.0,2712000.0,46464700.0,4826400.0
2012-10-15,108125500.0,3060900.0,42440200.0,6060700.0
2012-10-16,137442900.0,5632100.0,47739400.0,4131800.0
2012-10-17,97259400.0,12673900.0,44206100.0,4602900.0
2012-10-18,119156100.0,9295900.0,59238500.0,24977900.0
2012-10-19,186021500.0,6620300.0,90470800.0,23050400.0
2012-10-22,136682700.0,4402500.0,83374000.0,8141500.0
2012-10-23,176786400.0,4427400.0,64414800.0,5855000.0
2012-10-24,139631800.0,3738000.0,53320400.0,5011600.0
2012-10-25,164081400.0,3249600.0,54084300.0,4820100.0
2012-10-26,254608200.0,4006500.0,57790000.0,3916200.0
2012-10-31,127500800.0,6052300.0,69464100.0,3085400.0
2012-11-01,90324500.0,3758800.0,72047900.0,4115500.0
2012-11-02,149843400.0,4260100.0,57131600.0,4666100.0
2012-11-05,132283900.0,2736200.0,38070800.0,3283900.0
2012-11-06,93729300.0,3281000.0,43401500.0,3177300.0
2012-11-07,198412200.0,4746200.0,57871800.0,4481200.0
2012-11-08,264036500.0,3542200.0,49841800.0,5213300.0
2012-11-09,232478400.0,3671600.0,43291200.0,6251500.0
2012-11-12,128950500.0,3067400.0,61112300.0,2822300.0
2012-11-13,133237300.0,3406700.0,131689200.0,3200200.0
2012-11-14,119292600.0,4404400.0,76086100.0,3349200.0
2012-11-15,197477700.0,3411700.0,50955600.0,3711500.0
2012-11-16,316723400.0,4660800.0,64083300.0,6902000.0
2012-11-19,205829400.0,3588900.0,57179300.0,4754100.0
2012-11-20,160688500.0,3170200.0,47070400.0,4192900.0
2012-11-21,93250500.0,5189600.0,66360300.0,4240200.0
2012-11-23,68206600.0,3877600.0,57845700.0,1851800.0
2012-11-26,157644900.0,5210300.0,85198700.0,4425700.0
2012-11-27,133332500.0,3290900.0,45018600.0,5036100.0
2012-11-28,130216100.0,3603600.0,53018400.0,6106700.0
2012-11-29,128674700.0,4077900.0,69551400.0,5573700.0
2012-11-30,97829900.0,4936400.0,83690200.0,6350800.0
2012-12-03,91070000.0,3349600.0,53173800.0,4401300.0
2012-12-04,139267100.0,3990700.0,49777500.0,3998200.0
2012-12-05,261159500.0,4202100.0,68283800.0,3738700.0
2012-12-06,294303100.0,3216600.0,39182300.0,2935500.0
2012-12-07,196760200.0,4091300.0,46162100.0,3852900.0
2012-12-10,157621100.0,3438500.0,47031100.0,2743600.0
2012-12-11,148086400.0,4144000.0,52282800.0,5395200.0
2012-12-12,121786000.0,4241900.0,43966300.0,4870100.0
2012-12-13,156314900.0,3623200.0,45080100.0,6915500.0
2012-12-14,252394800.0,3826900.0,42077500.0,4276100.0
2012-12-17,189401800.0,3792400.0,42046100.0,6093400.0
2012-12-18,156421300.0,4125900.0,50486900.0,6032300.0
2012-12-19,112342300.0,4270500.0,53519900.0,3851500.0
2012-12-20,120422400.0,4184500.0,52607300.0,3326400.0
2012-12-21,149067100.0,8225300.0,98776500.0,7078300.0
2012-12-24,43938300.0,1631200.0,20842400.0,1688000.0
2012-12-26,75609100.0,2776500.0,31631100.0,2373500.0
2012-12-27,113780100.0,3967600.0,39394000.0,3307000.0
2012-12-28,88569600.0,3536600.0,28239900.0,2814500.0
2012-12-31,164873100.0,4684900.0,42749500.0,4009600.0
2013-01-02,140129500.0,4234100.0,52899300.0,5101500.0
2013-01-03,88241300.0,3644700.0,48294400.0,4653700.0
2013-01-04,148583400.0,3380200.0,52521100.0,5547600.0
2013-01-07,121039100.0,2862300.0,37110400.0,3323800.0
2013-01-08,114676800.0,3026900.0,44703100.0,3364700.0
2013-01-09,101901100.0,3212000.0,49047900.0,4064500.0
2013-01-10,150286500.0,3608100.0,71431300.0,3685000.0
2013-01-11,87626700.0,3880400.0,55512100.0,2579900.0
2013-01-14,183551900.0,4172200.0,48324400.0,5749200.0
2013-01-15,219193100.0,4172100.0,48244500.0,7884700.0
2013-01-16,172701200.0,2962900.0,41077400.0,4061900.0
2013-01-17,113419600.0,3881600.0,51685900.0,4439500.0
2013-01-18,118230700.0,4559600.0,52167700.0,6477700.0
2013-01-22,115386600.0,7172300.0,58650600.0,7613100.0
2013-01-23,215377400.0,12530500.0,50387700.0,11862400.0
2013-01-24,365213100.0,4447200.0,101739300.0,6790600.0
2013-01-25,302006600.0,3358900.0,81847700.0,4468400.0
2013-01-28,196379400.0,2823700.0,56056500.0,3266300.0
2013-01-29,142789500.0,3617100.0,49242600.0,3507200.0
2013-01-30,104288800.0,2998400.0,43580500.0,3478900.0
2013-01-31,79833600.0,3091400.0,50530000.0,3280500.0
2013-02-01,134871100.0,3370700.0,55565900.0,7520100.0
2013-02-04,119279300.0,3188800.0,50540000.0,6103700.0
2013-02-05,143336900.0,3636900.0,35410400.0,3755300.0
2013-02-06,148426600.0,3624200.0,41889600.0,4171700.0
2013-02-07,176145200.0,3076700.0,38028300.0,5701600.0
2013-02-08,158289600.0,2893300.0,33318500.0,6062700.0
2013-02-11,129372600.0,2944700.0,32247700.0,4351800.0
2013-02-12,152263300.0,2461800.0,35990900.0,3731900.0
2013-02-13,118801900.0,2169800.0,41715600.0,2405200.0
2013-02-14,88818800.0,3294200.0,32663200.0,3483500.0
2013-02-15,97936300.0,3627800.0,49650900.0,5480000.0
2013-02-19,108945900.0,2998300.0,38781400.0,5885500.0
2013-02-20,119075600.0,3715400.0,44110200.0,5549000.0
2013-02-21,111795600.0,3922900.0,49078500.0,7039000.0
2013-02-22,82663700.0,3107900.0,31425900.0,4123100.0
2013-02-25,93144800.0,3844800.0,48011800.0,4625000.0
2013-02-26,125374900.0,3391600.0,49923300.0,4421500.0
2013-02-27,146837600.0,4185100.0,36394700.0,4067300.0
2013-02-28,80628800.0,4689200.0,35840200.0,4548500.0
2013-03-01,138112100.0,3308300.0,34849700.0,4367000.0
2013-03-04,145688900.0,3693400.0,38157500.0,5571900.0
2013-03-05,159608400.0,3807800.0,41432200.0,8118400.0
2013-03-06,115062500.0,3594800.0,51448500.0,5767400.0
2013-03-07,117118400.0,3884400.0,29196700.0,4120700.0
2013-03-08,97870500.0,3700500.0,37667800.0,5845600.0
2013-03-11,118559000.0,3049700.0,36627500.0,3201200.0
2013-03-12,116477900.0,3591600.0,39255200.0,4031600.0
2013-03-13,101387300.0,3355900.0,29093400.0,3294800.0
2013-03-14,75968900.0,5505500.0,55914800.0,3314700.0
2013-03-15,160990200.0,7930300.0,92710300.0,6222500.0
2013-03-18,151549300.0,3006000.0,44809400.0,3690300.0
2013-03-19,131693800.0,3198600.0,51901600.0,4212000.0
2013-03-20,77165200.0,3019000.0,35447800.0,2938500.0
2013-03-21,95813900.0,5830400.0,34233200.0,2966200.0
2013-03-22,98776300.0,3031500.0,28720900.0,2987400.0
2013-03-25,125283900.0,3242500.0,44154000.0,3436800.0
2013-03-26,73573500.0,2300300.0,27824300.0,2392600.0
2013-03-27,82809300.0,3223400.0,36047400.0,4342500.0
2013-03-28,110709900.0,3749900.0,55453800.0,4592600.0
2013-04-01,97433000.0,2144500.0,29201100.0,3628100.0
2013-04-02,132379800.0,3116800.0,28456500.0,4098200.0
2013-04-03,90804000.0,3128800.0,35062800.0,3489900.0
2013-04-04,89611900.0,3709500.0,45263200.0,4913400.0
2013-04-05,95923800.0,4148000.0,50927300.0,6893400.0
2013-04-08,75207300.0,2351200.0,34759500.0,5685300.0
2013-04-09,76653500.0,2577300.0,77733800.0,4330700.0
2013-04-10,93982000.0,3524200.0,71116700.0,3971900.0
2013-04-11,82091100.0,3655600.0,130923200.0,4072500.0
2013-04-12,59653300.0,3165400.0,62886300.0,3285500.0
2013-04-15,79380000.0,4218100.0,56332900.0,4924500.0
2013-04-16,76442800.0,2859500.0,52797300.0,3496900.0
2013-04-17,236264000.0,3269800.0,52840700.0,4089100.0
2013-04-18,166574800.0,6502000.0,56906600.0,6669800.0
2013-04-19,152318600.0,18847000.0,99790700.0,11649800.0
2013-04-22,107480100.0,9845400.0,137904000.0,5788300.0
2013-04-23,166059600.0,6296100.0,59126900.0,4601600.0
2013-04-24,242412800.0,3693900.0,90946600.0,3671800.0
2013-04-25,96209400.0,4650900.0,110700200.0,3999200.0
2013-04-26,191024400.0,3490300.0,47799300.0,4993900.0
2013-04-29,160081600.0,5932400.0,59116400.0,4618800.0
2013-04-30,172884600.0,7539900.0,75165200.0,4630600.0
2013-05-01,126727300.0,4899100.0,54330900.0,2920800.0
2013-05-02,105457100.0,3945100.0,46059500.0,4051600.0
2013-05-03,90325200.0,4492700.0,46784600.0,5044000.0
2013-05-06,124160400.0,4826500.0,40978300.0,4298500.0
2013-05-07,120938300.0,3451000.0,43078300.0,3932600.0
2013-05-08,118149500.0,3601700.0,51595700.0,4955000.0
2013-05-09,99621900.0,3542300.0,46417800.0,4417600.0
2013-05-10,83713000.0,3279200.0,36394900.0,3809500.0
2013-05-13,79237200.0,3648400.0,36027600.0,2907700.0
2013-05-14,111779500.0,3699700.0,56870100.0,3170300.0
2013-05-15,185403400.0,4028100.0,46303900.0,8001600.0
2013-05-16,150801000.0,4507000.0,59382900.0,6443200.0
2013-05-17,106976100.0,5704100.0,60666700.0,5604800.0
2013-05-20,112894600.0,3614500.0,54020800.0,4562300.0
2013-05-21,114005500.0,2982900.0,48702400.0,3980700.0
2013-05-22,110759600.0,5186800.0,66047500.0,5140300.0
2013-05-23,88255300.0,5179100.0,51102700.0,4567200.0
2013-05-24,69041700.0,3295800.0,33174400.0,4610700.0
2013-05-28,96536300.0,4011500.0,48212100.0,4531900.0
2013-05-29,82644100.0,3439400.0,38412200.0,4041800.0
2013-05-30,88379900.0,4399700.0,51131000.0,4257200.0
2013-05-31,96075700.0,4949000.0,56165700.0,3953500.0
2013-06-03,93088100.0,3322000.0,51252600.0,4969900.0
2013-06-04,73182200.0,3598300.0,65529500.0,3751100.0
2013-06-05,72647400.0,4215400.0,46025100.0,4229300.0
2013-06-06,104233500.0,3679400.0,37618500.0,5177400.0
2013-06-07,101133900.0,2953400.0,40757300.0,5369200.0
2013-06-10,112538300.0,2652300.0,35994500.0,4693000.0
2013-06-11,71528100.0,2814400.0,39435900.0,3528300.0
2013-06-12,66306800.0,3409800.0,37372700.0,4426100.0
2013-06-13,71458100.0,2899500.0,45654900.0,4155200.0
2013-06-14,67966500.0,2804500.0,53192600.0,4506700.0
2013-06-17,64853600.0,3219900.0,49670100.0,4308500.0
2013-06-18,48756400.0,3277800.0,28616500.0,4350000.0
2013-06-19,77735000.0,2846100.0,30816200.0,5853600.0
2013-06-20,89327700.0,4514800.0,54493700.0,6769200.0
2013-06-21,120279600.0,8914800.0,85338500.0,7994300.0
2013-06-24,120186500.0,4356200.0,56109000.0,6056300.0
2013-06-25,78540700.0,3846200.0,44073400.0,5125500.0
2013-06-26,91931000.0,3320200.0,48665900.0,3676400.0
2013-06-27,84311500.0,3514200.0,28993100.0,3867300.0
2013-06-28,144629100.0,10055800.0,65545500.0,4716100.0
2013-07-01,97763400.0,4442400.0,31055400.0,3462400.0
2013-07-02,117466300.0,3657700.0,37630000.0,3797000.0
2013-07-03,60232200.0,1872600.0,15994400.0,2101700.0
2013-07-05,68506200.0,2405400.0,26085900.0,3416500.0
2013-07-08,74534600.0,2947500.0,32396900.0,3953700.0
2013-07-09,88146100.0,5204200.0,25318500.0,3973500.0
2013-07-10,70351400.0,3892000.0,29658800.0,3429500.0
2013-07-11,81573100.0,4177500.0,53638300.0,5187700.0
2013-07-12,69890800.0,4494700.0,35501200.0,5155600.0
2013-07-15,60479300.0,5674700.0,34142600.0,3935600.0
2013-07-16,54134500.0,3745300.0,36378500.0,3980700.0
2013-07-17,49747600.0,6868400.0,37285100.0,3023400.0
2013-07-18,54719700.0,8393400.0,49547100.0,7296100.0
2013-07-19,67180400.0,6997600.0,248428500.0,14773700.0
2013-07-22,51949100.0,3398000.0,79040700.0,5828100.0
2013-07-23,92348900.0,2863800.0,65810400.0,4106600.0
2013-07-24,147984200.0,2957900.0,52803100.0,4172500.0
2013-07-25,57373400.0,3014300.0,63213000.0,6024600.0
2013-07-26,50038100.0,2485100.0,38633600.0,3568600.0
2013-07-29,62014400.0,2113700.0,28870700.0,3797800.0
2013-07-30,77355600.0,2663200.0,45799500.0,3524300.0
2013-07-31,80739400.0,3810000.0,43898400.0,4363200.0
2013-08-01,51562700.0,2877700.0,42557900.0,4292700.0
2013-08-02,68695900.0,3874000.0,29199900.0,3440600.0
2013-08-05,79713900.0,2490900.0,30984000.0,2629100.0
2013-08-06,83714400.0,5938500.0,36331500.0,3023400.0
2013-08-07,74714500.0,3901700.0,38078600.0,2768600.0
2013-08-08,63944300.0,4547600.0,59034400.0,2987000.0
2013-08-09,66716300.0,3249600.0,26800700.0,2657200.0
2013-08-12,91108500.0,3026500.0,25493700.0,2764200.0
2013-08-13,220485300.0,3542900.0,39464100.0,2850200.0
2013-08-14,189093100.0,2892300.0,48519600.0,4179900.0
2013-08-15,122573500.0,3692400.0,33338000.0,3752300.0
2013-08-16,90576500.0,3426400.0,32866300.0,3362700.0
2013-08-19,127629600.0,3248900.0,27902500.0,3635300.0
2013-08-20,89672100.0,3117800.0,22979600.0,2475100.0
2013-08-21,83969900.0,3551000.0,37409100.0,3527700.0
2013-08-22,61051900.0,2354300.0,31169900.0,1746200.0
2013-08-23,55682900.0,2292700.0,225493800.0,2162200.0
2013-08-26,82741400.0,2170400.0,72786800.0,2112800.0
2013-08-27,106047200.0,3190700.0,58522300.0,3481100.0
2013-08-28,76902000.0,3979200.0,44257400.0,2669700.0
2013-08-29,59914400.0,2980900.0,45284700.0,2968000.0
2013-08-30,68074300.0,2731000.0,42790200.0,3737100.0
2013-09-03,82982200.0,3487200.0,154507000.0,4110400.0
2013-09-04,86258200.0,2597900.0,142320600.0,4097600.0
2013-09-05,59091900.0,2867600.0,71644900.0,2592100.0
2013-09-06,89881400.0,2903500.0,75434900.0,3134800.0
2013-09-09,85171800.0,3017200.0,49628500.0,2478300.0
2013-09-10,185798900.0,3149600.0,56881200.0,2584700.0
2013-09-11,224674100.0,4962900.0,39087500.0,3233200.0
2013-09-12,101012800.0,3354800.0,32860200.0,2199100.0
2013-09-13,74708900.0,3710400.0,40899000.0,2660600.0
2013-09-16,135926700.0,3902400.0,52839700.0,2682900.0
2013-09-17,99845200.0,2930900.0,84716500.0,2528200.0
2013-09-18,114215500.0,3841800.0,64099900.0,3883800.0
2013-09-19,101135300.0,3178100.0,42026600.0,3207600.0
2013-09-20,174825700.0,8525900.0,102904900.0,8723000.0
2013-09-23,190526700.0,3340800.0,39826100.0,3568000.0
2013-09-24,91086100.0,3085300.0,40685000.0,2984600.0
2013-09-25,79239300.0,2654500.0,28907500.0,3310200.0
2013-09-26,59305400.0,2093600.0,28504000.0,2529200.0
2013-09-27,57010100.0,3905500.0,55348000.0,2527000.0
2013-09-30,65039100.0,3978200.0,39839500.0,3457600.0
2013-10-01,88470900.0,2681200.0,36718700.0,3382100.0
2013-10-02,72296000.0,3617100.0,46946800.0,3001700.0
2013-10-03,80688300.0,3211800.0,38703800.0,4249800.0
2013-10-04,64717100.0,2863600.0,33008100.0,2726100.0
2013-10-07,78073100.0,3966400.0,35069300.0,2596800.0
2013-10-08,72729300.0,5578300.0,41017600.0,3901800.0
2013-10-09,75431300.0,4423500.0,35878600.0,5322400.0
2013-10-10,69650700.0,3658900.0,42875100.0,4527400.0
2013-10-11,66934700.0,3232600.0,30033300.0,2828300.0
2013-10-14,65474500.0,2663100.0,27757900.0,2496400.0
2013-10-15,80018400.0,3365100.0,47097800.0,3195600.0
2013-10-16,62775300.0,6718000.0,35111600.0,4030200.0
2013-10-17,63398300.0,22368900.0,31359200.0,8545000.0
2013-10-18,72635500.0,10548000.0,41811700.0,23219400.0
2013-10-21,99526700.0,7098700.0,27433500.0,7283700.0
2013-10-22,133515900.0,6977300.0,40438500.0,4433700.0
2013-10-23,78430800.0,5409400.0,58600500.0,5346300.0
2013-10-24,96191200.0,5533300.0,53209700.0,4199700.0
2013-10-25,84448000.0,4842800.0,113494000.0,4076100.0
2013-10-28,137610200.0,3712700.0,38383600.0,2326000.0
2013-10-29,158951800.0,8904600.0,31702200.0,3222000.0
2013-10-30,88540900.0,5273700.0,36997700.0,2658000.0
2013-10-31,68924100.0,4318100.0,41682300.0,3292200.0
2013-11-01,68722500.0,3644500.0,40264600.0,2576100.0
2013-11-04,61156900.0,3483300.0,28060700.0,2286000.0
2013-11-05,66303300.0,6096800.0,51681900.0,2371500.0
2013-11-06,55843900.0,4560700.0,88948800.0,1832600.0
2013-11-07,65655100.0,5219500.0,60437400.0,3371700.0
2013-11-08,69829200.0,6275000.0,36737800.0,2591100.0
2013-11-11,56863100.0,5222300.0,26872500.0,2233500.0
2013-11-12,51069200.0,4258500.0,31651600.0,2445200.0
2013-11-13,49305200.0,4704400.0,44957600.0,3170500.0
2013-11-14,70604800.0,6321500.0,46183700.0,2342100.0
2013-11-15,79480100.0,5176100.0,50601300.0,2562100.0
2013-11-18,61236000.0,5344900.0,53277500.0,3532500.0
2013-11-19,52234700.0,4577000.0,44275000.0,2271600.0
2013-11-20,48479200.0,3645800.0,32229900.0,1934500.0
2013-11-21,65506700.0,4459500.0,23064700.0,2191700.0
2013-11-22,55931400.0,7610200.0,27982000.0,2517700.0
2013-11-25,57327900.0,7161900.0,30646800.0,3238000.0
2013-11-26,100345700.0,5756000.0,34465300.0,4589600.0
2013-11-27,90862100.0,4596500.0,26002100.0,2255500.0
2013-11-29,79531900.0,2870500.0,22090400.0,2394400.0
2013-12-02,118136200.0,4560000.0,42950400.0,2756600.0
2013-12-03,112742000.0,5864000.0,52109800.0,3364700.0
2013-12-04,94452400.0,5267400.0,51983600.0,2392000.0
2013-12-05,111895000.0,4384900.0,116305000.0,2275800.0
2013-12-06,86088100.0,4739800.0,36457300.0,2868200.0
2013-12-09,80123400.0,3796600.0,30286000.0,2976200.0
2013-12-10,69567400.0,4127800.0,37828600.0,3721600.0
2013-12-11,89929700.0,4090400.0,39853400.0,3436400.0
2013-12-12,65572500.0,5671600.0,36012800.0,3204800.0
2013-12-13,83205500.0,4184400.0,40066100.0,4340900.0
2013-12-16,70648200.0,7517000.0,31734200.0,3216000.0
2013-12-17,57475600.0,5471900.0,45687700.0,3082800.0
2013-12-18,141465800.0,5697700.0,63192100.0,4437100.0
2013-12-19,80077200.0,5927000.0,34160100.0,3343800.0
2013-12-20,109103400.0,7653500.0,62649100.0,6547600.0
2013-12-23,125326600.0,4079900.0,25128700.0,3456000.0
2013-12-24,41888700.0,1613600.0,14243000.0,1473800.0
2013-12-26,51002000.0,3325700.0,17612800.0,2685500.0
2013-12-27,56471100.0,3381600.0,14563000.0,3151100.0
2013-12-30,63407400.0,3018600.0,16290500.0,2481300.0
2013-12-31,55771100.0,3619700.0,17503500.0,2725900.0
2014-01-02,58671200.0,4546500.0,30632200.0,3656400.0
2014-01-03,98116900.0,4063200.0,31134800.0,3345800.0
2014-01-06,103152700.0,4067800.0,43603700.0,3551800.0
2014-01-07,79302300.0,5932300.0,35802800.0,5124300.0
2014-01-08,64632400.0,4603700.0,59971700.0,4501700.0
2014-01-09,69787200.0,4321300.0,36516300.0,4184500.0
2014-01-10,76244000.0,4022400.0,40548800.0,4302900.0
2014-01-13,94623200.0,5784700.0,45901900.0,4855800.0
2014-01-14,83140400.0,4619200.0,41623300.0,4983700.0
2014-01-15,97909700.0,4816500.0,44812600.0,3915000.0
2014-01-16,57319500.0,4770300.0,38018700.0,3380300.0
2014-01-17,106684900.0,7644600.0,46267500.0,5422800.0
2014-01-21,82131700.0,11076300.0,31567300.0,3974500.0
2014-01-22,94996300.0,13796100.0,21904300.0,3154500.0
2014-01-23,100809800.0,6973900.0,43954000.0,3912700.0
2014-01-24,107338700.0,6890600.0,76395500.0,7814000.0
2014-01-27,138719700.0,5208600.0,44420800.0,8739800.0
2014-01-28,266380800.0,5333300.0,36205500.0,4436900.0
2014-01-29,125702500.0,4970900.0,52745900.0,4777500.0
2014-01-30,169625400.0,4853700.0,35036300.0,10220800.0
2014-01-31,116199300.0,5193400.0,93162300.0,11174200.0
2014-02-03,100366000.0,7186800.0,64063100.0,9172400.0
2014-02-04,94170300.0,4349800.0,54697900.0,5644800.0
2014-02-05,82086200.0,4712300.0,55814400.0,4806800.0
2014-02-06,64441300.0,4292200.0,35351800.0,3907600.0
2014-02-07,92570100.0,4692900.0,33260500.0,5292000.0
2014-02-10,86389800.0,3540400.0,26767000.0,3904800.0
2014-02-11,70564200.0,4647300.0,32141400.0,4116900.0
2014-02-12,77025200.0,3983000.0,27051800.0,3461800.0
2014-02-13,76849500.0,4482000.0,37635500.0,3686400.0
2014-02-14,68231100.0,4659900.0,31407500.0,4389700.0
2014-02-18,65062900.0,4435200.0,32834000.0,4233500.0
2014-02-19,78442000.0,4671500.0,29750400.0,4222900.0
2014-02-20,76464500.0,4968200.0,27526100.0,3414300.0
2014-02-21,69696200.0,5699300.0,38021300.0,3738500.0
2014-02-24,72227400.0,4595300.0,32085100.0,3361100.0
2014-02-25,57988000.0,3902300.0,30736500.0,2888100.0
2014-02-26,69054300.0,3740700.0,41041800.0,3979100.0
2014-02-27,75470500.0,3827800.0,33903400.0,2529400.0
2014-02-28,92992200.0,4667900.0,41215000.0,4644500.0
2014-03-03,59695300.0,3950100.0,29717500.0,4225300.0
2014-03-04,64785000.0,4733000.0,26802400.0,2946300.0
2014-03-05,50015700.0,3485200.0,20520100.0,2479700.0
2014-03-06,46372200.0,3817300.0,23582200.0,2545600.0
2014-03-07,55182400.0,4117800.0,26591600.0,3041500.0
2014-03-10,44646000.0,4591200.0,19006600.0,2438200.0
2014-03-11,69806100.0,4229500.0,25216400.0,3438800.0
2014-03-12,49831600.0,4833000.0,30494100.0,3943200.0
2014-03-13,64435700.0,4913200.0,32169700.0,4708600.0
2014-03-14,59299800.0,5490300.0,27195600.0,4604900.0
2014-03-17,49886200.0,4938100.0,20479600.0,4340300.0
2014-03-18,52411800.0,3961300.0,64063900.0,3643500.0
2014-03-19,56189000.0,4323900.0,35597200.0,3237800.0
2014-03-20,52099600.0,5062600.0,59269800.0,3381900.0
2014-03-21,93511600.0,12535200.0,80721800.0,6441000.0
2014-03-24,88925200.0,5738500.0,46098400.0,6096800.0
2014-03-25,70573300.0,10912700.0,43193100.0,4838400.0
2014-03-26,74942000.0,6851700.0,41977500.0,5179200.0
2014-03-27,55507900.0,6767700.0,35369200.0,13100.0
2014-03-28,50141000.0,5194400.0,43472700.0,41200.0
2014-03-31,42167300.0,8537300.0,46886300.0,10800.0
2014-04-01,50190000.0,5394100.0,32605000.0,7900.0
2014-04-02,45105200.0,4924100.0,28666700.0,147100.0
2014-04-03,40586000.0,4091100.0,30139600.0,5099100.0
2014-04-04,68812800.0,6089900.0,51409600.0,6369300.0
2014-04-07,72462600.0,6740500.0,37559600.0,4401600.0
2014-04-08,60972100.0,5125000.0,35918600.0,3151200.0
2014-04-09,51542400.0,5480100.0,27398700.0,3330800.0
2014-04-10,59913000.0,8417900.0,45960800.0,4036800.0
2014-04-11,67929400.0,4835000.0,34330200.0,3924800.0
2014-04-14,51418500.0,5431100.0,32006600.0,2575000.0
2014-04-15,66622500.0,5351300.0,33968700.0,3855000.0
2014-04-16,53691400.0,8527300.0,30615800.0,4893200.0
2014-04-17,71083600.0,11249600.0,36688400.0,6809500.0
2014-04-21,45637200.0,5419700.0,22221200.0,2566700.0
2014-04-22,50640800.0,3878600.0,27056700.0,2365300.0
2014-04-23,98735000.0,4736400.0,24602800.0,2052300.0
2014-04-24,189977900.0,4407100.0,42381600.0,1883100.0
2014-04-25,97568800.0,3871000.0,56876800.0,2100300.0
2014-04-28,167371400.0,5638300.0,50610200.0,3335500.0
2014-04-29,84344400.0,4626300.0,29636200.0,2699000.0
2014-04-30,114160200.0,4206800.0,35458700.0,1751100.0
2014-05-01,61012000.0,3674000.0,28787400.0,1905500.0
2014-05-02,47878600.0,3049900.0,43416600.0,1688500.0
2014-05-05,71766800.0,2222100.0,22460900.0,1024100.0
2014-05-06,93641100.0,3188700.0,27112400.0,1689000.0
2014-05-07,70716100.0,3821000.0,41744500.0,3224300.0
2014-05-08,57574300.0,2431900.0,32120400.0,2021300.0
2014-05-09,72899400.0,2261600.0,29647600.0,2439400.0
2014-05-12,53302200.0,3777400.0,22782600.0,1912500.0
2014-05-13,39934300.0,2226600.0,27004800.0,1653400.0
2014-05-14,41601000.0,5251500.0,18818700.0,1191700.0
2014-05-15,57711500.0,4202200.0,37793200.0,1704300.0
2014-05-16,69064100.0,3949500.0,29867100.0,1485200.0
2014-05-19,79438800.0,3270700.0,24537400.0,1277700.0
2014-05-20,58709000.0,3026500.0,21320900.0,1784700.0
2014-05-21,49214900.0,2988000.0,22398700.0,1196200.0
2014-05-22,50190000.0,2218000.0,20201800.0,1615800.0
2014-05-23,58052400.0,2562900.0,18020000.0,1932100.0
2014-05-27,87216500.0,4793800.0,26160600.0,2104100.0
2014-05-28,78870400.0,3721600.0,25711500.0,1652000.0
2014-05-29,94118500.0,2759900.0,19888200.0,1354100.0
2014-05-30,141005200.0,4620500.0,34567600.0,1771100.0
2014-06-02,92337700.0,3200500.0,18504300.0,1435000.0
2014-06-03,73177300.0,2517100.0,18068900.0,1866600.0
2014-06-04,83870500.0,2376800.0,23209000.0,1816400.0
2014-06-05,75951400.0,2852200.0,31865200.0,1689100.0
2014-06-06,87484600.0,3296700.0,24060500.0,1736700.0
2014-06-09,75415000.0,2728400.0,15019200.0,1467500.0
2014-06-10,62777000.0,4154900.0,15117700.0,1351700.0
2014-06-11,45681000.0,4061700.0,18040000.0,1100100.0
2014-06-12,54749000.0,4425300.0,29818900.0,1458400.0
2014-06-13,54525000.0,2773600.0,26310000.0,1220500.0
2014-06-16,35561000.0,3556200.0,24205300.0,1702500.0
2014-06-17,29726000.0,2460900.0,22518600.0,1444500.0
2014-06-18,33514000.0,3931800.0,27097000.0,1741700.0
2014-06-19,35528000.0,3551100.0,19828200.0,2456800.0
2014-06-20,100898000.0,10686800.0,47764900.0,4508300.0
2014-06-23,43694000.0,3231700.0,18743900.0,1536800.0
2014-06-24,39036000.0,3875400.0,26509100.0,2207100.0
2014-06-25,36869000.0,2762800.0,20049100.0,1969300.0
2014-06-26,32629000.0,3258500.0,23604400.0,1741900.0
2014-06-27,64029000.0,4575500.0,74640000.0,2236900.0
2014-06-30,49482300.0,4223800.0,30793100.0,1313700.0
2014-07-01,38223000.0,6643100.0,26917000.0,1447900.0
2014-07-02,28465000.0,5093000.0,20208100.0,1056300.0
2014-07-03,22891800.0,2422400.0,15969300.0,714100.0
2014-07-07,56468000.0,2958700.0,21952400.0,1064600.0
2014-07-08,65222000.0,3135100.0,31218200.0,1909500.0
2014-07-09,36436000.0,3309600.0,18445900.0,1116700.0
2014-07-10,39686000.0,3177800.0,21854700.0,1356700.0
2014-07-11,34018000.0,2402500.0,24083000.0,1621700.0
2014-07-14,42810000.0,4501100.0,21881100.0,1854000.0
2014-07-15,45477900.0,4864700.0,28748700.0,1623000.0
2014-07-16,53396300.0,7812600.0,63318000.0,1397100.0
2014-07-17,57298000.0,8872300.0,82180300.0,3016500.0
2014-07-18,49988000.0,8166400.0,43407500.0,4014100.0
2014-07-21,39079000.0,4154400.0,37604400.0,2062100.0
2014-07-22,55197000.0,4853000.0,43095800.0,1699100.0
2014-07-23,92918000.0,3584200.0,52362900.0,1233100.0
2014-07-24,45729000.0,3612700.0,30725300.0,1035100.0
2014-07-25,43469000.0,3376400.0,26737700.0,932400.0
2014-07-28,55318000.0,3242400.0,29684200.0,986800.0
2014-07-29,43143000.0,3264100.0,27763100.0,1349800.0
2014-07-30,33010000.0,3943800.0,31921400.0,1016400.0
2014-07-31,56843000.0,4207500.0,31537500.0,2102700.0
2014-08-01,48511000.0,5181100.0,31170300.0,1955200.0
2014-08-04,39958000.0,2125900.0,34277400.0,1427300.0
2014-08-05,55933000.0,3307900.0,26266400.0,1551200.0
2014-08-06,38558000.0,3847000.0,24634000.0,1334300.0
2014-08-07,46711000.0,2708600.0,30314900.0,1110900.0
2014-08-08,41865000.0,2781500.0,28942700.0,1494700.0
2014-08-11,36585000.0,2527200.0,20351600.0,1214700.0
2014-08-12,33795000.0,1858600.0,21431100.0,1542000.0
2014-08-13,31916000.0,1795000.0,22889500.0,1439200.0
2014-08-14,28116000.0,1929500.0,19313200.0,985400.0
2014-08-15,48951000.0,2814800.0,41611300.0,1519100.0
2014-08-18,47572000.0,2420300.0,26891100.0,1284100.0
2014-08-19,69399000.0,2040100.0,28139500.0,978600.0
2014-08-20,52699000.0,2177600.0,24770500.0,1036700.0
2014-08-21,33478000.0,2496500.0,22285500.0,914800.0
2014-08-22,44184000.0,1940300.0,18294500.0,789000.0
2014-08-25,40270000.0,1723600.0,16910000.0,1361400.0
2014-08-26,33152000.0,3175400.0,14873100.0,1639600.0
2014-08-27,52369000.0,2190200.0,21287900.0,1703300.0
2014-08-28,68460000.0,1503600.0,17657600.0,1292900.0
2014-08-29,44595000.0,2909400.0,21607600.0,1083700.0
2014-09-02,53564000.0,2679700.0,22976800.0,1578400.0
2014-09-03,125421000.0,1822800.0,33684500.0,1215100.0
2014-09-04,85718000.0,2865000.0,26475500.0,1458100.0
2014-09-05,58457000.0,2260200.0,36939400.0,1632300.0
2014-09-08,46356700.0,2524200.0,45736700.0,1431000.0
2014-09-09,189846300.0,2403600.0,40302400.0,1287200.0
2014-09-10,100869600.0,2764000.0,27302400.0,977300.0
2014-09-11,62353100.0,2298500.0,29216400.0,1221000.0
2014-09-12,62626100.0,2901000.0,38244700.0,1601600.0
2014-09-15,61316500.0,2456400.0,37667600.0,1597500.0
2014-09-16,66908100.0,2561500.0,27910600.0,1480300.0
2014-09-17,60926500.0,3210800.0,38311900.0,1692800.0
2014-09-18,37299400.0,2963300.0,35556600.0,1444500.0
2014-09-19,70902400.0,8852000.0,202522400.0,3736600.0
2014-09-22,52788400.0,3318000.0,38686100.0,1689500.0
2014-09-23,63402200.0,3301800.0,33430300.0,1471400.0
2014-09-24,60171800.0,3082600.0,26582700.0,1728100.0
2014-09-25,100092000.0,4151400.0,33077400.0,1925900.0
2014-09-26,62370500.0,2493900.0,27078800.0,1443600.0
2014-09-29,49766300.0,2336300.0,26091000.0,1282400.0
2014-09-30,55264100.0,2932600.0,33033100.0,1621700.0
2014-10-01,51491300.0,3723200.0,38088400.0,1445400.0
2014-10-02,47757800.0,2283100.0,25119400.0,1178400.0
2014-10-03,43469600.0,3071500.0,32453200.0,1141700.0
2014-10-06,37051200.0,2099500.0,20604000.0,1214600.0
2014-10-07,42094200.0,2991300.0,25723700.0,1911300.0
2014-10-08,57404700.0,2984800.0,33031000.0,1990800.0
2014-10-09,77376500.0,2625400.0,34422800.0,2524800.0
2014-10-10,66331600.0,5090200.0,51978100.0,3081900.0
2014-10-13,53583400.0,3596700.0,37100200.0,2581600.0
2014-10-14,63688600.0,3924700.0,38115700.0,2222500.0
2014-10-15,100933600.0,6895800.0,60218700.0,3719300.0
2014-10-16,72154500.0,5578600.0,49040400.0,3708500.0
2014-10-17,68179700.0,4350200.0,40683300.0,5539300.0
2014-10-20,77517300.0,23416500.0,34527900.0,2607500.0
2014-10-21,94623900.0,20949800.0,36433800.0,2336200.0
2014-10-22,68263100.0,11084800.0,33570900.0,2919200.0
2014-10-23,71074700.0,7599400.0,45451900.0,2348800.0
2014-10-24,47053900.0,6652100.0,61076700.0,1973100.0
2014-10-27,34187700.0,4989100.0,30371300.0,1185300.0
2014-10-28,48060900.0,7895300.0,29049800.0,1270900.0
2014-10-29,52687900.0,4739300.0,30276100.0,1770500.0
2014-10-30,40654800.0,3896000.0,30073900.0,1455600.0
2014-10-31,44639300.0,5818000.0,35849700.0,2035000.0
2014-11-03,52282600.0,4688200.0,23130400.0,1382200.0
2014-11-04,41574400.0,4246900.0,21530800.0,1244200.0
2014-11-05,37435900.0,4104700.0,22449600.0,2032200.0
2014-11-06,34968500.0,4067600.0,33037800.0,1333200.0
2014-11-07,33691500.0,3494800.0,28000600.0,1633700.0
2014-11-10,27195500.0,4958200.0,36370100.0,1134600.0
2014-11-11,27442300.0,3534400.0,23445200.0,965500.0
2014-11-12,46942400.0,3378200.0,22722100.0,1129600.0
2014-11-13,59522900.0,3239700.0,26210400.0,1339300.0
2014-11-14,44063600.0,4978400.0,29081700.0,1289500.0
2014-11-17,46746700.0,4798900.0,30318600.0,1726000.0
2014-11-18,44224000.0,5410100.0,23995500.0,1962600.0
2014-11-19,41869200.0,3802600.0,26177500.0,1392200.0
2014-11-20,43395500.0,4183100.0,21510600.0,1563300.0
2014-11-21,57179300.0,4076900.0,42884800.0,2224200.0
2014-11-24,47450800.0,6619000.0,35434200.0,1706300.0
2014-11-25,68840400.0,4062400.0,28008000.0,1789900.0
2014-11-26,40768300.0,3966000.0,27163600.0,1522900.0
2014-11-28,24814400.0,2405500.0,21534400.0,1148300.0
2014-12-01,83814000.0,4168400.0,31191600.0,2115300.0
2014-12-02,59348900.0,3465700.0,25773500.0,1526600.0
2014-12-03,43063400.0,6429100.0,23534800.0,1277900.0
2014-12-04,42044500.0,3859400.0,30320400.0,1392100.0
2014-12-05,38318900.0,3013500.0,27313400.0,2565600.0
2014-12-08,57664900.0,2851000.0,26663100.0,2329300.0
2014-12-09,60208000.0,3861200.0,24330500.0,1871300.0
2014-12-10,44565300.0,4072800.0,30431800.0,1712200.0
2014-12-11,41401700.0,3989600.0,29060400.0,1610800.0
2014-12-12,56028100.0,8611700.0,34248400.0,1994500.0
2014-12-15,67218100.0,6500300.0,29247800.0,2813400.0
2014-12-16,60790700.0,6782600.0,47801400.0,3964200.0
2014-12-17,53411800.0,5131000.0,34970900.0,2883100.0
2014-12-18,59006200.0,7302400.0,40105600.0,2926700.0
2014-12-19,88429800.0,8864900.0,64551200.0,3690200.0
2014-12-22,45167500.0,4682500.0,26566000.0,2723700.0
2014-12-23,26028400.0,4043300.0,23648100.0,2197600.0
2014-12-24,14479600.0,1868100.0,11437800.0,705900.0
2014-12-26,33721000.0,1912200.0,13197800.0,1040500.0
2014-12-29,27598900.0,3331800.0,14439500.0,2278500.0
2014-12-30,29881500.0,2829900.0,16384700.0,876200.0
2014-12-31,41403400.0,4011900.0,21552500.0,1368200.0
2015-01-02,53204600.0,5525500.0,27913900.0,1447500.0
2015-01-05,64285500.0,4880400.0,39673900.0,2059800.0
2015-01-06,65797100.0,6146700.0,36447900.0,2899900.0
2015-01-07,40105900.0,4701800.0,29114100.0,2065000.0
2015-01-08,59364500.0,4236800.0,29645200.0,3353500.0
2015-01-09,53699500.0,4488300.0,23944200.0,2071300.0
2015-01-12,49650800.0,4187600.0,23651900.0,2326700.0
2015-01-13,67091900.0,4377500.0,35270600.0,2370400.0
2015-01-14,48956600.0,4690300.0,29719600.0,2235700.0
2015-01-15,60014000.0,4248400.0,32750800.0,2715800.0
2015-01-16,78513300.0,5756000.0,35695300.0,2298200.0
2015-01-20,49899900.0,8392800.0,36161900.0,2232000.0
2015-01-21,48575900.0,11897100.0,39081100.0,2268700.0
2015-01-22,53796400.0,6120100.0,35898000.0,2676900.0
2015-01-23,46464800.0,4834800.0,26211600.0,2281700.0
2015-01-26,55615000.0,7888100.0,42525500.0,1543700.0
2015-01-27,95568700.0,5659600.0,169164000.0,1904000.0
2015-01-28,146477100.0,4495900.0,84507100.0,1683800.0
2015-01-29,84436400.0,8320800.0,63585300.0,4186300.0
2015-01-30,83745500.0,6563600.0,78004900.0,5606300.0
2015-02-02,62739100.0,4712200.0,50352500.0,2849800.0
2015-02-03,51915700.0,5539400.0,52082400.0,2038600.0
2015-02-04,70149700.0,3678500.0,41614800.0,1663600.0
2015-02-05,42246200.0,5253600.0,36548200.0,1849700.0
2015-02-06,43706600.0,3256500.0,34616600.0,1763500.0
2015-02-09,38889800.0,3057700.0,31381100.0,1267700.0
2015-02-10,62008500.0,4440600.0,29670700.0,1749800.0
2015-02-11,73561800.0,3626700.0,38262500.0,1377700.0
2015-02-12,74474500.0,3333100.0,33268800.0,1620200.0
2015-02-13,54272200.0,3706900.0,40264900.0,1900300.0
2015-02-17,63152400.0,2894500.0,33695700.0,1616800.0
2015-02-18,44891700.0,4358400.0,27111700.0,1453000.0
2015-02-19,37362400.0,3504400.0,27603400.0,989100.0
2015-02-20,48948400.0,3353000.0,29721100.0,1444300.0
2015-02-23,70974100.0,2714400.0,32518800.0,1457800.0
2015-02-24,69228100.0,4701600.0,25271700.0,1005000.0
2015-02-25,74711700.0,4004600.0,29759800.0,1825900.0
2015-02-26,91287500.0,7110800.0,28957300.0,2311500.0
2015-02-27,62014800.0,4410000.0,33807700.0,2410100.0
2015-03-02,48096700.0,5917900.0,31924000.0,2129600.0
2015-03-03,37816300.0,3234400.0,31748600.0,1704700.0
2015-03-04,31666300.0,3633600.0,25748700.0,1876800.0
2015-03-05,56517100.0,3791700.0,23193500.0,1389600.0
2015-03-06,72842100.0,4540200.0,36248800.0,1659100.0
2015-03-09,88528500.0,5193900.0,32108000.0,1062100.0
2015-03-10,68856600.0,4601000.0,39159700.0,1792300.0
2015-03-11,68939000.0,5709900.0,32215300.0,1820700.0
2015-03-12,48362700.0,4567300.0,59992500.0,1389600.0
2015-03-13,51827300.0,6064100.0,58007700.0,1703500.0
2015-03-16,35874300.0,3749600.0,35273500.0,1640900.0
2015-03-17,51023100.0,3311700.0,31673400.0,1805500.0
2015-03-18,65270900.0,5738800.0,44194800.0,2134500.0
2015-03-19,45809500.0,3878600.0,33879100.0,1197200.0
2015-03-20,68695100.0,9006400.0,71904500.0,2616800.0
2015-03-23,37709700.0,5930100.0,26246100.0,1643800.0
2015-03-24,32842300.0,4346100.0,25513300.0,2583200.0
2015-03-25,51655200.0,5428900.0,43469900.0,2152200.0
2015-03-26,47572900.0,4396000.0,37495600.0,1572600.0
2015-03-27,39546200.0,3477900.0,34401400.0,1897400.0
2015-03-30,47099700.0,4138000.0,35049700.0,1287500.0
2015-03-31,42090600.0,4255400.0,34887200.0,1588000.0
2015-04-01,40621400.0,3700800.0,36865300.0,1963000.0
2015-04-02,32220100.0,4671600.0,37487500.0,1716300.0
2015-04-06,37194000.0,3465700.0,39223700.0,1324400.0
2015-04-07,35012300.0,3148000.0,28809400.0,1302800.0
2015-04-08,37329200.0,2524300.0,24753400.0,1178500.0
2015-04-09,32484000.0,2263500.0,25723900.0,1557800.0
2015-04-10,40188000.0,2515700.0,28022000.0,1409400.0
2015-04-13,36365100.0,3868900.0,30276700.0,1645300.0
2015-04-14,25524600.0,2719300.0,24244400.0,2604100.0
2015-04-15,28970400.0,3498800.0,27343600.0,2318800.0
2015-04-16,28369000.0,3136900.0,22509700.0,1299800.0
2015-04-17,51957000.0,4314400.0,42387600.0,2151800.0
2015-04-20,47054300.0,9609200.0,46057700.0,1679200.0
2015-04-21,32435100.0,9683600.0,26013800.0,1844700.0
2015-04-22,37654500.0,4024800.0,25064300.0,1593500.0
2015-04-23,45770900.0,8235600.0,46309500.0,4184800.0
2015-04-24,44525900.0,3888400.0,130933700.0,4932500.0
2015-04-27,96954200.0,3168600.0,59248200.0,2398000.0
2015-04-28,118924000.0,5816700.0,60730800.0,1491000.0
2015-04-29,63386100.0,4518400.0,47804600.0,1698800.0
2015-04-30,83195400.0,5062900.0,64725500.0,2082200.0
2015-05-01,58512600.0,3312100.0,38937300.0,1768200.0
2015-05-04,50988300.0,4028000.0,34039500.0,1308000.0
2015-05-05,49271400.0,3593600.0,50369200.0,1383100.0
2015-05-06,72141000.0,3612600.0,52433000.0,1567000.0
2015-05-07,43940900.0,2472000.0,32971700.0,1546300.0
2015-05-08,55550400.0,3092600.0,35364900.0,1527600.0
2015-05-11,42035800.0,2661000.0,24609400.0,905300.0
2015-05-12,48160000.0,2962400.0,29928300.0,1634200.0
2015-05-13,34694200.0,2457500.0,34184600.0,1252300.0
2015-05-14,45203500.0,2439100.0,32980900.0,1403900.0
2015-05-15,38208000.0,2916600.0,28642700.0,1971300.0
2015-05-18,50882900.0,1970600.0,24136500.0,2003400.0
2015-05-19,44633200.0,2523000.0,28574800.0,1966900.0
2015-05-20,36454900.0,2300300.0,25047900.0,1430800.0
2015-05-21,39730400.0,2295600.0,22410700.0,1462700.0
2015-05-22,45596000.0,2849700.0,25720600.0,1176200.0
2015-05-26,70697600.0,3854200.0,29581900.0,2406500.0
2015-05-27,45833200.0,2764400.0,27335600.0,1525000.0
2015-05-28,30733300.0,1731400.0,19283700.0,1029800.0
2015-05-29,50884500.0,4092000.0,36519600.0,2597400.0
2015-06-01,32112800.0,2985500.0,28837300.0,1904300.0
2015-06-02,33667600.0,2571400.0,21498300.0,1939000.0
2015-06-03,30983500.0,2131000.0,28002200.0,1717000.0
2015-06-04,38450100.0,3079300.0,27745500.0,1348300.0
2015-06-05,35626800.0,3100500.0,25438100.0,1388200.0
2015-06-08,52674800.0,3758700.0,22121600.0,1520600.0
2015-06-09,56075400.0,3395900.0,24406100.0,1455300.0
2015-06-10,39087300.0,4680500.0,28417400.0,1815000.0
2015-06-11,35390900.0,3464000.0,27347800.0,1217500.0
2015-06-12,36886200.0,3065100.0,23931000.0,955800.0
2015-06-15,43988900.0,4245700.0,33254500.0,1632700.0
2015-06-16,31494100.0,3249800.0,27070300.0,1071800.0
2015-06-17,32918100.0,2863000.0,28704100.0,1294200.0
2015-06-18,35407200.0,3330900.0,32658300.0,1833100.0
2015-06-19,54716900.0,7074000.0,63837000.0,1893500.0
2015-06-22,34039300.0,2335800.0,20318100.0,1250300.0
2015-06-23,30268900.0,3701600.0,25896500.0,1197500.0
2015-06-24,55280900.0,3548100.0,34890900.0,1286600.0
2015-06-25,31938100.0,2408900.0,20616000.0,1335700.0
2015-06-26,44066800.0,8946000.0,49835300.0,2109100.0
2015-06-29,49161400.0,3314700.0,34081700.0,1937800.0
2015-06-30,44370700.0,3597300.0,35945400.0,2217200.0
2015-07-01,30238800.0,3214500.0,28343900.0,1961000.0
2015-07-02,27211000.0,2852700.0,21752000.0,1235900.0
2015-07-06,28060400.0,3079800.0,23034000.0,1280500.0
2015-07-07,46946800.0,3549900.0,36435800.0,1597200.0
2015-07-08,60761600.0,2776300.0,39785900.0,1296700.0
2015-07-09,78595000.0,4199700.0,32424700.0,1842300.0
2015-07-10,61354500.0,4538300.0,25465800.0,1956700.0
2015-07-13,41440500.0,4229000.0,28178300.0,2206500.0
2015-07-14,31768100.0,3025300.0,22880300.0,3244100.0
2015-07-15,33649200.0,1998000.0,26629600.0,1784600.0
2015-07-16,36222400.0,3529900.0,26271700.0,4768300.0
2015-07-17,46164700.0,4356400.0,29467100.0,11164900.0
2015-07-20,58900200.0,7377800.0,30631900.0,5860900.0
2015-07-21,76756400.0,13752300.0,42781900.0,3377200.0
2015-07-22,115450600.0,7181800.0,59152400.0,3929300.0
2015-07-23,50999500.0,5034200.0,33934000.0,3029100.0
2015-07-24,42162300.0,3778200.0,32333200.0,3625700.0
2015-07-27,44455500.0,3706200.0,39701400.0,2675400.0
2015-07-28,33618100.0,2721000.0,34328900.0,1727300.0
2015-07-29,37011700.0,3378400.0,40945900.0,1575100.0
2015-07-30,33628300.0,1994700.0,39777900.0,1474200.0
2015-07-31,42885000.0,3580200.0,31201500.0,1706100.0
2015-08-03,69976000.0,4615700.0,24125900.0,1304500.0
2015-08-04,124138600.0,5260600.0,33403900.0,1490900.0
2015-08-05,99312600.0,3472800.0,26959700.0,2334300.0
2015-08-06,52903000.0,3004800.0,27368000.0,1572600.0
2015-08-07,38670400.0,3794900.0,19163000.0,1403900.0
2015-08-10,54951600.0,4613400.0,23079900.0,1809200.0
2015-08-11,97082800.0,3167100.0,29237400.0,5029200.0
2015-08-12,101217500.0,3560300.0,30181400.0,2936700.0
2015-08-13,48535800.0,2533400.0,22627200.0,1810700.0
2015-08-14,42929500.0,3226400.0,21473400.0,1072100.0
2015-08-17,40884700.0,2249600.0,21099700.0,1051700.0
2015-08-18,34560700.0,2018300.0,23574100.0,1456100.0
2015-08-19,48286500.0,4206400.0,31485500.0,2134100.0
2015-08-20,68501600.0,4011500.0,36238200.0,2855300.0
2015-08-21,128275500.0,7362100.0,70053100.0,4265200.0
2015-08-24,162206300.0,10189700.0,88753700.0,5770300.0
2015-08-25,103601600.0,7073200.0,70616600.0,3538000.0
2015-08-26,96774600.0,6221800.0,63408000.0,4235900.0
2015-08-27,84616100.0,4976600.0,50943200.0,3491300.0
2015-08-28,53164400.0,4076300.0,28246700.0,1978700.0
2015-08-31,56229300.0,4093100.0,34441700.0,2176700.0
2015-09-01,76845900.0,5272000.0,49688900.0,3702100.0
2015-09-02,61888800.0,4252000.0,37671500.0,2575600.0
2015-09-03,53233900.0,3603500.0,28285200.0,1759600.0
2015-09-04,49996300.0,4201100.0,37138800.0,2089000.0
2015-09-08,54843600.0,3933300.0,32469800.0,2279500.0
2015-09-09,85010800.0,3407800.0,33469500.0,1702100.0
2015-09-10,62892800.0,3461700.0,31366600.0,1905300.0
2015-09-11,49915500.0,3115100.0,27132500.0,1373500.0
2015-09-14,58363400.0,3226700.0,23656000.0,1702300.0
2015-09-15,43341200.0,2717100.0,28882200.0,2084400.0
2015-09-16,37173500.0,2799200.0,23372200.0,1286500.0
2015-09-17,64112600.0,4003000.0,32768200.0,2274700.0
2015-09-18,74285300.0,7975800.0,63143700.0,5133400.0
2015-09-21,50222000.0,3825000.0,26177200.0,1788500.0
2015-09-22,50346200.0,3564100.0,28085900.0,2562900.0
2015-09-23,35756700.0,2674200.0,17145200.0,1470900.0
2015-09-24,50219500.0,3280300.0,27905600.0,2240100.0
2015-09-25,56151900.0,3474400.0,29384600.0,2174000.0
2015-09-28,52109000.0,4317300.0,27613800.0,3127700.0
2015-09-29,73365400.0,4763500.0,32763600.0,2309500.0
2015-09-30,66473000.0,3946200.0,34958900.0,2413400.0
2015-10-01,63929100.0,3880900.0,28657900.0,1867600.0
2015-10-02,58019800.0,3054400.0,41839000.0,2684800.0
2015-10-05,52064700.0,5131800.0,34369300.0,1803600.0
2015-10-06,48196800.0,3018100.0,27017200.0,2166300.0
2015-10-07,46765600.0,2980800.0,27711500.0,2092700.0
2015-10-08,61979600.0,4794400.0,33772700.0,2182100.0
2015-10-09,52766100.0,3531100.0,28600600.0,1648700.0
2015-10-12,30467200.0,3227600.0,19769100.0,1275200.0
2015-10-13,33049300.0,3915700.0,19987800.0,1807700.0
2015-10-14,44462400.0,3353000.0,24697800.0,1415500.0
2015-10-15,37673500.0,3476200.0,27189400.0,1885700.0
2015-10-16,39232600.0,3483700.0,26450300.0,1611100.0
2015-10-19,29759200.0,7954700.0,29387600.0,1477300.0
2015-10-20,48967800.0,16025600.0,30802200.0,2498200.0
2015-10-21,41795200.0,6990600.0,25144300.0,1791100.0
2015-10-22,41654100.0,5583200.0,56637100.0,4071000.0
2015-10-23,59366900.0,5370400.0,135227100.0,6653900.0
2015-10-26,66333800.0,3489400.0,64633300.0,2716600.0
2015-10-27,69884400.0,15008500.0,50999900.0,2245800.0
2015-10-28,85551400.0,8511400.0,47000800.0,2178900.0
2015-10-29,51227300.0,3710400.0,30202100.0,1456000.0
2015-10-30,49365300.0,3984000.0,46619800.0,1908800.0
2015-11-02,32203300.0,3822200.0,30285000.0,1886300.0
2015-11-03,45519000.0,4349400.0,36596900.0,1565400.0
2015-11-04,44886100.0,3516900.0,37087800.0,1706700.0
2015-11-05,39552700.0,5096900.0,31468500.0,1861600.0
2015-11-06,33042300.0,4744900.0,32851200.0,1511600.0
2015-11-09,33871400.0,8075600.0,32513100.0,2069800.0
2015-11-10,59127900.0,4520800.0,55283700.0,1608000.0
2015-11-11,45218000.0,3164800.0,36516300.0,1366400.0
2015-11-12,32525600.0,4701400.0,35361100.0,1837200.0
2015-11-13,45812400.0,4613800.0,36848200.0,2075500.0
2015-11-16,38106700.0,4190800.0,32165200.0,1905900.0
2015-11-17,27616900.0,2815100.0,31551300.0,1510900.0
2015-11-18,46674700.0,4149200.0,29710000.0,1684300.0
2015-11-19,43295800.0,4753600.0,28149200.0,1327100.0
2015-11-20,34287100.0,5176400.0,37147600.0,2212300.0
2015-11-23,32482500.0,5137900.0,28235900.0,1414500.0
2015-11-24,42803200.0,3407700.0,24600000.0,2333100.0
2015-11-25,21388300.0,3238200.0,21005100.0,1122100.0
2015-11-27,13046400.0,1415800.0,9009100.0,838500.0
2015-11-30,39180300.0,4545600.0,56241400.0,2097600.0
2015-12-01,34852400.0,4195100.0,39952800.0,2134600.0
2015-12-02,33386600.0,3725400.0,47274900.0,2230400.0
2015-12-03,41569500.0,5909600.0,38627800.0,2590600.0
2015-12-04,57777000.0,4571600.0,43963700.0,2757300.0
2015-12-07,32084200.0,3279400.0,30709800.0,1812300.0
2015-12-08,34309500.0,3905200.0,32878000.0,1829500.0
2015-12-09,46361400.0,4615000.0,36373200.0,2700000.0
2015-12-10,29212700.0,4222300.0,31775800.0,1988400.0
2015-12-11,46886200.0,5333800.0,39549500.0,2224400.0
2015-12-14,64318700.0,5143800.0,46768900.0,2412500.0
2015-12-15,53323100.0,4238500.0,39843000.0,2666200.0
2015-12-16,56238500.0,4345500.0,37503300.0,1993300.0
2015-12-17,44772800.0,4089500.0,41280900.0,1553400.0
2015-12-18,96453300.0,10026100.0,84684200.0,3148700.0
2015-12-21,47590600.0,5617500.0,37246300.0,1525700.0
2015-12-22,32789400.0,4263800.0,28322200.0,1365400.0
2015-12-23,32657400.0,5164900.0,27279800.0,1565900.0
2015-12-24,13570400.0,1495200.0,9558500.0,527200.0
2015-12-28,26704200.0,3143400.0,22458300.0,1515300.0
2015-12-29,30931200.0,3943700.0,27731400.0,1765000.0
2015-12-30,25213800.0,2989400.0,21704500.0,1293300.0
2015-12-31,40912300.0,3462100.0,27334100.0,1500900.0
2016-01-04,67649400.0,5229400.0,53778000.0,3272800.0
2016-01-05,55791000.0,3924800.0,34079700.0,1950700.0
2016-01-06,68457400.0,4310900.0,39518900.0,1947000.0
2016-01-07,81094400.0,7025800.0,56564900.0,2963700.0
2016-01-08,70798000.0,4762700.0,48754000.0,2450900.0
2016-01-11,49739400.0,4974400.0,36943800.0,2090600.0
2016-01-12,49154200.0,5078700.0,36095500.0,2024500.0
2016-01-13,62439600.0,4700100.0,66883600.0,2501700.0
2016-01-14,63170100.0,5709600.0,52381900.0,2225800.0
2016-01-15,79833900.0,9008500.0,71820700.0,3608100.0
2016-01-19,53087700.0,9979600.0,43564500.0,2268100.0
2016-01-20,72334400.0,16157800.0,63273000.0,3445000.0
2016-01-21,52161500.0,8851600.0,40191200.0,2412200.0
2016-01-22,65800500.0,9238400.0,37555800.0,2011800.0
2016-01-25,51794500.0,5446000.0,34707700.0,1711700.0
2016-01-26,75077000.0,4617800.0,28900800.0,1331700.0
2016-01-27,133369700.0,5026400.0,36775200.0,2194200.0
2016-01-28,55678800.0,3942500.0,62513800.0,2676400.0
2016-01-29,64416500.0,8248100.0,83611700.0,3474300.0
2016-02-01,40943500.0,3574900.0,44208500.0,5139200.0
2016-02-02,37357200.0,3287300.0,56313800.0,6348100.0
2016-02-03,45964300.0,6223500.0,57559800.0,6171000.0
2016-02-04,46471700.0,5266500.0,46987100.0,5168700.0
2016-02-05,46418100.0,7177700.0,62009000.0,5105700.0
2016-02-08,54021400.0,7364000.0,59290500.0,4247400.0
2016-02-09,44331200.0,5957200.0,46740500.0,3608900.0
2016-02-10,42343600.0,6469100.0,38237000.0,2638000.0
2016-02-11,50074700.0,7307600.0,48878600.0,3024000.0
2016-02-12,40351400.0,4936500.0,34243300.0,2141400.0
2016-02-16,49057900.0,4061400.0,37291200.0,2520000.0
2016-02-17,44863200.0,4821000.0,40789000.0,2492600.0
2016-02-18,39021000.0,9951600.0,27176000.0,1883200.0
2016-02-19,35374200.0,5125300.0,33559100.0,1589300.0
2016-02-22,34280800.0,4457400.0,25008300.0,1949800.0
2016-02-23,31942600.0,3439700.0,28895300.0,2009300.0
2016-02-24,36255700.0,4122600.0,33014500.0,1963600.0
2016-02-25,27582700.0,4358300.0,26939500.0,1642200.0
2016-02-26,28991100.0,4386200.0,35975900.0,2243500.0
2016-02-29,35216300.0,4428000.0,31654000.0,2481100.0
2016-03-01,50407100.0,3788500.0,33024500.0,2151400.0
2016-03-02,33169600.0,5217200.0,29289900.0,1629000.0
2016-03-03,36955700.0,5156400.0,24427800.0,1958000.0
2016-03-04,46055100.0,3968400.0,33034200.0,1972100.0
2016-03-07,35828900.0,5171000.0,38407800.0,2985100.0
2016-03-08,31561900.0,5579100.0,33835100.0,2076300.0
2016-03-09,27201700.0,4406500.0,28251600.0,1421500.0
2016-03-10,33513600.0,4020600.0,38387800.0,2833500.0
2016-03-11,27408200.0,4421900.0,32275700.0,1970800.0
2016-03-14,25076100.0,4048800.0,24083600.0,1718300.0
2016-03-15,40067700.0,3707500.0,21104800.0,1721000.0
2016-03-16,38303500.0,4221900.0,31691700.0,1624400.0
2016-03-17,34420700.0,5821600.0,28223900.0,1860800.0
2016-03-18,44205200.0,12089700.0,67625500.0,2980700.0
2016-03-21,35502700.0,3721600.0,23925700.0,1836500.0
2016-03-22,32444400.0,4081900.0,23124100.0,1269700.0
2016-03-23,25703500.0,4764200.0,20129000.0,1432100.0
2016-03-24,26133000.0,5044500.0,19950000.0,1594900.0
2016-03-28,19411400.0,3265100.0,17025100.0,1301300.0
2016-03-29,31190100.0,3138500.0,23924300.0,1903800.0
2016-03-30,45601100.0,3331200.0,23008300.0,1782400.0
2016-03-31,25888400.0,6780600.0,26360500.0,1718800.0
2016-04-01,25874000.0,3925500.0,24399200.0,1576700.0
2016-04-04,37356200.0,3931200.0,18928800.0,1134200.0
2016-04-05,26578700.0,3337000.0,19272300.0,1132300.0
2016-04-06,26404100.0,4194600.0,21188700.0,1053700.0
2016-04-07,31801900.0,3663000.0,19225100.0,1453200.0
2016-04-08,23581700.0,3293800.0,22167200.0,1290800.0
2016-04-11,29407500.0,3846100.0,21414200.0,1220100.0
2016-04-12,27232300.0,3595800.0,24944300.0,1353000.0
2016-04-13,33257300.0,3168400.0,20818000.0,1707100.0
2016-04-14,25473900.0,3176500.0,20877100.0,1135300.0
2016-04-15,46939000.0,3657600.0,28793800.0,1809300.0
2016-04-18,60821500.0,6581700.0,23786000.0,1558800.0
2016-04-19,32384900.0,13190200.0,29596800.0,2030500.0
2016-04-20,30611000.0,6754300.0,36195700.0,1529200.0
2016-04-21,31552500.0,6017700.0,38909100.0,3060500.0
2016-04-22,33683100.0,5191900.0,126834100.0,5951900.0
2016-04-25,28031600.0,2848900.0,33226900.0,1959200.0
2016-04-26,56016200.0,2979800.0,33532600.0,2744600.0
2016-04-27,114602100.0,3111200.0,43369300.0,3098600.0
2016-04-28,82242700.0,3791500.0,43134800.0,2867300.0
2016-04-29,68531500.0,4225800.0,48411700.0,2487700.0
2016-05-02,48160100.0,3502400.0,33114500.0,1645300.0
2016-05-03,56831300.0,3584300.0,26460200.0,1543800.0
2016-05-04,41025500.0,2577100.0,24257600.0,1693500.0
2016-05-05,35890500.0,6501200.0,25390700.0,1683500.0
2016-05-06,43699900.0,4895800.0,24787300.0,1829300.0
2016-05-09,32936400.0,4302400.0,17951600.0,1510300.0
2016-05-10,33686800.0,3992700.0,22891000.0,1569600.0
2016-05-11,28719100.0,3093000.0,24039100.0,1692100.0
2016-05-12,76314700.0,3249200.0,24102800.0,1360700.0
2016-05-13,44392800.0,2398000.0,22592300.0,1314500.0
2016-05-16,61259800.0,3069100.0,20032000.0,1317100.0
2016-05-17,46916900.0,3490600.0,27803500.0,2001200.0
2016-05-18,42062400.0,2491100.0,24907500.0,1766800.0
2016-05-19,30442100.0,3685600.0,23842400.0,1670200.0
2016-05-20,32026000.0,3671500.0,23905800.0,1828400.0
2016-05-23,38018600.0,2103800.0,26118700.0,1330700.0
2016-05-24,35140200.0,2929300.0,34757900.0,1929500.0
2016-05-25,38168800.0,4355300.0,24040200.0,1629200.0
2016-05-26,56331200.0,3062900.0,24335200.0,1576300.0
2016-05-27,36341200.0,2457100.0,17721400.0,1975000.0
2016-05-31,42307200.0,5836600.0,37653100.0,2129500.0
2016-06-01,29173300.0,2663400.0,25324800.0,1253600.0
2016-06-02,40191600.0,2642600.0,22840800.0,1341800.0
2016-06-03,28504900.0,2328300.0,23368300.0,1226300.0
2016-06-06,23292500.0,2378700.0,18243300.0,1565300.0
2016-06-07,22409500.0,4465000.0,20866800.0,1336200.0
2016-06-08,20848100.0,2935000.0,21149400.0,1583700.0
2016-06-09,26601400.0,2021800.0,20305700.0,988900.0
2016-06-10,31712900.0,3120600.0,25833200.0,1216400.0
2016-06-13,38020500.0,3610400.0,83217800.0,1258900.0
2016-06-14,31931900.0,2865800.0,42577100.0,1306100.0
2016-06-15,29445200.0,2260400.0,33757600.0,1214500.0
2016-06-16,31326800.0,2449100.0,31188600.0,1982500.0
2016-06-17,61008200.0,4663900.0,45710500.0,3402400.0
2016-06-20,34411900.0,3572100.0,35607900.0,2082500.0
2016-06-21,35546400.0,2760300.0,34097800.0,1465600.0
2016-06-22,29219100.0,2833700.0,28816800.0,1184300.0
2016-06-23,32240200.0,3969400.0,29028800.0,2171400.0
2016-06-24,75311400.0,9082800.0,133503000.0,4449000.0
2016-06-27,45489600.0,5017900.0,50216300.0,2629000.0
2016-06-28,40444900.0,3997700.0,38140700.0,2173800.0
2016-06-29,36531000.0,3367700.0,31304000.0,1932600.0
2016-06-30,35836400.0,3967100.0,28527800.0,1597700.0
2016-07-01,26026500.0,2658300.0,21400400.0,1344700.0
2016-07-05,27705200.0,2465200.0,24806400.0,1462600.0
2016-07-06,30949100.0,2569400.0,28167500.0,1411900.0
2016-07-07,25139600.0,2138400.0,19585200.0,1304200.0
2016-07-08,28912100.0,3040600.0,28391000.0,1575200.0
2016-07-11,23794900.0,2833700.0,22269200.0,1111800.0
2016-07-12,24167500.0,3843800.0,27317600.0,1336900.0
2016-07-13,25892200.0,2746400.0,25356800.0,935900.0
2016-07-14,38919000.0,4637600.0,24545500.0,950200.0
2016-07-15,30137000.0,4476800.0,32024400.0,1279300.0
2016-07-18,36493900.0,6729700.0,31433900.0,1295500.0
2016-07-19,23779900.0,7120000.0,53336500.0,1227500.0
2016-07-20,26276000.0,4376300.0,89893300.0,1289700.0
2016-07-21,32702000.0,3518900.0,32776700.0,1026300.0
2016-07-22,28313700.0,2520100.0,32157200.0,1259800.0
2016-07-25,40382900.0,2804600.0,25610600.0,1032400.0
2016-07-26,56239800.0,2894600.0,28079000.0,1186700.0
2016-07-27,92344800.0,2162700.0,32327500.0,1512500.0
2016-07-28,39869800.0,2340400.0,37550400.0,3530200.0
2016-07-29,27733700.0,3547500.0,30558700.0,3841500.0
2016-08-01,38167900.0,2823600.0,26003400.0,2700500.0
2016-08-02,33816600.0,3080900.0,35122000.0,1784500.0
2016-08-03,30202600.0,2861700.0,22075600.0,1287400.0
2016-08-04,27408700.0,2489100.0,26587700.0,1140300.0
2016-08-05,40553400.0,3812400.0,29335200.0,1801200.0
2016-08-08,28037200.0,3039300.0,19473500.0,1107900.0
2016-08-09,26315200.0,2737500.0,16920700.0,1318900.0
2016-08-10,24008500.0,2466700.0,15756900.0,786400.0
2016-08-11,27484500.0,8768600.0,18162300.0,975100.0
2016-08-12,18660400.0,2543100.0,21655200.0,740500.0
2016-08-15,25868200.0,2970400.0,19283900.0,938200.0
2016-08-16,33794400.0,2210200.0,20523500.0,1028000.0
2016-08-17,25356000.0,3225900.0,18856400.0,924200.0
2016-08-18,21984700.0,3652000.0,14214300.0,719400.0
2016-08-19,25368100.0,2815200.0,17271000.0,861500.0
2016-08-22,25820200.0,2039300.0,15221900.0,951400.0
2016-08-23,21257700.0,2838100.0,18732400.0,928200.0
2016-08-24,23675100.0,3645800.0,18151500.0,1072000.0
2016-08-25,25086200.0,2575000.0,18552600.0,926900.0
2016-08-26,27766300.0,2498900.0,20971200.0,1166700.0
2016-08-29,24970300.0,2475900.0,16417200.0,847600.0
2016-08-30,24863900.0,1813300.0,16930200.0,1130000.0
2016-08-31,29662400.0,2323600.0,20860300.0,1248600.0
2016-09-01,26701500.0,2358400.0,26075400.0,925100.0
2016-09-02,26802500.0,2315400.0,18900500.0,1072700.0
2016-09-06,26880400.0,2994100.0,16278400.0,1442800.0
2016-09-07,42364300.0,2867300.0,17493400.0,893700.0
2016-09-08,53002000.0,3963200.0,20146100.0,1270300.0
2016-09-09,46557000.0,5186000.0,35113900.0,1885500.0
2016-09-12,45292800.0,4367500.0,29303000.0,1311000.0
2016-09-13,62176200.0,3636700.0,30130200.0,1395000.0
2016-09-14,110888700.0,3860600.0,24062500.0,1087400.0
2016-09-15,89983600.0,3645600.0,26847000.0,1305100.0
2016-09-16,79886900.0,6463600.0,44607000.0,2049300.0
2016-09-19,47023000.0,2450100.0,20937100.0,1172800.0
2016-09-20,34514300.0,2159100.0,17384000.0,978600.0
2016-09-21,36003200.0,2473900.0,33707300.0,1167800.0
2016-09-22,31074000.0,2691100.0,19822200.0,1486200.0
2016-09-23,52481200.0,2702200.0,19955300.0,1411900.0
2016-09-26,29869400.0,2533300.0,21688700.0,1533200.0
2016-09-27,24607400.0,2987200.0,28065100.0,1153200.0
2016-09-28,29641100.0,3310000.0,20536400.0,1109800.0
2016-09-29,35887000.0,3374800.0,25463500.0,1314700.0
2016-09-30,36379100.0,3596900.0,29910800.0,1585300.0
2016-10-03,21701800.0,2227800.0,19189500.0,1278800.0
2016-10-04,29736800.0,2884100.0,20085900.0,1201400.0
2016-10-05,21453100.0,1684500.0,16726400.0,1461200.0
2016-10-06,28779300.0,1950100.0,16212600.0,1070700.0
2016-10-07,24358400.0,2671900.0,20089000.0,933200.0
2016-10-10,36236000.0,2481300.0,18196500.0,1174900.0
2016-10-11,64041000.0,2901300.0,26497400.0,1372500.0
2016-10-12,37586800.0,2964000.0,22177500.0,937400.0
2016-10-13,35192400.0,2909900.0,25313700.0,1365300.0
2016-10-14,35652200.0,4358200.0,27402500.0,852500.0
2016-10-17,23624900.0,5890400.0,23830000.0,1093000.0
2016-10-18,24553500.0,12770600.0,19149500.0,2056900.0
2016-10-19,20034600.0,4632900.0,22878400.0,1766800.0
2016-10-20,24125800.0,4023100.0,49455600.0,1757500.0
2016-10-21,23192700.0,4414200.0,80032200.0,1266200.0
2016-10-24,23538700.0,2666700.0,54067000.0,1697500.0
2016-10-25,48129000.0,2647500.0,35137200.0,1576400.0
2016-10-26,66134200.0,2811700.0,29911600.0,1647700.0
2016-10-27,34562000.0,4229300.0,28479900.0,2749200.0
2016-10-28,37861700.0,3654500.0,33574700.0,4269900.0
2016-10-31,26419400.0,3553200.0,26434700.0,2427300.0
2016-11-01,43825800.0,3191900.0,24533000.0,2406400.0
2016-11-02,28331700.0,3074400.0,22147000.0,1872400.0
2016-11-03,26932600.0,2878800.0,21600400.0,1943200.0
2016-11-04,30837000.0,2470400.0,28697000.0,2134800.0
2016-11-07,32560000.0,3804900.0,31664800.0,1585100.0
2016-11-08,24254200.0,3921900.0,22935400.0,1366900.0
2016-11-09,59176400.0,5403700.0,49632500.0,2607100.0
2016-11-10,57134500.0,7715800.0,57822400.0,4745200.0
2016-11-11,34143900.0,4446600.0,38767800.0,2431800.0
2016-11-14,51175500.0,5196500.0,41328400.0,3654400.0
2016-11-15,32264500.0,3477000.0,35904100.0,2384000.0
2016-11-16,58840500.0,2252800.0,27332500.0,1472600.0
2016-11-17,27632000.0,2261200.0,32132700.0,1304000.0
2016-11-18,28428900.0,2981600.0,27686300.0,1547100.0
2016-11-21,29264600.0,4637100.0,19652600.0,1330600.0
2016-11-22,25965500.0,2770800.0,23206700.0,1593100.0
2016-11-23,27426400.0,2252700.0,21848900.0,1478400.0
2016-11-25,11475900.0,1605300.0,8409600.0,587400.0
2016-11-28,27194000.0,4449400.0,20732600.0,2188200.0
2016-11-29,28528800.0,3148200.0,22366700.0,1616600.0
2016-11-30,36162300.0,4397800.0,34655400.0,2392900.0
2016-12-01,37086900.0,4635700.0,34542100.0,3017900.0
2016-12-02,26528000.0,2740900.0,25515700.0,1452500.0
2016-12-05,34324500.0,3447100.0,23552700.0,1394200.0
2016-12-06,26195500.0,2859000.0,19907000.0,1690700.0
2016-12-07,29998700.0,4435100.0,30809000.0,1761000.0
2016-12-08,27068300.0,3266400.0,21220800.0,1488100.0
2016-12-09,34402600.0,3146900.0,27349400.0,1821900.0
2016-12-12,26374400.0,3392300.0,20198100.0,2104100.0
2016-12-13,43733800.0,5932300.0,35718900.0,2145200.0
2016-12-14,34031800.0,4124200.0,30352700.0,1704200.0
2016-12-15,46524500.0,3388600.0,27669900.0,1626500.0
2016-12-16,44351100.0,7120600.0,42453100.0,2443800.0
2016-12-19,27779400.0,2955900.0,34338200.0,1232100.0
2016-12-20,21425000.0,2174600.0,26028400.0,951000.0
2016-12-21,23783200.0,3575700.0,17096300.0,1211300.0
2016-12-22,26085900.0,2802600.0,22176600.0,972200.0
2016-12-23,14249500.0,1701200.0,12403800.0,623400.0
2016-12-27,18296900.0,1397500.0,11763200.0,789100.0
2016-12-28,20905900.0,1757500.0,14653300.0,1153800.0
2016-12-29,15039500.0,1663500.0,10250600.0,744300.0
2016-12-30,30586300.0,2952800.0,25579900.0,1770000.0
2017-01-03,28781900.0,2934300.0,20694100.0,1657300.0
2017-01-04,21118100.0,3381400.0,21340000.0,1073000.0
2017-01-05,22193600.0,2682300.0,24876000.0,1335200.0
2017-01-06,31751900.0,2945500.0,19922900.0,1640200.0
2017-01-09,33561900.0,3189900.0,20382700.0,1274600.0
2017-01-10,24462100.0,4118700.0,18593000.0,1176800.0
2017-01-11,27588600.0,3599500.0,21517300.0,1065900.0
2017-01-12,27086200.0,2927500.0,20968200.0,1353100.0
2017-01-13,26111900.0,2875400.0,19422300.0,1099200.0
2017-01-17,34439800.0,3315700.0,20664000.0,1362100.0
2017-01-18,23713000.0,4007800.0,19670100.0,1294400.0
2017-01-19,25597300.0,6963400.0,18451700.0,919300.0
2017-01-20,32597900.0,12690000.0,30213500.0,1670000.0
2017-01-23,22050200.0,5478200.0,23097600.0,1963600.0
2017-01-24,23211000.0,6952400.0,24672900.0,1474000.0
2017-01-25,32377600.0,5922500.0,23672700.0,1494500.0
2017-01-26,26337600.0,3063900.0,43554600.0,2973900.0
2017-01-27,20562900.0,3482300.0,44818000.0,2965800.0
2017-01-30,30377500.0,4094800.0,31651400.0,3246600.0
2017-01-31,49201000.0,4139000.0,25270500.0,2160600.0
2017-02-01,111985000.0,2795700.0,39671500.0,2029700.0
2017-02-02,33710400.0,2620500.0,45827000.0,1532100.0
2017-02-03,24507300.0,3309300.0,30301800.0,1463400.0
2017-02-06,26845900.0,2650800.0,19796400.0,1184500.0
2017-02-07,38183800.0,3873500.0,20277200.0,1241200.0
2017-02-08,23004100.0,2913100.0,18096400.0,1155300.0
2017-02-09,28349900.0,3090700.0,22644400.0,989700.0
2017-02-10,20065500.0,2930700.0,18170700.0,1135000.0
2017-02-13,23035400.0,3093400.0,22920100.0,1213300.0
2017-02-14,33226200.0,2776500.0,23108400.0,1054700.0
2017-02-15,35623100.0,2914300.0,17005200.0,1313600.0
2017-02-16,22584600.0,3251500.0,20546300.0,1287600.0
2017-02-17,22198200.0,3552500.0,21248800.0,1611000.0
2017-02-21,24507200.0,4480300.0,20655900.0,1262300.0
2017-02-22,20836900.0,3020500.0,19292700.0,982900.0
2017-02-23,20788200.0,2282500.0,20273100.0,1472800.0
2017-02-24,21776600.0,3300100.0,21796800.0,1392200.0
2017-02-27,20257400.0,3691300.0,15871500.0,1101500.0
2017-02-28,23482900.0,3273400.0,23239800.0,2260800.0
2017-03-01,36414600.0,3005600.0,26937500.0,1496500.0
2017-03-02,26211000.0,2918200.0,24539600.0,942500.0
2017-03-03,21108100.0,1822000.0,18135900.0,896400.0
2017-03-06,21750000.0,3204400.0,18750300.0,1109000.0
2017-03-07,17446300.0,2980500.0,18521000.0,1037600.0
2017-03-08,18707200.0,3557400.0,21510900.0,989800.0
2017-03-09,22155900.0,5444100.0,19846800.0,1261500.0
2017-03-10,19612800.0,3100300.0,19538200.0,1704000.0
2017-03-13,17421700.0,3482200.0,20100000.0,1223600.0
2017-03-14,15309100.0,3147500.0,14280200.0,779900.0
2017-03-15,25691800.0,3815500.0,24833800.0,1381500.0
2017-03-16,19232000.0,4311800.0,20674300.0,977600.0
2017-03-17,43885000.0,5921000.0,49219700.0,1712300.0
2017-03-20,21542000.0,2476100.0,14598100.0,1231500.0
2017-03-21,39529900.0,3927700.0,26640500.0,2463500.0
2017-03-22,25860200.0,3450500.0,20680000.0,1401500.0
2017-03-23,20346300.0,3740000.0,19269200.0,3487100.0
2017-03-24,22395600.0,3221700.0,22617100.0,1981000.0
2017-03-27,23575100.0,3259000.0,18614700.0,1894300.0
2017-03-28,33374800.0,3523900.0,20080400.0,1620500.0
2017-03-29,29190000.0,3085600.0,13618400.0,1786300.0
2017-03-30,21207300.0,3168300.0,15122800.0,1055300.0
2017-03-31,19661700.0,2913700.0,21040300.0,1401900.0
2017-04-03,19985700.0,4286500.0,20400900.0,1671500.0
2017-04-04,19891400.0,3108900.0,12997400.0,1045400.0
2017-04-05,27717900.0,6238900.0,21448600.0,1555300.0
2017-04-06,21149000.0,3435400.0,18103500.0,1254400.0
2017-04-07,16672200.0,3588300.0,14108500.0,1057300.0
2017-04-10,18933400.0,3789900.0,17952700.0,978900.0
2017-04-11,30379400.0,4891900.0,18791500.0,1079700.0
2017-04-12,20350000.0,3276900.0,17108500.0,900500.0
2017-04-13,17822900.0,3205500.0,17896500.0,1122400.0
2017-04-17,16582100.0,3720200.0,16689300.0,895000.0
2017-04-18,14697500.0,6345500.0,15155600.0,836700.0
2017-04-19,17328400.0,19284300.0,26992800.0,954200.0
2017-04-20,23319600.0,6486800.0,22299500.0,959000.0
2017-04-21,17320900.0,5607800.0,32522600.0,1323600.0
2017-04-24,17134300.0,5320600.0,29770000.0,1372500.0
2017-04-25,18871500.0,4860400.0,30242700.0,1672000.0
2017-04-26,20041200.0,4327800.0,26190800.0,1237200.0
2017-04-27,14246300.0,4122600.0,34971000.0,2026800.0
2017-04-28,20860400.0,4154100.0,39548800.0,3276300.0
2017-05-01,33602900.0,4935300.0,31954400.0,2116000.0
2017-05-02,45352200.0,3208200.0,23906100.0,1587200.0
2017-05-03,45697000.0,3993300.0,28928000.0,1499500.0
2017-05-04,23371900.0,4280600.0,21749400.0,1422100.0
2017-05-05,27327700.0,12521300.0,19128800.0,1911300.0
2017-05-08,48752400.0,7492000.0,18566100.0,1329800.0
2017-05-09,39130400.0,6853000.0,22858400.0,1581800.0
2017-05-10,25805700.0,4999900.0,17977800.0,1173900.0
2017-05-11,27255100.0,5627900.0,28789400.0,835000.0
2017-05-12,32527000.0,3715300.0,18714100.0,1050600.0
2017-05-15,26009700.0,4245500.0,31530300.0,1108100.0
2017-05-16,20048500.0,5513700.0,34956000.0,969500.0
2017-05-17,50767700.0,5191500.0,30548800.0,2362100.0
2017-05-18,33568200.0,3274200.0,25201300.0,1596900.0
2017-05-19,26960800.0,5643000.0,26961100.0,1393000.0
2017-05-22,22966400.0,3302100.0,16237600.0,1120400.0
2017-05-23,19918900.0,2564500.0,15425800.0,1270800.0
2017-05-24,19178000.0,3732400.0,14593900.0,1024800.0
2017-05-25,19235600.0,2582700.0,21854100.0,1660500.0
2017-05-26,21927600.0,2443300.0,19827900.0,1252000.0
2017-05-30,20126900.0,3666000.0,17072800.0,1466700.0
2017-05-31,24451200.0,3543400.0,30436400.0,2448100.0
2017-06-01,16404100.0,2918100.0,21603600.0,1410500.0
2017-06-02,27770700.0,3585700.0,34770300.0,1751000.0
2017-06-05,25331700.0,3975100.0,33316800.0,1252100.0
2017-06-06,26624900.0,3797200.0,31511100.0,1814600.0
2017-06-07,21069600.0,4865700.0,22301800.0,1453900.0
2017-06-08,21250800.0,3709000.0,24588300.0,1481900.0
2017-06-09,64882700.0,4361500.0,49187400.0,3309400.0
2017-06-12,72307300.0,6471500.0,47761700.0,3763500.0
2017-06-13,34165400.0,3523500.0,25258600.0,2013300.0
2017-06-14,31531200.0,3049100.0,25510700.0,1489700.0
2017-06-15,32165400.0,4654300.0,26068700.0,2133100.0
2017-06-16,50361100.0,6742000.0,48345100.0,3094700.0
2017-06-19,32541400.0,4629500.0,23798300.0,1533300.0
2017-06-20,24900100.0,4481700.0,21512200.0,1126000.0
2017-06-21,21265800.0,3959700.0,19891100.0,1202200.0
2017-06-22,19106300.0,2376500.0,22965700.0,941400.0
2017-06-23,35439400.0,3282200.0,27617300.0,1527900.0
2017-06-26,25692400.0,2153500.0,19607000.0,1598400.0
2017-06-27,24761900.0,2386500.0,25215100.0,2579900.0
2017-06-28,22082400.0,2221000.0,25806200.0,2721400.0
2017-06-29,31499400.0,3262200.0,28918700.0,3299200.0
2017-06-30,23024100.0,3571500.0,24161100.0,2090200.0
2017-07-03,14277800.0,2822500.0,16165500.0,1709800.0
2017-07-05,21569600.0,3564400.0,21176300.0,1813900.0
2017-07-06,24128800.0,2757500.0,21117600.0,1424500.0
2017-07-07,19201700.0,2460100.0,16878300.0,1637800.0
2017-07-10,21090600.0,3206200.0,15014500.0,1192800.0
2017-07-11,19781800.0,3447500.0,17460000.0,1113200.0
2017-07-12,24884500.0,3097900.0,17750900.0,1532100.0
2017-07-13,25199400.0,2476100.0,20269800.0,1294700.0
2017-07-14,20132100.0,3256400.0,25868100.0,1053800.0
2017-07-17,23793500.0,4762600.0,21803900.0,1165500.0
2017-07-18,17868800.0,7566800.0,26435300.0,1154000.0
2017-07-19,20923000.0,14293600.0,22416200.0,1224500.0
2017-07-20,17243700.0,7212200.0,42361000.0,1624500.0
2017-07-21,26252600.0,6509500.0,46717100.0,1711000.0
2017-07-24,21493200.0,3877600.0,21394800.0,3248300.0
2017-07-25,18853900.0,4208900.0,22018700.0,4661000.0
2017-07-26,15781000.0,3932400.0,16252200.0,2088300.0
2017-07-27,32476300.0,6430800.0,36844200.0,3213000.0
2017-07-28,17213700.0,3054800.0,18306700.0,1846400.0
2017-07-31,19845900.0,4355700.0,23600100.0,1970100.0
2017-08-01,35368600.0,3219500.0,22132300.0,1277700.0
2017-08-02,69936800.0,3540900.0,26499200.0,1824400.0
2017-08-03,27097300.0,3035400.0,18214400.0,1202500.0
2017-08-04,20559900.0,2549400.0,22579000.0,1082300.0
2017-08-07,21870300.0,4618300.0,18705700.0,1032200.0
2017-08-08,36205900.0,3298700.0,22044600.0,1061600.0
2017-08-09,26131500.0,2925800.0,22213400.0,1192100.0
2017-08-10,40804300.0,4525400.0,24734500.0,1824000.0
2017-08-11,26257100.0,3004000.0,21443700.0,1206800.0
2017-08-14,22122700.0,2248600.0,20096600.0,1064500.0
2017-08-15,29465500.0,4681500.0,19181400.0,883400.0
2017-08-16,27671600.0,3287800.0,18150400.0,1006700.0
2017-08-17,27940600.0,4422100.0,22977500.0,1277200.0
2017-08-18,27428100.0,4152700.0,18761500.0,1342700.0
2017-08-21,26368500.0,3190700.0,17734800.0,943400.0
2017-08-22,21604600.0,2544400.0,14343700.0,1166700.0
2017-08-23,19399100.0,4048300.0,13766500.0,1090200.0
2017-08-24,19818900.0,3592200.0,17098300.0,1270300.0
2017-08-25,25480100.0,2872900.0,12794300.0,1053400.0
2017-08-28,25966000.0,5086000.0,14569700.0,1086500.0
2017-08-29,29516900.0,3009500.0,11478400.0,1185600.0
2017-08-30,27269600.0,2736000.0,16897800.0,1301200.0
2017-08-31,26785100.0,3656400.0,27652800.0,1582600.0
2017-09-01,16591100.0,3351700.0,21736200.0,947400.0
2017-09-05,29468500.0,3097500.0,21556000.0,1326400.0
2017-09-06,21651700.0,3273300.0,16535800.0,1527700.0
2017-09-07,21928500.0,4188200.0,17471200.0,1212700.0
2017-09-08,28611500.0,3366200.0,14703800.0,1011500.0
2017-09-11,31580800.0,4613400.0,17910400.0,1267000.0
2017-09-12,71714000.0,5238100.0,14394900.0,1134400.0
2017-09-13,44907400.0,4101000.0,13380800.0,1102600.0
2017-09-14,23760700.0,3756900.0,15733900.0,1397600.0
2017-09-15,49114600.0,7397200.0,38578400.0,2505400.0
2017-09-18,28269400.0,3019500.0,23307000.0,1306900.0
2017-09-19,20810600.0,3464400.0,16093300.0,936700.0
2017-09-20,52951400.0,5447500.0,21587900.0,1669800.0
2017-09-21,37511700.0,2555600.0,19186100.0,1290600.0
2017-09-22,46645400.0,2792300.0,14111400.0,1052700.0
2017-09-25,44387300.0,5213100.0,24149200.0,1856800.0
2017-09-26,36660000.0,4488600.0,18019600.0,1666900.0
2017-09-27,25504200.0,3502700.0,19565100.0,2239400.0
2017-09-28,22005500.0,2774800.0,10883800.0,1020300.0
2017-09-29,26299800.0,2654700.0,17079100.0,1581000.0
2017-10-02,18698800.0,2973200.0,15304800.0,1283400.0
2017-10-03,16230300.0,2302700.0,12190400.0,888300.0
2017-10-04,20163800.0,2244400.0,13317700.0,952400.0
2017-10-05,21283800.0,2686500.0,21195300.0,1213800.0
2017-10-06,17407600.0,2623200.0,13959800.0,1173900.0
2017-10-09,16262900.0,2682600.0,11386500.0,891400.0
2017-10-10,15617000.0,4032600.0,13944500.0,968400.0
2017-10-11,16905600.0,3702200.0,15388900.0,1693300.0
2017-10-12,16125100.0,3264300.0,16876500.0,1262400.0
2017-10-13,16394200.0,2506600.0,15335700.0,1169800.0
2017-10-16,24121500.0,3052100.0,12380100.0,910500.0
2017-10-17,18997300.0,6372400.0,16824000.0,1290200.0
2017-10-18,16374200.0,30490200.0,13300700.0,1057600.0
2017-10-19,42584200.0,9914200.0,15092800.0,1313600.0
2017-10-20,23974100.0,7868800.0,22866400.0,1183200.0
2017-10-23,21984300.0,5779400.0,20627200.0,1478400.0
2017-10-24,17757200.0,8194700.0,17517200.0,1212200.0
2017-10-25,21207100.0,6921100.0,20410800.0,1211300.0
2017-10-26,17000500.0,4300500.0,32120700.0,2042100.0
2017-10-27,44454200.0,4895200.0,71066700.0,5167700.0
2017-10-30,44700800.0,4210400.0,31756700.0,2085100.0
2017-10-31,36046800.0,4328300.0,27086600.0,1330700.0
2017-11-01,33637800.0,3240200.0,22307400.0,1373400.0
2017-11-02,41393400.0,3397600.0,23992900.0,1049000.0
2017-11-03,59398600.0,4431800.0,17633500.0,1076400.0
2017-11-06,35026300.0,4498400.0,19860900.0,1125200.0
2017-11-07,24361500.0,3701100.0,17939700.0,1112300.0
2017-11-08,24409500.0,4634400.0,18034200.0,1088700.0
2017-11-09,29482600.0,4776500.0,21178400.0,1245200.0
2017-11-10,25145500.0,4307300.0,19397800.0,720000.0
2017-11-13,16982100.0,5107500.0,14196900.0,885800.0
2017-11-14,24782500.0,3758000.0,18801300.0,959200.0
2017-11-15,29158100.0,4773300.0,19383100.0,854000.0
2017-11-16,23637500.0,5446500.0,20962800.0,1129700.0
2017-11-17,21899500.0,4916500.0,22079000.0,1397100.0
2017-11-20,16262400.0,5676500.0,16315000.0,953500.0
2017-11-21,25131300.0,3756200.0,21237500.0,1097000.0
2017-11-22,25588900.0,3213600.0,20553100.0,746300.0
2017-11-24,14026700.0,1193000.0,7425600.0,537000.0
2017-11-27,20716800.0,3374000.0,18265200.0,1307900.0
2017-11-28,26428800.0,3973700.0,21926000.0,1424400.0
2017-11-29,41666400.0,5098700.0,27381100.0,2459400.0
2017-11-30,41527200.0,6500800.0,33054600.0,1724000.0
2017-12-01,39759300.0,5567900.0,29532100.0,1909600.0
2017-12-04,32542400.0,4664300.0,39094900.0,1906400.0
2017-12-05,27350200.0,5068000.0,26152300.0,2067300.0
2017-12-06,28560000.0,3410700.0,26162100.0,1272000.0
2017-12-07,25673300.0,3771100.0,23184500.0,1458200.0
2017-12-08,23355200.0,3520300.0,24489100.0,1290800.0
2017-12-11,35273800.0,4102700.0,22857900.0,1192800.0
2017-12-12,19409200.0,6321800.0,23924100.0,1279500.0
2017-12-13,23818400.0,5661600.0,22062700.0,1282700.0
2017-12-14,20476500.0,4637400.0,19306000.0,1558700.0
2017-12-15,40169300.0,11279900.0,53936700.0,3275900.0
2017-12-18,29421100.0,5092800.0,22283800.0,1554600.0
2017-12-19,27436400.0,4116400.0,23524800.0,1338700.0
2017-12-20,23475600.0,3785700.0,23674900.0,1268600.0
2017-12-21,20949900.0,4153900.0,17990700.0,995700.0
2017-12-22,16349400.0,2990600.0,14145800.0,755100.0
2017-12-26,33185500.0,2479000.0,9891200.0,760600.0
2017-12-27,21498200.0,2149300.0,14678000.0,1271900.0
2017-12-28,16480200.0,2687600.0,10594300.0,837100.0
2017-12-29,25999900.0,3327100.0,18717400.0,887500.0
2018-01-02,25555900.0,4202500.0,22483800.0,1237600.0
2018-01-03,29517900.0,9441600.0,26061400.0,1430200.0
2018-01-04,22434600.0,7556200.0,21912000.0,1004600.0
2018-01-05,23660000.0,5195800.0,23407100.0,1279100.0
2018-01-08,20567800.0,5237500.0,22113000.0,1047600.0
2018-01-09,21584000.0,4341800.0,19484300.0,902500.0
2018-01-10,23959900.0,4174100.0,18652200.0,1042800.0
2018-01-11,18667700.0,3794500.0,17808900.0,978300.0
2018-01-12,25418100.0,5031900.0,24271500.0,1720500.0
2018-01-16,29565900.0,7794200.0,36599700.0,1575300.0
2018-01-17,34386800.0,11710000.0,25621200.0,1202600.0
2018-01-18,31193400.0,14259300.0,24159700.0,1198200.0
2018-01-19,32425100.0,21172500.0,36875000.0,1778200.0
2018-01-22,27108600.0,8480800.0,23601600.0,1618000.0
2018-01-23,32689100.0,7466200.0,23412800.0,1333100.0
2018-01-24,51105100.0,5645000.0,33277500.0,1416600.0
2018-01-25,41529000.0,3302500.0,26383200.0,1480500.0
2018-01-26,39143000.0,3787900.0,29172200.0,2018800.0
2018-01-29,50640400.0,3517000.0,31569900.0,1378900.0
2018-01-30,46048200.0,4902300.0,38635100.0,1556300.0
2018-01-31,32478900.0,4072800.0,48756300.0,1538700.0
2018-02-01,47230800.0,4434200.0,47227900.0,2412100.0
2018-02-02,86593800.0,5251900.0,47867800.0,4857900.0
2018-02-05,72738500.0,8746600.0,51031500.0,3798300.0
2018-02-06,68243800.0,9867700.0,67998600.0,3448000.0
2018-02-07,51608600.0,6149200.0,41107600.0,2369200.0
2018-02-08,54390500.0,6779100.0,55628700.0,2859100.0
2018-02-09,70672600.0,7828300.0,63499100.0,3505900.0
2018-02-12,60819500.0,5881400.0,35720300.0,2057700.0
2018-02-13,32549200.0,4891000.0,26407700.0,1265100.0
2018-02-14,40644900.0,5479000.0,34960900.0,1555800.0
2018-02-15,51147200.0,5623600.0,27823900.0,1843400.0
2018-02-16,40176100.0,4282900.0,30596900.0,1679500.0
2018-02-20,33930500.0,4489600.0,30911700.0,1423100.0
2018-02-21,37471600.0,3728600.0,26922500.0,1512900.0
2018-02-22,30991900.0,4024600.0,24392800.0,1317200.0
2018-02-23,33812400.0,3256100.0,26329200.0,1261000.0
2018-02-26,38162200.0,3610300.0,30199800.0,1559100.0
2018-02-27,38928100.0,4237300.0,25869100.0,1774100.0
2018-02-28,37782100.0,3803500.0,31167300.0,1882600.0
2018-03-01,48802000.0,4039300.0,37135600.0,2515900.0
2018-03-02,38454000.0,3261100.0,32830400.0,2271600.0
2018-03-05,28401400.0,3670600.0,23901600.0,1202200.0
2018-03-06,23788500.0,3685700.0,22175800.0,1532800.0
2018-03-07,31703500.0,4607700.0,26716100.0,1292500.0
2018-03-08,23774100.0,6455600.0,25887800.0,1355100.0
2018-03-09,32185200.0,5022200.0,36937300.0,2128000.0
2018-03-12,32207100.0,5063500.0,26073700.0,2172300.0
2018-03-13,31693500.0,4185600.0,35387800.0,1907200.0
2018-03-14,29368400.0,3631800.0,32132000.0,1291400.0
2018-03-15,22743800.0,3870600.0,27611000.0,1395400.0
2018-03-16,39404700.0,9262700.0,49081300.0,3092000.0
2018-03-19,33446800.0,5482000.0,33344100.0,2805900.0
2018-03-20,19649400.0,4336700.0,23075200.0,1831900.0
2018-03-21,37054900.0,3482200.0,24457100.0,1878900.0
2018-03-22,41490800.0,4746300.0,38604700.0,2667000.0
2018-03-23,41028800.0,4440900.0,44068900.0,2156700.0
2018-03-26,37541200.0,4103900.0,56396800.0,2665100.0
2018-03-27,40922600.0,3883700.0,56569000.0,3095300.0
2018-03-28,41668500.0,3664800.0,52501100.0,3369300.0
2018-03-29,38398500.0,3420000.0,45867500.0,2726800.0
2018-04-02,37586800.0,5150400.0,48515400.0,2680400.0
2018-04-03,30278000.0,4135700.0,37213800.0,2275100.0
2018-04-04,34605500.0,4805300.0,35560000.0,2484700.0
2018-04-05,26933200.0,3185400.0,29771900.0,1363000.0
2018-04-06,35005300.0,3672900.0,38026000.0,1746400.0
2018-04-09,29017700.0,4413200.0,31533900.0,1751600.0
2018-04-10,28408600.0,3806400.0,26812000.0,1974500.0
2018-04-11,22431600.0,3306500.0,24872100.0,1483900.0
2018-04-12,22889300.0,5639400.0,26758900.0,1357000.0
2018-04-13,25124300.0,4057100.0,23346100.0,1223000.0
2018-04-16,21578400.0,4186800.0,20288100.0,1211200.0
2018-04-17,26605400.0,10207500.0,26771000.0,2320300.0
2018-04-18,20754500.0,20381700.0,21043300.0,1344100.0
2018-04-19,34808800.0,8086100.0,23552500.0,1747700.0
2018-04-20,65491100.0,8265600.0,31154400.0,1889700.0
2018-04-23,36515500.0,5315600.0,22331800.0,2341300.0
2018-04-24,33692000.0,4916500.0,34524800.0,4760300.0
2018-04-25,28382100.0,7326400.0,33729300.0,2391100.0
2018-04-26,27963000.0,4265800.0,42529000.0,2079500.0
2018-04-27,35655800.0,3205500.0,48272800.0,1619800.0
2018-04-30,42427400.0,4415500.0,41523600.0,1671300.0
2018-05-01,53569400.0,4433400.0,31408900.0,1427900.0
2018-05-02,66539400.0,5194900.0,27471000.0,1603100.0
2018-05-03,34068200.0,5018600.0,31142500.0,1815100.0
2018-05-04,56201300.0,4402200.0,22531300.0,1938700.0
2018-05-07,42451400.0,3657000.0,24242000.0,1466100.0
2018-05-08,28402800.0,5369100.0,23484600.0,1217700.0
2018-05-09,23211200.0,4196000.0,27327400.0,2032800.0
2018-05-10,27989300.0,3726600.0,22388100.0,1443000.0
2018-05-11,26212200.0,3073200.0,16778300.0,1253700.0
2018-05-14,20778800.0,3216100.0,19454100.0,1518100.0
2018-05-15,23695200.0,4089400.0,24594000.0,1494900.0
2018-05-16,19183100.0,3168700.0,17384700.0,1097300.0
2018-05-17,17294000.0,3147700.0,17246700.0,1043800.0
2018-05-18,18297700.0,2682200.0,17865800.0,1565200.0
2018-05-21,18400800.0,2894700.0,19422500.0,1023200.0
2018-05-22,15240700.0,2284000.0,15441200.0,1090000.0
2018-05-23,20058400.0,3459700.0,21251200.0,1060700.0
2018-05-24,23234000.0,3398700.0,26649300.0,766800.0
2018-05-25,17461000.0,4914300.0,18363900.0,899400.0
2018-05-29,22514100.0,4537600.0,28671000.0,1865100.0
2018-05-30,18690500.0,5118500.0,22158500.0,1138500.0
2018-05-31,27482800.0,6830300.0,34140900.0,3088300.0
2018-06-01,23442500.0,3857500.0,28655600.0,2421600.0
2018-06-04,26266200.0,3035300.0,27281600.0,1889600.0
2018-06-05,21566000.0,2836000.0,23514400.0,1678000.0
2018-06-06,20933600.0,3220100.0,21122900.0,1698200.0
2018-06-07,21347200.0,4316500.0,28232200.0,1520000.0
2018-06-08,26656800.0,5210500.0,22165100.0,1290800.0
2018-06-11,18308500.0,3260000.0,23490900.0,1079300.0
2018-06-12,16911100.0,2640500.0,18325200.0,912000.0
2018-06-13,21638400.0,2968200.0,29492900.0,1506400.0
2018-06-14,21610100.0,3326300.0,25691800.0,1343400.0
2018-06-15,61719200.0,9116000.0,65738600.0,2122500.0
2018-06-18,18484900.0,4286400.0,23586000.0,1413700.0
2018-06-19,33578500.0,3487000.0,28653100.0,1621000.0
2018-06-20,20628700.0,3329900.0,26180800.0,1648500.0
2018-06-21,25711900.0,3887700.0,23198200.0,1238100.0
2018-06-22,27200400.0,5611300.0,38923100.0,1311000.0
2018-06-25,31663100.0,8937100.0,35433300.0,2157300.0
2018-06-26,24569200.0,4139500.0,26897200.0,1563200.0
2018-06-27,25285300.0,4101800.0,31298400.0,1293900.0
2018-06-28,17365200.0,4523700.0,26650700.0,1072400.0
2018-06-29,22737700.0,3710100.0,28053200.0,1315100.0
2018-07-02,17731300.0,3405400.0,19564500.0,1217300.0
2018-07-03,13954800.0,1963200.0,14670300.0,679000.0
2018-07-05,16604200.0,3744700.0,18977400.0,1066700.0
2018-07-06,17485200.0,2849000.0,19234600.0,996100.0
2018-07-09,19756600.0,3904700.0,18212000.0,909000.0
2018-07-10,15939100.0,3777000.0,19293100.0,798400.0
2018-07-11,18831500.0,3526600.0,19644600.0,1120000.0
2018-07-12,18041100.0,3119500.0,24335900.0,1251900.0
2018-07-13,12513900.0,3062600.0,24635200.0,1221900.0
2018-07-16,15043100.0,3468800.0,21786900.0,1055700.0
2018-07-17,15534500.0,5096700.0,25901700.0,1610400.0
2018-07-18,16393400.0,6935300.0,29493900.0,1393600.0
2018-07-19,20286800.0,14655800.0,40171600.0,1276700.0
2018-07-20,20676200.0,6414600.0,56004000.0,1247400.0
2018-07-23,15989400.0,3897900.0,29707000.0,2619200.0
2018-07-24,18697900.0,3891600.0,26316600.0,3318200.0
2018-07-25,16709900.0,3630900.0,30702100.0,2127800.0
2018-07-26,19076000.0,4778000.0,31372100.0,2405600.0
2018-07-27,24024000.0,3749300.0,37005300.0,2130600.0
2018-07-30,21029500.0,3608200.0,34668300.0,1849900.0
2018-07-31,39373000.0,5474200.0,27655200.0,1644700.0
2018-08-01,67935700.0,3388400.0,23628700.0,1567200.0
2018-08-02,62404000.0,3841400.0,26104300.0,1531300.0
2018-08-03,33447400.0,8053600.0,18659600.0,1089600.0
2018-08-06,25425400.0,3913700.0,20265900.0,1081700.0
2018-08-07,25587400.0,3508800.0,16080200.0,1494000.0
2018-08-08,22525500.0,3581100.0,15487500.0,1370300.0
2018-08-09,23492600.0,3093500.0,13677200.0,848600.0
2018-08-10,24611200.0,3003100.0,18183700.0,1108700.0
2018-08-13,25890900.0,2858500.0,18472500.0,997300.0
2018-08-14,20748000.0,2860000.0,16788300.0,1348100.0
2018-08-15,28807600.0,4241500.0,29982800.0,1828800.0
2018-08-16,28500400.0,5250700.0,21384300.0,1343200.0
2018-08-17,35427000.0,2678600.0,18061500.0,1389600.0
2018-08-20,30287700.0,2499700.0,17914200.0,870800.0
2018-08-21,26159800.0,3106900.0,22881900.0,1205600.0
2018-08-22,19018100.0,2389000.0,18000600.0,887400.0
2018-08-23,18883200.0,2220400.0,18167700.0,992600.0
2018-08-24,18476400.0,2776600.0,17234000.0,946600.0
2018-08-27,20525100.0,3491600.0,19662300.0,1156300.0
2018-08-28,22776800.0,2455300.0,19151500.0,1304000.0
2018-08-29,27254800.0,3153800.0,20818000.0,1298900.0
2018-08-30,48793800.0,3340400.0,22798700.0,1331400.0
2018-08-31,43340100.0,3488500.0,23222700.0,1816400.0
2018-09-04,27390100.0,3326200.0,22634600.0,1831000.0
2018-09-05,33333000.0,3126500.0,32872400.0,2061300.0
2018-09-06,34290000.0,4248800.0,23477600.0,1888500.0
2018-09-07,37619800.0,4693100.0,22498600.0,1401300.0
2018-09-10,39516500.0,3618300.0,20727900.0,1115400.0
2018-09-11,35749000.0,3374700.0,24301800.0,1209300.0
2018-09-12,49278700.0,4506700.0,18891100.0,1295500.0
2018-09-13,41706400.0,5346500.0,26055600.0,1431200.0
2018-09-14,31999300.0,3452100.0,19122300.0,944000.0
2018-09-17,37195100.0,3551900.0,20736500.0,1306500.0
2018-09-18,31571700.0,3629400.0,22170900.0,1203600.0
2018-09-19,27123800.0,4246200.0,21728400.0,1191400.0
2018-09-20,26608800.0,5952200.0,23714500.0,1225400.0
2018-09-21,96246700.0,19947500.0,71229700.0,4405600.0
2018-09-24,27693400.0,4265000.0,27334500.0,1271000.0
2018-09-25,24554400.0,4397500.0,22668000.0,977700.0
2018-09-26,23984700.0,7401900.0,19352000.0,1462300.0
2018-09-27,30181200.0,3477600.0,19091300.0,1260800.0
2018-09-28,22929400.0,3305800.0,21647800.0,1380600.0
2018-10-01,23600800.0,3757400.0,18883100.0,1357600.0
2018-10-02,24788200.0,3029900.0,20787200.0,1687900.0
2018-10-03,28654800.0,3315300.0,16648000.0,1256200.0
2018-10-04,32042000.0,4237900.0,34821700.0,2209500.0
2018-10-05,33580500.0,4602200.0,29068900.0,1184300.0
2018-10-08,29663900.0,3239300.0,29640600.0,1932400.0
2018-10-09,26891000.0,3642400.0,26198600.0,1308700.0
2018-10-10,41990600.0,5547700.0,61376300.0,2675700.0
2018-10-11,53124400.0,8710500.0,63904300.0,2949000.0
2018-10-12,40337900.0,6563400.0,47742100.0,2101300.0
2018-10-15,30791000.0,4965500.0,32068100.0,1372400.0
2018-10-16,29184000.0,8695500.0,31610200.0,1928500.0
2018-10-17,22885400.0,19464000.0,26548200.0,1467200.0
2018-10-18,32581300.0,10011700.0,32506200.0,2094500.0
2018-10-19,33078700.0,7791600.0,32785500.0,1267600.0
2018-10-22,28792100.0,5719500.0,26545600.0,1514200.0
2018-10-23,38767800.0,6463600.0,43770400.0,1848700.0
2018-10-24,40925500.0,5710300.0,63897800.0,1982400.0
2018-10-25,29855800.0,10304300.0,61646800.0,2545800.0
2018-10-26,47258400.0,8767000.0,55523100.0,4187600.0
2018-10-29,45935500.0,20450400.0,55162000.0,3880700.0
2018-10-30,36660000.0,21458600.0,65350900.0,3212700.0
2018-10-31,38358900.0,21645000.0,51062400.0,2529800.0
2018-11-01,58323200.0,13626700.0,33384200.0,1482000.0
2018-11-02,91328700.0,10592700.0,37680200.0,1839000.0
2018-11-05,66163700.0,9144600.0,27922100.0,2441400.0
2018-11-06,31882900.0,9597400.0,24340200.0,1233300.0
2018-11-07,33424400.0,12382700.0,37901700.0,2058400.0
2018-11-08,25362600.0,10396400.0,25644100.0,1488200.0
2018-11-09,34365800.0,6961800.0,32039200.0,1343200.0
2018-11-12,51135500.0,5379100.0,33621800.0,1471800.0
2018-11-13,46882900.0,4084400.0,35374600.0,1513700.0
2018-11-14,60801000.0,4762300.0,39495100.0,1565900.0
2018-11-15,46478800.0,5207900.0,38505200.0,1836100.0
2018-11-16,36928300.0,4076300.0,33502100.0,1658100.0
2018-11-19,41925300.0,4131200.0,44773900.0,1858600.0
2018-11-20,67825200.0,6233800.0,64052500.0,2449100.0
2018-11-21,31124200.0,5335800.0,28130600.0,1534300.0
2018-11-23,23624000.0,2334700.0,13823100.0,691500.0
2018-11-26,44998500.0,5011100.0,32336200.0,1942800.0
2018-11-27,41387400.0,4903800.0,29124500.0,1803200.0
2018-11-28,46062500.0,5104500.0,46788500.0,2475400.0
2018-11-29,41770000.0,5200100.0,28123200.0,1468900.0
2018-11-30,39531500.0,7251600.0,33665600.0,2580200.0
2018-12-03,40802500.0,5846400.0,34732800.0,1991200.0
2018-12-04,41344300.0,6000700.0,45197000.0,2345200.0
2018-12-06,43098400.0,6938000.0,49107400.0,2769200.0
2018-12-07,42281600.0,7019600.0,45044900.0,2101200.0
2018-12-10,62026000.0,6549500.0,40801500.0,1807700.0
2018-12-11,47281700.0,5043100.0,42381900.0,1394700.0
2018-12-12,35627700.0,3560500.0,36183000.0,1523800.0
2018-12-13,31898600.0,3993600.0,31333400.0,1329800.0
2018-12-14,40703700.0,4554200.0,47043100.0,1686600.0
2018-12-17,44287900.0,7374500.0,56957300.0,2385400.0
2018-12-18,33841500.0,6290200.0,49319200.0,2192500.0
2018-12-19,49047300.0,6979800.0,68198200.0,2479300.0
2018-12-20,64773000.0,8454400.0,70334200.0,2673500.0
2018-12-21,95744600.0,10386500.0,111242100.0,4596000.0
2018-12-24,37169200.0,3821400.0,43935200.0,1590300.0
2018-12-26,58582500.0,6645800.0,51634800.0,2373300.0
2018-12-27,53117100.0,6045600.0,49498500.0,2109800.0
2018-12-28,42291400.0,5117500.0,38196300.0,1414800.0
2018-12-31,35003500.0,4982800.0,33173800.0,1493300.0
2019-01-02,37039700.0,4239900.0,35329300.0,1532600.0
2019-01-03,91312200.0,4346700.0,42579100.0,1841100.0
2019-01-04,58607100.0,4477800.0,44060600.0,2093900.0
2019-01-07,54777800.0,3751200.0,35656100.0,1981900.0
2019-01-08,41025300.0,4763600.0,31514400.0,1764900.0
2019-01-09,45099100.0,3633700.0,32280800.0,1199300.0
2019-01-10,35780700.0,3910000.0,30067600.0,1456400.0
2019-01-11,27023200.0,3722400.0,28314200.0,1520800.0
2019-01-14,32439200.0,5228700.0,28437100.0,1144300.0
2019-01-15,28710900.0,3507500.0,31587600.0,1463600.0
2019-01-16,30569700.0,3841100.0,29853900.0,1331800.0
2019-01-17,29821200.0,5029900.0,28393000.0,1242700.0
2019-01-18,33751000.0,6008500.0,37427600.0,1955600.0
2019-01-22,30394000.0,10052400.0,32371300.0,1613500.0
2019-01-23,23130600.0,22063700.0,25874300.0,967000.0
2019-01-24,25441500.0,6322900.0,23164800.0,1361300.0
2019-01-25,33535500.0,5707400.0,31225600.0,1119100.0
2019-01-28,26192100.0,5357700.0,29476700.0,1284300.0
2019-01-29,41587200.0,5037100.0,31490500.0,1021800.0
2019-01-30,61109800.0,4500900.0,49471900.0,1279800.0
2019-01-31,40739600.0,4884000.0,55636400.0,1538300.0
2019-02-01,32668100.0,3806000.0,35535700.0,1462200.0
2019-02-04,31495500.0,3966600.0,31315100.0,2576500.0
2019-02-05,36101600.0,5398900.0,27325400.0,3552200.0
2019-02-06,28239600.0,4879700.0,20609800.0,2105600.0
2019-02-07,31741700.0,4379400.0,29760700.0,2044800.0
2019-02-08,23820000.0,3249800.0,21461100.0,1075800.0
2019-02-11,20993400.0,3095100.0,18914100.0,1065200.0
2019-02-12,22283500.0,3317200.0,25056600.0,1609100.0
2019-02-13,22490200.0,4253000.0,18394900.0,1049800.0
2019-02-14,21835700.0,2789400.0,21784700.0,947600.0
2019-02-15,24626800.0,3844100.0,26606900.0,1449800.0
2019-02-19,18972800.0,3385700.0,18038500.0,1046400.0
2019-02-20,26114400.0,3802000.0,21607700.0,1087800.0
2019-02-21,17249700.0,2937300.0,29063200.0,1415100.0
2019-02-22,18913200.0,3113700.0,27763200.0,1049500.0
2019-02-25,21873400.0,3194200.0,23750600.0,1413100.0
2019-02-26,17070200.0,3060400.0,21536700.0,1471300.0
2019-02-27,27835400.0,2530900.0,21487100.0,968400.0
2019-02-28,28215400.0,3457800.0,29083900.0,1542500.0
2019-03-01,25886200.0,3030000.0,23501200.0,1450300.0
2019-03-04,27436200.0,3406900.0,26608000.0,1446000.0
2019-03-05,19737400.0,4250300.0,19538300.0,1443200.0
2019-03-06,20810400.0,2768300.0,17687000.0,1099300.0
2019-03-07,24796400.0,4358800.0,25339000.0,1166600.0
2019-03-08,23999400.0,3773600.0,22818400.0,1212400.0
2019-03-11,32011000.0,3939300.0,26491600.0,1719200.0
2019-03-12,32467600.0,3954700.0,26132700.0,2013100.0
2019-03-13,31032500.0,3173200.0,35513800.0,1435900.0
2019-03-14,23579500.0,2738600.0,30763400.0,1172800.0
2019-03-15,39042900.0,7153700.0,54681100.0,2461800.0
2019-03-18,26219800.0,3268500.0,31207600.0,1292600.0
2019-03-19,31646400.0,3482300.0,37588700.0,1520700.0
2019-03-20,31035200.0,3649500.0,28113300.0,2227400.0
2019-03-21,51034200.0,3605400.0,29854400.0,1204000.0
2019-03-22,42407700.0,3877200.0,33624500.0,1714200.0
2019-03-25,43845300.0,2839800.0,27067100.0,1496800.0
2019-03-26,49800500.0,2553700.0,26097700.0,1901200.0
2019-03-27,29848400.0,3098200.0,22733400.0,1400200.0
2019-03-28,20780400.0,2663900.0,18334800.0,961700.0
2019-03-29,23564000.0,3101400.0,25399800.0,1269900.0
2019-04-01,27862000.0,3984300.0,22789100.0,1252500.0
2019-04-02,22765700.0,2404800.0,18142300.0,827900.0
2019-04-03,23271800.0,2681200.0,22860700.0,1014300.0
2019-04-04,19114300.0,2771100.0,20112800.0,950000.0
2019-04-05,18526600.0,2731800.0,15826200.0,907200.0
2019-04-08,25881700.0,2118200.0,15116200.0,860200.0
2019-04-09,35768200.0,3038500.0,17612000.0,876400.0
2019-04-10,21695300.0,2678000.0,16477200.0,724600.0
2019-04-11,20900800.0,2942000.0,14209100.0,710200.0
2019-04-12,27760700.0,2898900.0,19745100.0,933400.0
2019-04-15,17536600.0,3603200.0,15792600.0,1187400.0
2019-04-16,25696400.0,6301700.0,14071800.0,856300.0
2019-04-17,28906800.0,12525700.0,19300900.0,1221900.0
2019-04-18,24195800.0,4960000.0,27991000.0,1331800.0
2019-04-22,19439500.0,4494000.0,15648700.0,807300.0
2019-04-23,23323000.0,4462200.0,24025500.0,1319900.0
2019-04-24,17540600.0,2774900.0,31257000.0,1018800.0
2019-04-25,18543200.0,2910100.0,38033900.0,1107300.0
2019-04-26,18649100.0,2319800.0,23654900.0,1241400.0
2019-04-29,22204700.0,2958300.0,16324200.0,2499400.0
2019-04-30,46534900.0,4638800.0,24166500.0,6207000.0
2019-05-01,64827300.0,3053700.0,26821700.0,2639200.0
2019-05-02,31996300.0,3541400.0,27350200.0,1944800.0
2019-05-03,20892400.0,2579900.0,24911100.0,1980700.0
2019-05-06,32443100.0,2793300.0,24239800.0,1563900.0
2019-05-07,38763700.0,4726800.0,36017700.0,1551400.0
2019-05-08,26339500.0,3818900.0,28419000.0,1309300.0
2019-05-09,34908600.0,4192700.0,27235800.0,1185700.0
2019-05-10,41208700.0,3977600.0,30915100.0,1314500.0
2019-05-13,57430600.0,4958000.0,33944900.0,1860600.0
2019-05-14,36529700.0,3280400.0,25266300.0,1836600.0
2019-05-15,26544700.0,2551000.0,24722700.0,2289300.0
2019-05-16,33031400.0,3017300.0,30112200.0,1531400.0
2019-05-17,32879100.0,2619100.0,25770500.0,1208600.0
2019-05-20,38612300.0,3264500.0,23706900.0,1353300.0
2019-05-21,28364800.0,2503500.0,15293300.0,1159800.0
2019-05-22,29748600.0,1849800.0,15396500.0,914500.0
2019-05-23,36529700.0,5343400.0,23603800.0,1198900.0
2019-05-24,23714700.0,2596100.0,14123400.0,1112000.0
2019-05-28,27948200.0,4908800.0,23128400.0,1365000.0
2019-05-29,28481200.0,3679000.0,22763100.0,1538200.0
2019-05-30,21218400.0,2741900.0,16829600.0,951900.0
2019-05-31,27043600.0,3539300.0,26646800.0,1507800.0
2019-06-03,40396100.0,4266900.0,37983600.0,5130600.0
2019-06-04,30968000.0,3913500.0,29382600.0,2833500.0
2019-06-05,29773400.0,3161300.0,24926100.0,2168400.0
2019-06-06,22526300.0,2298200.0,21459000.0,1703200.0
2019-06-07,30684400.0,2553400.0,33885600.0,1802400.0
2019-06-10,26220900.0,2911300.0,26477100.0,1464200.0
2019-06-11,26932900.0,3407300.0,23913700.0,1436700.0
2019-06-12,18253200.0,2254700.0,17092500.0,1061000.0
2019-06-13,21674600.0,2955300.0,17200800.0,1057700.0
2019-06-14,18761500.0,2193300.0,17821700.0,1111500.0
2019-06-17,14669100.0,2194100.0,14517800.0,941600.0
2019-06-18,26551000.0,2914700.0,25934500.0,1386700.0
2019-06-19,21124200.0,2382400.0,23744400.0,1338800.0
2019-06-20,21514000.0,3071000.0,33042600.0,1262000.0
2019-06-21,47800600.0,5288700.0,36727900.0,1947600.0
2019-06-24,18220400.0,2186000.0,20628800.0,1395600.0
2019-06-25,21070300.0,2801200.0,33327400.0,1546900.0
2019-06-26,26067500.0,2284600.0,23657700.0,1810900.0
2019-06-27,20899700.0,2149800.0,16557500.0,1004300.0
2019-06-28,31110600.0,6153900.0,30043000.0,1693200.0
2019-07-01,27253000.0,3377700.0,22613500.0,1436300.0
2019-07-02,16916300.0,2409700.0,15226400.0,991600.0
2019-07-03,7740004.0,1235556.0,9351353.0,554168.0
